Have_IP,Have_At,URL_Length,URL_Depth,Redirection,https_Domain,TinyURL,Prefix_Suffix,Domain_Length,Digit_Count,Hyphen_Count,Dot_Count,Common_TLD,Subdomain_Count,Label
0,0,1,1,0,0,0,0,16,0,0,1,1,0,0
0,0,1,1,1,0,0,0,9,0,0,1,0,0,0
0,0,1,1,0,0,0,0,12,0,0,1,1,0,0
0,0,1,3,0,0,0,0,15,0,0,1,0,0,0
0,0,1,3,0,0,0,0,13,0,0,1,1,0,0
0,0,1,4,0,0,1,0,10,0,0,1,1,0,0
0,0,1,2,0,0,0,0,15,0,0,2,0,1,0
0,0,1,6,0,0,0,0,14,0,0,1,1,0,0
0,0,1,2,0,0,0,0,10,0,0,1,1,0,0
0,0,1,5,0,0,0,0,15,0,0,1,1,0,0
0,0,1,5,0,0,0,0,10,0,0,1,1,0,0
0,0,1,3,0,0,0,0,7,0,0,1,0,0,0
0,0,1,4,0,0,0,0,11,0,0,1,1,0,0
0,0,1,3,0,0,0,0,7,0,0,1,1,0,0
0,0,1,6,0,0,0,0,14,0,0,1,1,0,0
0,0,1,3,0,0,0,0,17,0,0,2,1,1,0
0,0,1,3,0,0,0,0,6,0,0,1,0,0,0
0,0,1,4,0,0,1,0,15,0,0,1,1,0,0
0,0,1,2,0,0,0,0,10,0,0,1,0,0,0
0,0,1,2,0,0,0,0,10,0,0,1,0,0,0
0,0,1,1,0,0,0,0,15,3,0,1,1,0,0
0,0,1,4,0,0,0,0,11,0,0,2,0,1,0
0,0,1,2,0,0,0,0,9,0,0,1,0,0,0
0,0,1,2,0,0,0,0,8,0,0,1,1,0,0
0,0,1,1,0,0,0,0,17,0,0,1,1,0,0
0,0,1,2,0,0,0,0,13,0,0,1,0,0,0
0,0,1,3,0,0,0,0,13,0,0,1,1,0,0
0,0,1,2,0,0,0,0,12,0,0,1,1,0,0
0,0,1,3,0,0,0,0,7,0,0,1,1,0,0
0,0,1,7,0,0,0,0,14,0,0,1,1,0,0
0,0,1,2,0,0,0,0,8,0,0,1,1,0,0
0,0,1,1,0,0,0,0,17,0,0,1,1,0,0
0,0,1,3,0,0,1,0,15,0,0,1,1,0,0
0,0,1,6,0,0,0,0,10,0,0,1,1,0,0
0,0,1,4,0,0,0,0,17,0,0,1,1,0,0
0,0,1,4,0,0,1,0,10,0,0,1,1,0,0
0,0,1,10,0,0,0,0,15,0,0,1,1,0,0
0,0,1,3,0,0,0,0,15,0,0,1,1,0,0
0,0,1,4,0,0,0,0,9,0,0,1,1,0,0
0,0,1,3,0,0,1,0,15,0,0,1,1,0,0
0,0,1,1,0,0,0,0,11,0,0,1,1,0,0
0,0,1,5,0,0,0,0,11,0,0,1,1,0,0
0,0,1,3,0,0,0,0,9,0,0,1,0,0,0
0,0,1,2,0,0,0,0,13,0,0,1,1,0,0
0,0,1,3,0,0,0,0,10,0,0,1,0,0,0
0,0,1,1,0,0,0,0,17,0,0,1,1,0,0
0,0,1,2,0,0,0,0,10,0,0,1,0,0,0
0,0,1,6,0,0,0,0,9,0,0,1,0,0,0
0,0,1,3,0,0,0,0,15,0,0,1,0,0,0
0,0,1,4,0,0,0,0,14,0,0,1,0,0,0
0,0,1,10,0,0,0,0,15,0,0,1,1,0,0
0,0,1,2,0,0,0,0,9,2,0,1,0,0,0
0,0,1,1,0,0,0,0,11,0,0,1,1,0,0
0,0,1,3,0,0,0,0,8,0,0,1,1,0,0
0,0,1,1,0,0,0,0,10,0,0,1,1,0,0
0,0,1,3,0,0,0,0,11,0,0,1,1,0,0
0,0,1,5,0,0,0,0,15,0,0,1,1,0,0
0,0,1,1,0,0,0,0,10,0,0,1,0,0,0
0,0,1,1,1,0,1,0,13,0,0,1,1,0,0
0,0,1,3,0,0,1,0,10,0,0,1,1,0,0
0,0,1,3,0,0,0,0,13,0,0,2,0,1,0
0,0,1,1,0,0,0,0,15,0,0,1,1,0,0
0,0,1,3,0,0,0,0,10,0,0,1,1,0,0
0,0,1,3,0,0,0,0,15,0,0,1,1,0,0
0,0,1,4,0,0,0,0,14,0,0,1,1,0,0
0,0,1,2,0,0,0,0,6,0,0,1,1,0,0
0,0,1,2,0,0,0,0,9,2,0,1,0,0,0
0,0,1,4,0,0,1,0,10,0,0,1,1,0,0
0,0,1,4,0,0,0,0,9,0,0,1,1,0,0
0,0,1,3,0,0,0,0,7,0,0,1,1,0,0
0,0,1,2,0,0,0,0,12,0,0,1,1,0,0
0,0,1,2,0,0,0,0,9,0,0,1,1,0,0
0,0,1,3,0,0,0,0,13,0,0,1,0,0,0
0,0,1,2,0,0,0,0,12,0,0,1,1,0,0
0,0,1,6,0,0,0,0,14,0,0,1,1,0,0
0,0,1,3,0,0,0,0,15,0,0,1,0,0,0
0,0,1,3,0,0,0,0,10,0,0,1,1,0,0
0,0,1,5,0,0,0,0,14,0,0,1,1,0,0
0,0,1,2,0,0,0,0,15,0,0,2,0,1,0
0,0,1,3,0,0,0,0,15,0,0,1,1,0,0
0,0,1,4,0,0,1,0,10,0,0,1,1,0,0
0,0,1,4,0,0,0,0,6,0,0,1,1,0,0
0,0,1,4,0,0,0,0,17,0,0,1,1,0,0
0,0,1,3,0,0,0,0,15,0,0,1,0,0,0
0,0,1,5,0,0,0,0,15,0,0,2,0,1,0
0,0,1,6,0,0,0,0,6,0,0,1,0,0,0
0,0,1,6,0,0,0,0,19,0,0,3,0,2,0
0,0,1,5,0,0,0,0,12,2,0,1,1,0,0
0,0,1,2,0,0,0,0,9,2,0,1,0,0,0
0,0,1,4,0,0,0,0,14,0,0,1,1,0,0
0,0,1,2,0,0,0,0,10,0,0,1,1,0,0
0,0,1,1,0,0,0,0,17,0,0,1,1,0,0
0,0,1,1,0,0,0,0,10,0,0,1,0,0,0
0,0,1,4,0,0,0,0,14,0,0,1,0,0,0
0,0,1,2,0,0,0,0,9,0,0,1,0,0,0
0,0,1,5,0,0,0,0,11,0,0,1,1,0,0
0,0,1,3,0,0,0,0,14,0,0,1,1,0,0
0,0,1,4,0,0,0,0,9,0,0,1,1,0,0
0,0,1,9,0,0,0,0,11,0,0,1,0,0,0
0,0,1,2,0,0,0,0,12,0,0,1,1,0,0
0,0,1,2,0,0,0,0,12,0,0,1,1,0,0
0,0,1,3,0,0,0,0,9,0,0,1,0,0,0
0,0,1,1,0,0,0,0,11,0,0,1,0,0,0
0,0,1,1,0,0,0,0,11,0,0,1,0,0,0
0,0,1,10,0,0,0,0,15,0,0,1,1,0,0
0,0,1,2,0,0,0,0,12,0,0,1,1,0,0
0,0,1,4,0,0,0,0,14,0,0,1,1,0,0
0,0,1,1,0,0,0,0,11,0,0,1,1,0,0
0,0,1,2,0,0,0,0,12,0,0,1,1,0,0
0,0,1,6,0,0,0,0,14,0,0,1,1,0,0
0,0,1,4,0,0,0,0,15,0,0,1,1,0,0
0,0,1,5,0,0,0,0,10,0,0,1,1,0,0
0,0,1,2,0,0,0,0,13,0,0,1,1,0,0
0,0,1,1,0,0,0,0,20,0,0,1,1,0,0
0,0,1,3,0,0,0,0,8,0,0,1,1,0,0
0,0,1,2,0,0,0,0,9,0,0,1,1,0,0
0,0,1,2,0,0,0,0,12,0,0,1,1,0,0
0,0,1,4,0,0,0,0,11,0,0,2,0,1,0
0,0,1,14,0,0,0,0,13,0,0,2,0,1,0
0,0,1,1,0,0,0,0,17,0,0,1,1,0,0
0,0,1,6,0,0,0,0,14,0,0,1,1,0,0
0,0,1,1,0,0,0,0,12,0,0,1,0,0,0
0,0,1,5,0,0,0,0,10,0,0,1,1,0,0
0,0,1,2,0,0,0,0,14,0,0,1,1,0,0
0,0,1,3,0,0,0,0,15,0,0,1,0,0,0
0,0,1,3,0,0,1,0,10,0,0,1,1,0,0
0,0,1,3,0,0,0,0,11,0,0,1,1,0,0
0,0,1,3,0,0,0,0,13,0,0,2,0,1,0
0,0,1,4,0,0,0,0,6,0,0,1,1,0,0
0,0,1,5,0,0,0,0,15,0,0,1,1,0,0
0,0,1,3,0,0,0,0,15,0,0,1,1,0,0
0,0,1,6,0,0,0,0,10,0,0,1,1,0,0
0,0,1,2,0,0,0,0,11,0,0,1,1,0,0
0,0,1,2,0,0,0,0,13,0,0,1,1,0,0
0,0,1,3,0,0,0,0,6,0,0,1,0,0,0
0,0,1,2,0,0,0,0,8,0,0,1,1,0,0
0,0,1,5,0,0,0,0,12,2,0,1,1,0,0
0,0,1,5,0,0,0,0,6,0,0,1,0,0,0
0,0,1,3,0,0,0,0,15,0,0,1,0,0,0
0,0,1,2,0,0,0,0,12,0,0,1,1,0,0
0,0,1,1,0,0,0,0,11,0,0,1,1,0,0
0,0,1,2,0,0,0,0,16,0,0,1,1,0,0
0,0,1,8,0,0,0,0,6,0,0,1,0,0,0
0,0,1,4,0,0,0,0,17,0,0,1,1,0,0
0,0,1,5,0,0,0,0,6,0,0,1,0,0,0
0,0,1,7,0,0,1,0,9,0,0,2,0,1,0
0,0,1,3,0,0,1,0,10,0,0,1,1,0,0
0,0,1,4,0,0,0,0,9,0,0,1,1,0,0
0,0,1,4,0,0,0,0,14,0,0,1,1,0,0
0,0,1,10,0,0,0,0,15,0,0,1,1,0,0
0,0,1,6,0,0,0,0,10,0,0,1,1,0,0
0,0,1,4,0,0,0,0,11,0,0,2,0,1,0
0,0,1,2,0,0,0,0,15,0,0,2,0,1,0
0,0,1,5,0,0,0,0,6,0,0,1,0,0,0
0,0,1,6,0,0,0,0,14,0,0,1,1,0,0
0,0,1,3,0,0,0,0,6,0,0,1,0,0,0
0,0,1,4,0,0,0,0,6,0,0,1,0,0,0
0,0,1,3,0,0,0,0,6,0,0,1,0,0,0
0,0,1,3,0,0,0,0,9,0,0,1,1,0,0
0,0,1,4,0,0,0,0,15,0,0,2,0,1,0
0,0,1,5,0,0,0,0,11,0,0,1,1,0,0
0,0,1,3,0,0,0,0,17,0,0,1,1,0,0
0,0,1,5,0,0,0,0,6,0,0,1,0,0,0
0,0,1,3,0,0,0,0,6,0,0,1,0,0,0
0,0,1,5,0,0,0,0,15,0,0,1,1,0,0
0,0,1,4,0,0,0,0,13,0,0,1,0,0,0
0,0,1,10,0,0,0,0,15,0,0,1,1,0,0
0,0,1,5,0,0,0,0,10,0,0,1,1,0,0
0,0,1,6,0,0,0,0,14,0,0,1,1,0,0
0,0,1,2,0,0,0,0,12,0,0,1,1,0,0
0,0,1,10,0,0,0,0,15,0,0,1,1,0,0
0,0,1,3,0,0,0,0,15,0,0,1,0,0,0
0,0,1,3,0,0,0,0,12,0,0,1,1,0,0
0,0,1,1,0,0,0,0,15,0,0,1,1,0,0
0,0,1,4,0,0,0,0,13,0,0,1,1,0,0
0,0,1,8,0,0,0,0,9,0,0,1,1,0,0
0,0,1,2,0,0,0,0,13,0,0,1,1,0,0
0,0,1,10,0,0,0,0,15,0,0,1,1,0,0
0,0,1,6,0,0,0,0,14,0,0,1,1,0,0
0,0,1,5,0,0,0,0,13,0,0,1,1,0,0
0,0,1,2,0,0,0,0,12,0,0,1,1,0,0
0,0,1,4,0,0,0,0,7,0,0,1,1,0,0
0,0,1,1,0,0,0,0,21,0,0,1,1,0,0
0,0,1,1,0,0,1,0,11,0,0,1,1,0,0
0,0,1,2,0,0,0,0,17,0,0,1,1,0,0
0,0,1,3,0,0,0,0,13,0,0,1,1,0,0
0,0,1,2,0,0,0,0,8,0,0,1,1,0,0
0,0,1,1,0,0,0,0,12,0,0,1,1,0,0
0,0,1,3,0,0,0,0,14,0,0,1,1,0,0
0,0,1,3,0,0,0,0,15,0,0,1,0,0,0
0,0,1,1,0,0,0,0,15,0,0,1,1,0,0
0,0,1,7,0,0,0,0,14,0,0,1,1,0,0
0,0,1,10,0,0,0,0,15,0,0,1,1,0,0
0,0,1,2,0,0,0,0,9,0,0,1,0,0,0
0,0,1,4,0,0,0,0,14,0,0,1,1,0,0
0,0,1,2,0,0,0,0,13,0,0,1,1,0,0
0,0,1,5,0,0,0,0,10,0,0,1,1,0,0
0,1,1,2,0,0,0,0,10,0,0,1,1,0,0
0,0,1,2,0,0,0,0,12,0,0,1,1,0,0
0,1,1,8,0,0,0,0,15,0,0,2,0,1,0
0,0,1,7,0,0,0,0,6,0,0,1,0,0,0
0,0,1,10,0,0,0,0,15,0,0,1,1,0,0
0,0,1,1,0,0,0,0,11,0,0,1,1,0,0
0,0,1,10,0,0,0,0,15,0,0,1,1,0,0
0,0,1,1,0,0,0,0,17,0,0,1,1,0,0
0,0,1,2,0,0,0,0,13,0,0,1,1,0,0
0,0,1,2,0,0,0,0,7,0,0,1,0,0,0
0,0,1,4,0,0,0,0,14,0,0,1,0,0,0
0,0,1,2,0,0,0,0,10,0,0,1,1,0,0
0,0,1,4,0,0,0,0,17,0,0,1,1,0,0
0,0,1,4,0,0,0,0,11,0,0,1,1,0,0
0,0,1,1,0,0,0,0,11,0,0,1,0,0,0
0,0,1,1,0,0,0,0,17,0,0,1,1,0,0
0,0,1,4,0,0,0,0,11,0,0,1,1,0,0
0,0,1,6,0,0,0,0,14,0,0,1,1,0,0
0,0,1,2,0,0,0,0,10,0,0,1,0,0,0
0,0,1,3,0,0,0,0,15,0,0,1,0,0,0
0,0,1,3,0,0,1,0,10,0,0,1,1,0,0
0,0,1,1,0,0,0,0,17,0,0,1,1,0,0
0,0,1,4,0,0,0,0,9,0,0,1,1,0,0
0,0,1,4,0,0,0,0,12,0,0,1,1,0,0
0,0,1,7,0,0,0,0,14,0,0,1,1,0,0
0,0,1,4,0,0,0,0,9,0,0,1,1,0,0
0,0,1,3,0,0,0,0,9,0,0,1,0,0,0
0,0,1,8,0,0,0,0,11,0,0,1,1,0,0
0,0,1,3,0,0,0,0,10,0,0,1,0,0,0
0,0,1,4,0,0,0,0,14,0,0,1,1,0,0
0,0,1,1,0,0,0,0,11,0,0,1,1,0,0
0,0,1,7,0,0,0,0,6,0,0,1,0,0,0
0,0,1,3,0,0,0,0,14,0,0,2,0,1,0
0,0,1,5,0,0,0,0,12,2,0,1,1,0,0
0,0,1,2,0,0,0,0,8,0,0,1,1,0,0
0,0,1,3,0,0,0,0,13,0,0,1,1,0,0
0,0,1,3,0,0,0,0,7,0,0,1,1,0,0
0,0,1,7,0,0,0,0,6,0,0,1,0,0,0
0,0,1,2,0,0,0,0,15,0,0,2,0,1,0
0,0,1,4,0,0,0,0,11,0,0,1,1,0,0
0,0,1,2,0,0,0,0,12,0,0,1,1,0,0
0,0,1,2,0,0,0,0,13,0,0,1,1,0,0
0,0,1,3,0,0,0,0,8,4,0,1,0,0,0
0,0,1,6,0,0,0,0,14,0,0,1,1,0,0
0,0,1,2,0,0,0,0,10,0,0,1,1,0,0
0,0,1,10,0,0,0,0,15,0,0,1,1,0,0
0,0,1,1,0,0,0,0,12,0,0,1,1,0,0
0,0,1,3,0,0,0,0,17,0,0,1,1,0,0
0,0,1,6,0,0,0,0,13,0,0,1,1,0,0
0,0,1,3,0,0,0,0,9,0,0,1,0,0,0
0,0,1,3,0,0,0,0,15,0,0,1,0,0,0
0,0,1,2,0,0,0,0,6,0,0,1,1,0,0
0,0,1,3,0,0,1,0,15,0,0,1,1,0,0
0,0,1,10,0,0,0,0,15,0,0,1,1,0,0
0,0,1,1,0,0,0,0,11,0,0,1,1,0,0
0,0,1,2,0,0,0,0,17,0,0,1,1,0,0
0,0,1,1,1,0,0,0,9,0,0,1,0,0,0
0,0,1,4,0,0,0,0,12,0,0,1,1,0,0
0,0,1,4,0,0,0,0,9,0,0,1,1,0,0
0,0,1,3,0,0,1,0,10,0,0,1,1,0,0
0,0,1,6,0,0,0,0,13,0,0,1,1,0,0
0,0,1,3,0,0,0,0,12,0,0,1,1,0,0
0,0,1,3,0,0,0,0,17,0,0,1,1,0,0
0,0,1,2,0,0,0,0,17,0,0,1,1,0,0
0,0,1,2,0,0,0,0,11,0,0,1,0,0,0
0,0,1,5,0,0,0,0,6,0,0,1,0,0,0
0,0,1,6,0,0,0,0,12,0,0,1,1,0,0
0,0,1,2,0,0,1,0,12,0,0,1,1,0,0
0,0,1,3,0,0,1,0,15,0,0,1,1,0,0
0,0,1,6,0,0,0,0,10,0,0,1,1,0,0
0,0,1,1,0,0,0,0,11,0,0,1,1,0,0
0,0,1,5,0,0,0,0,11,0,0,1,1,0,0
0,0,1,3,0,0,0,0,15,0,0,1,0,0,0
0,0,1,1,0,0,0,0,11,0,0,1,0,0,0
0,0,1,4,0,0,0,0,17,0,0,1,1,0,0
0,1,1,2,0,0,0,0,10,0,0,1,1,0,0
0,0,1,3,0,0,0,0,9,0,0,1,1,0,0
0,0,1,1,0,0,0,0,11,0,0,1,0,0,0
0,0,1,2,0,0,0,0,13,0,0,1,1,0,0
0,0,1,1,0,0,0,0,11,0,0,1,1,0,0
0,0,1,2,0,0,0,0,12,0,0,1,1,0,0
0,0,1,4,0,0,0,0,14,0,0,1,1,0,0
0,0,1,3,0,0,0,0,11,0,0,1,1,0,0
0,0,1,1,0,0,0,0,11,0,0,1,1,0,0
0,0,1,7,0,0,1,0,9,0,0,2,0,1,0
0,0,1,3,0,0,0,0,15,0,0,1,0,0,0
0,0,1,2,0,0,0,0,8,0,0,1,1,0,0
0,0,1,2,0,0,0,0,13,0,0,2,0,1,0
0,0,1,3,0,0,0,0,8,4,0,1,0,0,0
0,0,1,5,0,0,0,0,9,0,0,1,0,0,0
0,0,1,2,0,0,0,0,8,0,0,1,1,0,0
0,0,1,2,0,0,0,0,12,0,0,1,1,0,0
0,0,1,2,0,0,0,0,8,0,0,1,1,0,0
0,0,1,2,0,0,0,0,8,0,0,1,1,0,0
0,0,1,1,0,0,0,0,15,3,0,1,1,0,0
0,0,1,3,0,0,0,0,13,0,0,1,1,0,0
0,0,1,2,0,0,0,0,15,0,0,1,1,0,0
0,0,1,6,0,0,0,0,11,0,0,2,1,1,0
0,0,1,6,0,0,0,0,6,0,0,1,0,0,0
0,0,1,3,0,0,0,0,15,0,0,1,1,0,0
0,0,1,3,0,0,0,0,15,0,0,2,0,1,0
0,0,1,1,0,0,0,0,20,0,0,1,1,0,0
0,0,1,2,0,0,0,0,10,0,0,1,1,0,0
0,0,1,3,0,0,0,0,7,0,0,1,1,0,0
0,0,1,1,0,0,0,0,11,0,0,1,1,0,0
0,0,1,3,0,0,0,0,7,0,0,1,1,0,0
0,0,1,4,0,0,0,0,17,0,0,1,1,0,0
0,0,1,1,0,0,0,0,15,3,0,1,1,0,0
0,0,1,4,0,0,0,0,9,0,0,1,1,0,0
0,0,1,2,0,0,0,0,13,0,0,1,1,0,0
0,0,1,3,0,0,0,0,15,0,0,2,0,1,0
0,0,1,14,0,0,0,0,13,0,0,2,0,1,0
0,0,1,2,0,0,0,0,15,0,0,1,1,0,0
0,0,1,2,0,0,0,0,6,0,0,1,1,0,0
0,0,1,8,0,0,0,0,11,0,0,1,1,0,0
0,0,1,10,0,0,0,0,9,0,0,1,1,0,0
0,0,1,1,0,0,0,0,12,0,0,1,0,0,0
0,0,1,3,0,0,0,0,13,0,0,1,1,0,0
0,0,1,4,0,0,0,0,17,0,0,1,1,0,0
0,0,1,3,0,0,0,0,12,0,0,1,1,0,0
0,0,1,10,0,0,0,0,15,0,0,1,1,0,0
0,0,1,2,0,0,0,0,13,0,0,1,0,0,0
0,0,1,4,0,0,0,0,14,0,0,1,1,0,0
0,0,1,2,0,0,0,0,14,0,0,1,1,0,0
0,0,1,4,0,0,0,0,10,0,0,1,0,0,0
0,0,1,1,0,0,0,0,15,0,0,1,1,0,0
0,0,1,4,0,0,0,0,6,0,0,1,0,0,0
0,0,1,3,0,0,0,0,13,0,0,2,0,1,0
0,0,1,3,0,0,0,0,12,0,0,1,1,0,0
0,0,1,2,0,0,0,0,13,0,0,1,1,0,0
0,0,1,4,0,0,0,0,12,0,0,1,1,0,0
0,0,1,1,0,0,0,0,11,0,0,1,0,0,0
0,0,1,4,0,0,0,0,6,0,0,1,0,0,0
0,0,1,1,0,0,0,0,11,0,0,1,1,0,0
0,0,1,7,0,0,0,0,6,0,0,1,0,0,0
0,0,1,2,0,0,0,0,12,0,0,1,1,0,0
0,0,1,7,0,0,0,0,10,0,0,1,0,0,0
0,0,1,2,0,0,1,0,18,0,0,1,1,0,0
0,0,1,2,0,0,0,0,13,0,0,1,1,0,0
0,0,1,2,0,0,0,0,12,0,0,1,1,0,0
0,0,1,7,0,0,0,0,14,0,0,1,1,0,0
0,0,1,1,0,0,0,0,10,0,0,1,0,0,0
0,0,1,2,0,0,0,0,12,0,0,1,1,0,0
0,0,1,2,0,0,0,0,8,0,0,1,1,0,0
0,0,1,5,0,0,0,0,12,0,0,1,1,0,0
0,0,1,1,0,0,0,0,20,0,0,1,1,0,0
0,0,1,5,0,0,0,0,15,0,0,2,0,1,0
0,0,1,3,0,0,0,0,15,0,0,1,0,0,0
0,0,1,3,0,0,0,0,13,0,0,1,0,0,0
0,0,1,4,0,0,0,0,12,0,0,2,0,1,0
0,0,1,2,0,0,0,0,8,0,0,1,1,0,0
0,0,1,2,0,0,0,0,10,0,0,1,0,0,0
0,0,1,3,0,0,0,0,14,0,0,2,0,1,0
0,0,1,5,0,0,0,0,12,2,0,1,1,0,0
0,0,1,3,0,0,0,0,8,0,0,1,1,0,0
0,0,1,2,0,0,0,0,10,0,0,1,1,0,0
0,0,1,3,0,0,0,0,12,0,0,1,1,0,0
0,0,1,2,0,0,0,0,12,0,0,1,0,0,0
0,0,1,3,0,0,0,0,6,0,0,1,0,0,0
0,0,1,3,0,0,0,0,17,0,0,1,1,0,0
0,0,1,9,0,0,0,0,9,0,0,1,1,0,0
0,0,1,10,0,0,0,0,15,0,0,1,1,0,0
0,0,1,2,0,0,0,0,10,0,0,1,0,0,0
0,0,1,2,0,0,0,0,13,0,0,1,1,0,0
0,0,1,3,0,0,0,0,7,0,0,1,1,0,0
0,0,1,2,0,0,0,0,15,0,0,2,0,1,0
0,0,1,7,0,0,1,0,9,0,0,2,0,1,0
0,0,1,4,0,0,0,0,11,0,0,1,1,0,0
0,0,1,3,0,0,0,0,15,0,0,1,1,0,0
0,0,1,4,0,0,0,0,10,0,0,1,0,0,0
0,0,1,4,0,0,0,0,9,0,0,1,1,0,0
0,0,1,2,0,0,0,0,10,0,0,1,1,0,0
0,0,1,3,0,0,0,0,9,0,0,1,1,0,0
0,0,1,2,0,0,0,0,12,0,0,1,1,0,0
0,0,1,5,0,0,0,0,15,0,0,2,0,1,0
0,0,1,4,0,0,0,0,14,0,0,1,1,0,0
0,0,1,2,0,0,1,0,9,0,0,2,0,1,0
0,0,1,1,1,0,0,0,9,0,0,1,0,0,0
0,0,1,2,0,0,0,0,12,0,0,1,1,0,0
0,0,1,4,0,0,0,0,7,0,0,1,1,0,0
0,0,1,3,0,0,1,0,10,0,0,1,1,0,0
0,0,1,7,0,0,0,0,6,0,0,1,0,0,0
0,0,1,3,0,0,0,0,13,0,0,2,0,1,0
0,0,1,4,0,0,0,0,17,0,0,1,1,0,0
0,0,1,4,0,0,0,0,14,0,0,1,1,0,0
0,0,1,3,0,0,0,0,13,0,0,1,1,0,0
0,0,1,2,0,0,0,0,10,0,0,1,1,0,0
0,0,1,1,0,0,0,0,15,0,0,1,1,0,0
0,0,1,4,0,0,0,0,13,0,0,1,1,0,0
0,0,1,2,0,0,0,0,10,0,0,1,1,0,0
0,0,1,3,0,0,0,0,15,0,0,1,1,0,0
0,0,1,4,0,0,0,0,15,0,0,1,1,0,0
0,0,1,3,0,0,0,0,8,0,0,1,1,0,0
0,0,1,2,0,0,0,0,9,0,0,1,0,0,0
0,0,1,1,0,0,0,0,20,0,0,1,1,0,0
0,0,1,2,0,0,0,0,13,0,0,1,1,0,0
0,0,1,1,0,0,0,0,17,0,0,1,1,0,0
0,0,1,8,0,0,0,0,11,0,0,2,1,1,0
0,0,1,3,0,0,0,0,8,0,0,1,1,0,0
0,0,1,2,0,0,0,0,12,0,0,1,1,0,0
0,0,1,3,0,0,0,0,15,0,0,1,0,0,0
0,0,1,2,0,0,0,0,15,0,0,2,0,1,0
0,0,1,3,0,0,0,0,7,0,0,1,0,0,0
0,0,1,3,0,0,0,0,17,0,0,2,1,1,0
0,0,1,2,0,0,0,0,9,0,0,1,0,0,0
0,0,1,3,0,0,0,0,10,0,0,1,1,0,0
0,0,1,1,0,0,0,0,17,0,0,1,1,0,0
0,0,1,1,1,0,0,0,9,0,0,1,0,0,0
0,0,1,3,0,0,0,0,7,0,0,1,0,0,0
0,0,1,5,0,0,0,0,14,0,0,1,1,0,0
0,0,1,3,0,0,0,0,15,0,0,1,0,0,0
0,0,1,1,0,0,0,0,11,0,0,1,1,0,0
0,0,1,4,0,0,0,0,6,0,0,1,1,0,0
0,0,1,2,0,0,0,0,15,0,0,1,1,0,0
0,0,1,2,0,0,0,0,6,0,0,1,1,0,0
0,0,1,3,0,0,0,0,10,0,0,1,1,0,0
0,0,1,1,0,0,0,0,15,3,0,1,1,0,0
0,0,1,2,0,0,0,0,13,0,0,1,1,0,0
0,0,1,2,0,0,0,0,7,1,0,1,1,0,0
0,0,1,5,0,0,0,0,10,0,0,1,1,0,0
0,0,1,2,0,0,1,0,9,0,0,2,0,1,0
0,0,1,3,0,0,0,0,15,0,0,1,1,0,0
0,0,1,4,0,0,0,0,14,0,0,1,1,0,0
0,0,1,3,0,0,1,0,6,0,0,1,1,0,0
0,0,1,3,0,0,0,0,13,0,0,1,1,0,0
0,0,1,3,0,0,0,0,15,0,0,1,0,0,0
0,0,1,5,0,0,0,0,10,0,0,1,1,0,0
0,0,1,2,0,0,0,0,9,0,0,1,0,0,0
0,0,1,1,0,0,0,0,11,0,0,1,0,0,0
0,0,1,4,0,0,0,0,16,1,0,2,0,1,0
0,0,1,3,0,0,0,0,14,0,0,1,1,0,0
0,0,1,3,0,0,0,0,7,0,0,1,1,0,0
0,0,1,1,1,0,1,0,13,0,0,1,1,0,0
0,0,1,3,0,0,0,0,15,0,0,1,0,0,0
0,0,1,3,0,0,0,0,15,0,0,1,1,0,0
0,0,1,1,0,0,0,0,11,0,0,1,1,0,0
0,0,1,3,0,0,0,0,13,0,0,2,0,1,0
0,0,1,1,0,0,0,0,15,3,0,1,1,0,0
0,0,1,2,0,0,0,0,9,2,0,1,0,0,0
0,0,1,3,0,0,0,0,17,0,0,1,1,0,0
0,0,1,3,0,0,0,0,13,0,0,1,0,0,0
0,0,1,2,0,0,0,0,13,0,0,2,0,1,0
0,0,1,4,0,0,0,0,7,0,0,1,1,0,0
0,0,1,6,0,0,0,0,14,0,0,1,1,0,0
0,0,1,1,0,0,0,0,11,0,0,1,1,0,0
0,0,1,6,0,0,0,0,14,0,0,1,1,0,0
0,0,1,2,0,0,0,0,12,0,0,1,1,0,0
0,0,1,4,0,0,1,0,10,0,0,1,1,0,0
0,0,1,3,0,0,0,0,13,0,0,1,0,0,0
0,0,1,5,0,0,0,0,14,0,0,1,1,0,0
0,0,1,3,0,0,1,0,9,3,0,1,1,0,0
0,0,1,2,0,0,0,0,15,0,0,2,0,1,0
0,0,1,1,0,0,0,0,10,0,0,1,0,0,0
0,0,1,1,0,0,0,0,17,0,0,1,1,0,0
0,0,1,4,0,0,0,0,7,0,0,1,1,0,0
0,0,1,4,0,0,0,0,6,0,0,1,1,0,0
0,0,1,1,0,0,0,0,11,0,0,1,0,0,0
0,0,1,1,0,0,0,0,11,0,0,1,1,0,0
0,0,1,7,0,0,0,0,14,0,0,1,1,0,0
0,0,1,3,0,0,0,0,7,0,0,1,1,0,0
0,0,1,3,0,0,0,0,15,0,0,1,1,0,0
0,0,1,3,0,0,0,0,7,0,0,1,1,0,0
0,0,1,3,0,0,0,0,6,0,0,1,0,0,0
0,0,1,2,0,0,0,0,10,0,0,1,1,0,0
0,0,1,3,0,0,0,0,13,0,0,1,0,0,0
0,0,1,1,1,0,0,0,9,0,0,1,0,0,0
0,0,1,2,0,0,0,0,13,0,0,1,1,0,0
0,0,1,3,0,0,0,0,15,0,0,1,1,0,0
0,0,1,3,0,0,0,0,17,0,0,1,1,0,0
0,0,1,3,0,0,1,0,10,0,0,1,1,0,0
0,0,1,1,0,0,0,0,17,0,0,1,1,0,0
0,0,1,2,0,0,0,0,12,0,0,1,1,0,0
0,0,1,3,0,0,0,0,9,0,0,1,1,0,0
0,0,1,4,0,0,0,0,14,0,0,2,0,1,0
0,0,1,3,0,0,0,0,13,0,0,1,0,0,0
0,0,1,4,0,0,0,0,15,0,0,2,0,1,0
0,0,1,2,0,0,0,0,15,0,0,2,0,1,0
0,0,1,2,0,0,0,0,8,0,0,1,1,0,0
0,0,1,2,0,0,0,0,12,0,0,1,1,0,0
0,0,1,3,0,0,1,0,10,0,0,1,1,0,0
0,0,1,6,0,0,0,0,14,0,0,1,1,0,0
0,0,1,4,0,0,0,0,7,0,0,1,1,0,0
0,0,1,3,0,0,0,0,8,0,0,1,1,0,0
0,0,1,3,0,0,1,0,10,0,0,1,1,0,0
0,0,1,3,0,0,0,0,15,0,0,1,0,0,0
0,0,1,2,0,0,0,0,7,0,0,1,0,0,0
0,0,1,4,0,0,0,0,6,0,0,1,0,0,0
0,0,1,2,0,0,0,0,15,0,0,1,1,0,0
0,0,1,5,0,0,0,0,6,0,0,1,0,0,0
0,0,1,2,0,0,0,0,12,0,0,1,1,0,0
0,0,1,6,0,0,0,0,10,0,0,1,1,0,0
0,0,1,5,0,0,0,0,10,0,0,1,1,0,0
0,0,1,2,0,0,0,0,10,0,0,1,0,0,0
0,0,1,3,0,0,0,0,15,0,0,1,1,0,0
0,0,1,6,0,0,0,0,13,0,0,1,1,0,0
0,0,1,1,0,0,0,0,17,0,0,1,1,0,0
0,0,1,3,0,0,0,0,13,0,0,1,1,0,0
0,0,1,4,0,0,1,0,10,0,0,1,1,0,0
0,0,1,5,0,0,0,0,12,0,0,1,1,0,0
0,0,1,5,0,0,0,0,15,0,0,2,0,1,0
0,0,1,3,0,0,0,0,14,0,0,1,0,0,0
0,0,1,4,0,0,1,0,15,0,0,1,1,0,0
0,0,1,6,0,0,0,0,9,0,0,1,0,0,0
0,0,1,3,0,0,0,0,15,0,0,1,0,0,0
0,0,1,6,0,0,0,0,10,3,0,1,1,0,0
0,0,1,4,0,0,0,0,11,0,0,1,1,0,0
0,0,1,2,0,0,0,0,8,0,0,1,1,0,0
0,0,1,3,0,0,0,0,6,0,0,1,0,0,0
0,0,1,4,0,0,0,0,7,0,0,1,1,0,0
0,0,1,2,0,0,0,0,11,0,0,1,1,0,0
0,0,1,4,0,0,0,0,17,0,0,1,1,0,0
0,0,1,2,0,0,0,0,8,0,0,1,1,0,0
0,0,1,3,0,0,0,0,12,0,0,1,1,0,0
0,0,1,5,0,0,0,0,11,0,0,1,1,0,0
0,0,1,2,0,0,0,0,6,0,0,1,0,0,0
0,0,1,4,0,0,0,0,14,0,0,1,1,0,0
0,0,1,5,0,0,0,0,18,0,0,3,0,2,0
0,0,1,3,0,0,0,0,13,0,0,1,0,0,0
0,0,1,2,0,0,1,0,9,0,0,1,1,0,0
0,0,1,3,0,0,0,0,14,0,0,2,1,1,0
0,0,1,3,0,0,0,0,6,0,0,1,0,0,0
0,0,1,4,0,0,1,0,10,0,0,1,1,0,0
0,0,1,7,0,0,1,0,9,0,0,2,0,1,0
0,0,1,4,0,0,0,1,13,0,1,1,1,0,0
0,0,1,4,0,0,1,0,15,0,0,1,1,0,0
0,0,1,3,0,0,0,0,17,0,0,1,1,0,0
0,1,1,2,0,0,0,0,10,0,0,1,1,0,0
0,1,1,2,0,0,0,0,10,0,0,1,1,0,0
0,0,1,2,0,0,0,0,11,0,0,1,1,0,0
0,0,1,5,0,0,0,0,12,2,0,1,1,0,0
0,0,1,3,0,0,0,0,15,0,0,1,0,0,0
0,0,1,4,0,0,0,0,15,0,0,2,0,1,0
0,0,1,3,0,0,0,0,7,0,0,1,1,0,0
0,0,1,2,0,0,0,0,15,0,0,2,0,1,0
0,0,1,2,0,0,0,0,10,0,0,1,0,0,0
0,0,1,4,0,0,0,0,11,0,0,1,1,0,0
0,0,1,3,0,0,0,0,16,0,0,1,1,0,0
0,0,1,3,0,0,0,0,15,0,0,2,0,1,0
0,0,1,4,0,0,0,0,6,0,0,1,1,0,0
0,0,1,5,0,0,0,0,11,0,0,1,1,0,0
0,0,1,2,0,0,0,0,9,0,0,1,0,0,0
0,0,1,2,0,0,0,0,12,0,0,1,1,0,0
0,0,1,1,0,0,0,0,17,0,0,1,1,0,0
0,0,1,4,0,0,0,0,15,0,0,2,0,1,0
0,0,1,3,0,0,0,0,11,0,0,1,0,0,0
0,0,1,1,0,0,0,0,11,0,0,1,1,0,0
0,0,1,3,0,0,0,0,15,0,0,1,0,0,0
0,0,1,4,0,0,0,0,11,0,0,2,0,1,0
0,0,1,4,0,0,1,0,13,0,0,1,1,0,0
0,0,1,3,0,0,0,0,13,0,0,1,1,0,0
0,0,1,10,0,0,0,0,15,0,0,1,1,0,0
0,0,1,1,0,0,0,0,15,3,0,1,1,0,0
0,0,1,2,0,0,0,0,12,0,0,1,1,0,0
0,0,1,6,0,0,0,0,14,0,0,1,1,0,0
0,0,1,8,0,0,0,0,6,0,0,1,0,0,0
0,0,1,3,0,0,0,0,13,0,0,1,1,0,0
0,0,1,3,0,0,0,0,6,0,0,1,0,0,0
0,0,1,5,0,0,0,0,12,2,0,1,1,0,0
0,0,1,2,0,0,0,0,9,2,0,1,0,0,0
0,0,1,2,0,0,0,0,8,0,0,1,1,0,0
0,0,1,3,0,0,0,0,9,0,0,1,1,0,0
0,0,1,4,0,0,0,0,7,0,0,1,1,0,0
0,0,1,4,0,0,0,0,11,0,0,1,1,0,0
0,0,1,2,0,0,1,0,9,0,0,2,0,1,0
0,0,1,2,0,0,0,0,16,0,0,1,1,0,0
0,0,1,1,0,0,0,0,20,0,0,1,1,0,0
0,0,1,5,0,0,0,0,10,0,0,1,1,0,0
0,0,1,3,0,0,0,0,6,0,0,1,0,0,0
0,0,1,3,0,0,0,0,12,0,0,1,1,0,0
0,0,1,3,0,0,0,0,10,0,0,1,0,0,0
0,0,1,5,0,0,0,0,11,0,0,1,1,0,0
0,0,1,6,0,0,0,0,14,0,0,1,1,0,0
0,0,1,2,0,0,0,0,10,0,0,1,1,0,0
0,0,1,2,0,0,0,0,11,0,0,1,1,0,0
0,0,1,3,0,0,0,0,13,0,0,1,1,0,0
0,0,1,2,0,0,0,0,9,2,0,1,0,0,0
0,0,1,2,0,0,0,0,12,0,0,1,1,0,0
0,0,1,2,0,0,0,0,10,0,0,1,0,0,0
0,0,1,6,0,0,0,0,14,0,0,1,1,0,0
0,0,1,3,0,0,0,0,12,0,0,1,1,0,0
0,0,1,2,0,0,0,0,16,0,0,1,1,0,0
0,0,1,3,0,0,0,0,15,0,0,1,1,0,0
0,0,1,2,0,0,0,0,15,0,0,2,0,1,0
0,0,1,2,0,0,0,0,15,0,0,2,0,1,0
0,0,1,4,0,0,0,0,14,0,0,1,1,0,0
0,0,1,4,0,0,0,0,12,0,0,1,1,0,0
0,0,1,2,0,0,0,0,11,0,0,1,1,0,0
0,0,1,2,0,0,0,0,13,0,0,1,1,0,0
0,0,1,1,0,0,0,0,12,0,0,1,0,0,0
0,0,1,4,0,0,0,0,15,0,0,1,1,0,0
0,0,1,3,0,0,0,0,12,0,0,1,1,0,0
0,0,1,3,0,0,1,0,10,0,0,1,1,0,0
0,0,1,1,1,0,1,0,13,0,0,1,1,0,0
0,0,1,1,0,0,0,0,11,0,0,1,1,0,0
0,0,1,3,0,0,0,0,10,0,0,1,0,0,0
0,0,1,1,0,0,0,0,12,0,0,1,0,0,0
0,0,1,2,0,0,0,0,9,2,0,1,0,0,0
0,0,1,4,0,0,0,0,17,0,0,1,1,0,0
0,0,1,9,1,0,0,0,18,0,0,1,1,0,0
0,0,1,4,0,0,0,0,11,0,0,1,1,0,0
0,0,1,1,0,0,0,0,20,0,0,1,1,0,0
0,0,1,5,0,0,0,0,11,0,0,1,1,0,0
0,0,1,3,0,0,0,0,15,0,0,1,0,0,0
0,0,1,2,0,0,0,0,9,0,0,1,0,0,0
0,0,1,1,0,0,0,0,10,0,0,1,0,0,0
0,0,1,3,0,0,0,0,11,0,0,1,1,0,0
0,0,1,4,0,0,0,0,9,0,0,1,1,0,0
0,0,1,4,0,0,0,0,11,0,0,1,1,0,0
0,0,1,1,0,0,0,0,17,0,0,1,1,0,0
0,0,1,2,0,0,0,0,12,0,0,1,1,0,0
0,0,1,3,0,0,0,0,13,0,0,1,1,0,0
0,0,1,9,0,0,0,0,9,0,0,1,1,0,0
0,0,1,1,0,0,0,0,15,0,0,1,1,0,0
0,0,1,4,0,0,0,0,14,0,0,1,1,0,0
0,0,1,1,1,0,1,0,13,0,0,1,1,0,0
0,0,1,2,0,0,0,0,7,1,0,1,1,0,0
0,0,1,3,0,0,0,0,13,0,0,1,1,0,0
0,0,1,2,0,0,0,0,6,0,0,1,1,0,0
0,0,1,1,0,0,0,0,15,0,0,2,0,1,0
0,0,1,7,1,0,0,0,18,0,0,1,1,0,0
0,0,1,4,0,0,0,0,17,0,0,1,1,0,0
0,0,1,3,0,0,0,0,13,0,0,1,0,0,0
0,0,1,4,0,0,0,0,9,0,0,1,1,0,0
0,0,1,1,0,0,0,0,11,0,0,1,1,0,0
0,0,1,3,0,0,0,0,11,0,0,1,1,0,0
0,0,1,6,0,0,0,0,14,0,0,1,1,0,0
0,0,1,5,0,0,0,0,6,0,0,1,0,0,0
0,0,1,2,0,0,0,0,17,0,0,1,1,0,0
0,0,1,1,0,0,0,0,15,3,0,1,1,0,0
0,0,1,7,0,0,0,0,6,0,0,1,0,0,0
0,0,1,2,0,0,0,0,10,0,0,1,1,0,0
0,0,1,2,0,0,0,0,12,0,0,1,1,0,0
0,0,1,4,0,0,0,0,7,0,0,1,1,0,0
0,0,1,2,0,0,0,0,10,0,0,1,1,0,0
0,0,1,2,0,0,0,0,13,0,0,1,1,0,0
0,0,1,4,0,0,0,0,6,0,0,1,1,0,0
0,0,1,2,0,0,0,0,10,0,0,1,1,0,0
0,0,1,5,0,0,0,0,15,0,0,1,0,0,0
0,0,1,5,0,0,0,0,15,0,0,1,1,0,0
0,0,1,4,0,0,0,0,7,0,0,1,1,0,0
0,0,1,6,0,0,0,0,14,0,0,1,1,0,0
0,0,1,5,0,0,0,0,19,0,0,3,0,2,0
0,0,1,9,0,0,0,0,12,0,0,1,1,0,0
0,0,1,3,0,0,0,0,6,0,0,1,0,0,0
0,0,1,4,0,0,0,0,6,0,0,1,1,0,0
0,0,1,3,0,0,0,0,6,0,0,1,0,0,0
0,0,1,4,0,0,0,0,7,0,0,1,1,0,0
0,0,1,3,0,0,0,0,15,0,0,2,0,1,0
0,0,1,3,0,0,1,0,10,0,0,1,1,0,0
0,0,1,6,0,0,0,0,14,0,0,1,1,0,0
0,0,1,4,0,0,0,0,12,0,0,1,1,0,0
0,0,1,6,0,0,0,0,14,0,0,1,1,0,0
0,0,1,1,0,0,0,0,11,0,0,1,0,0,0
0,0,1,3,0,0,0,0,10,0,0,1,1,0,0
0,0,1,4,0,0,0,0,17,0,0,1,1,0,0
0,0,1,1,0,0,0,0,11,0,0,1,1,0,0
0,0,1,10,0,0,0,0,15,0,0,1,1,0,0
0,0,1,5,0,0,0,0,14,0,0,1,1,0,0
0,0,1,5,0,0,0,0,14,0,0,2,0,1,0
0,0,1,7,0,0,0,0,14,0,0,1,1,0,0
0,0,1,3,0,0,0,0,6,0,0,1,0,0,0
0,0,1,1,0,0,0,0,14,0,0,1,1,0,0
0,0,1,1,0,0,0,0,11,0,0,1,1,0,0
0,0,1,5,0,0,0,0,14,0,0,1,1,0,0
0,0,1,3,0,0,0,0,13,0,0,1,1,0,0
0,0,1,3,0,0,1,0,10,0,0,1,1,0,0
0,0,1,3,0,0,0,0,7,0,0,1,1,0,0
0,0,1,2,0,0,0,0,12,0,0,1,1,0,0
0,0,1,6,0,0,0,0,11,0,0,2,1,1,0
0,0,1,4,0,0,0,0,17,0,0,1,1,0,0
0,0,1,1,1,0,0,0,9,0,0,1,0,0,0
0,0,1,4,0,0,0,0,9,0,0,1,1,0,0
0,0,1,3,0,0,0,0,15,0,0,1,1,0,0
0,0,1,1,1,0,0,0,11,0,0,1,1,0,0
0,0,1,3,0,0,0,0,6,3,0,1,0,0,0
0,0,1,1,0,0,0,0,11,0,0,1,0,0,0
0,0,1,3,0,0,0,0,9,0,0,1,0,0,0
0,0,1,2,0,0,0,0,13,0,0,1,1,0,0
0,0,1,5,0,0,0,0,11,0,0,1,1,0,0
0,0,1,2,0,0,0,0,15,0,0,1,1,0,0
0,0,1,2,0,0,0,0,9,0,0,1,0,0,0
0,0,1,3,0,0,0,0,15,0,0,1,0,0,0
0,0,1,6,0,0,0,0,14,0,0,1,1,0,0
0,0,1,3,0,0,0,0,13,0,0,1,1,0,0
0,0,1,6,0,0,0,0,14,0,0,2,0,1,0
0,0,1,2,0,0,0,0,13,0,0,1,1,0,0
0,0,1,3,0,0,0,0,6,0,0,1,0,0,0
0,0,1,5,0,0,0,0,6,0,0,1,0,0,0
0,0,1,1,0,0,0,0,12,0,0,1,1,0,0
0,0,1,4,0,0,0,0,9,0,0,1,1,0,0
0,0,1,5,0,0,0,0,10,0,0,1,1,0,0
0,0,1,4,0,0,0,0,17,0,0,1,1,0,0
0,0,1,3,0,0,0,0,13,0,0,1,1,0,0
0,0,1,2,0,0,0,0,13,0,0,1,0,0,0
0,0,1,2,0,0,1,0,12,0,0,1,1,0,0
0,0,1,2,0,0,0,0,14,0,0,1,1,0,0
0,0,1,6,0,0,0,0,14,0,0,1,1,0,0
0,0,1,3,0,0,1,0,10,0,0,1,1,0,0
0,0,1,5,0,0,1,0,9,0,0,2,0,1,0
0,0,1,5,0,0,0,0,15,0,0,2,0,1,0
0,0,1,5,0,0,0,0,10,0,0,2,1,1,0
0,0,1,3,0,0,0,0,14,0,0,1,1,0,0
0,0,1,2,0,0,0,0,6,0,0,1,1,0,0
0,0,1,6,0,0,0,0,6,0,0,1,0,0,0
0,0,1,2,0,0,0,0,13,0,0,1,0,0,0
0,0,1,5,0,0,0,0,12,2,0,1,1,0,0
0,0,1,2,0,0,0,0,11,0,0,1,1,0,0
0,0,1,5,0,0,0,0,11,1,0,1,1,0,0
0,0,1,6,0,0,0,0,12,0,0,1,1,0,0
0,0,1,4,0,0,0,0,11,0,0,2,0,1,0
0,0,1,2,0,0,0,0,9,0,0,1,0,0,0
0,0,1,5,0,0,0,0,7,0,0,1,0,0,0
0,0,1,1,0,0,0,0,15,0,0,1,1,0,0
0,0,1,3,0,0,1,0,15,0,0,1,1,0,0
0,0,1,2,0,0,0,0,10,0,0,1,1,0,0
0,0,1,3,0,0,1,0,10,0,0,1,1,0,0
0,0,1,3,0,0,1,0,9,3,0,1,1,0,0
0,0,1,3,0,0,0,0,15,0,0,1,1,0,0
0,0,1,7,0,0,0,0,11,0,0,1,1,0,0
0,0,1,2,0,0,0,0,10,0,0,1,0,0,0
0,0,1,2,0,0,0,0,12,0,0,1,1,0,0
0,0,1,4,0,0,0,0,9,0,0,1,1,0,0
0,0,1,5,0,0,0,0,6,0,0,1,0,0,0
0,0,1,2,0,0,0,0,10,0,0,1,1,0,0
0,0,1,2,0,0,0,0,13,0,0,1,0,0,0
0,0,1,2,0,0,0,0,10,0,0,1,0,0,0
0,0,1,2,0,0,0,0,10,0,0,1,1,0,0
0,0,1,7,0,0,0,0,11,0,0,2,1,1,0
0,0,1,2,0,0,0,0,12,0,0,1,1,0,0
0,0,1,2,0,0,0,0,9,0,0,1,0,0,0
0,0,1,3,0,0,0,0,15,0,0,2,0,1,0
0,0,1,1,0,0,0,0,17,0,0,1,1,0,0
0,0,1,3,0,0,1,0,10,0,0,1,1,0,0
0,0,1,4,0,0,0,0,6,0,0,1,1,0,0
0,0,1,6,0,0,0,0,9,0,0,1,0,0,0
0,0,1,3,0,0,0,0,17,0,0,1,1,0,0
0,0,1,2,0,0,0,0,11,0,0,1,1,0,0
0,0,1,2,0,0,0,0,10,0,0,1,1,0,0
0,0,1,3,0,0,0,0,15,0,0,1,0,0,0
0,0,1,2,0,0,0,0,8,0,0,1,1,0,0
0,0,1,3,0,0,0,0,14,0,0,1,0,0,0
0,0,1,2,0,0,0,0,8,0,0,1,1,0,0
0,0,1,2,0,0,0,0,9,0,0,1,0,0,0
0,0,1,3,0,0,0,0,12,0,0,1,1,0,0
0,0,1,4,0,0,0,0,14,0,0,1,1,0,0
0,0,1,2,0,0,0,0,16,0,0,1,1,0,0
0,0,1,3,0,0,0,0,8,0,0,1,1,0,0
0,0,1,1,0,0,0,0,10,0,0,1,0,0,0
0,0,1,2,0,0,0,0,9,2,0,1,0,0,0
0,0,1,2,0,0,0,0,13,0,0,1,0,0,0
0,0,1,3,0,0,0,0,13,0,0,1,1,0,0
0,0,1,1,0,0,0,0,14,0,0,1,1,0,0
0,0,1,2,0,0,0,0,14,0,0,1,1,0,0
0,0,1,2,0,0,0,0,10,0,0,1,1,0,0
0,0,1,3,0,0,0,0,13,0,0,2,0,1,0
0,0,1,1,0,0,0,0,17,0,0,1,1,0,0
0,0,1,4,0,0,0,0,9,0,0,1,1,0,0
0,0,1,5,0,0,0,0,11,0,0,1,1,0,0
0,0,1,3,0,0,0,0,15,0,0,1,0,0,0
0,0,1,3,0,0,0,0,9,0,0,1,0,0,0
0,0,1,5,0,0,0,0,15,0,0,1,1,0,0
0,0,1,3,0,0,0,0,15,0,0,1,0,0,0
0,0,1,3,0,0,0,0,10,0,0,1,0,0,0
0,0,1,3,0,0,0,0,9,0,0,1,1,0,0
0,0,1,4,0,0,0,0,7,0,0,1,1,0,0
0,0,1,2,0,0,0,0,12,0,0,1,1,0,0
0,0,1,3,0,0,0,0,15,0,0,1,0,0,0
0,0,1,4,0,0,0,0,7,0,0,1,1,0,0
0,0,1,1,0,0,0,0,11,0,0,1,1,0,0
0,0,1,4,0,0,0,0,14,0,0,1,1,0,0
0,0,1,2,0,0,0,0,10,0,0,1,0,0,0
0,0,1,3,0,0,0,0,13,0,0,1,1,0,0
0,0,1,4,0,0,0,0,11,0,0,1,1,0,0
0,0,1,5,0,0,0,0,12,2,0,1,1,0,0
0,0,1,3,0,0,0,0,15,0,0,2,0,1,0
0,0,1,4,0,0,0,0,16,1,0,2,0,1,0
0,0,1,3,0,0,0,0,14,0,0,1,1,0,0
0,0,1,2,0,0,0,0,6,0,0,1,1,0,0
0,0,1,1,0,0,0,0,12,0,0,1,1,0,0
0,0,1,4,0,0,0,0,17,0,0,1,1,0,0
0,0,1,1,1,0,0,0,9,0,0,1,0,0,0
0,0,1,4,0,0,0,0,11,0,0,1,1,0,0
0,0,1,2,0,0,0,0,11,0,0,1,1,0,0
0,0,1,2,0,0,0,0,15,0,0,2,0,1,0
0,0,1,2,0,0,0,0,8,0,0,1,1,0,0
0,0,1,3,0,0,0,0,15,0,0,1,0,0,0
0,0,1,1,0,0,0,0,11,0,0,1,1,0,0
0,0,1,4,0,0,0,0,17,0,0,1,1,0,0
0,0,1,4,0,0,0,0,16,1,0,2,0,1,0
0,0,1,2,0,0,0,0,9,0,0,1,0,0,0
0,0,1,6,0,0,0,0,10,0,0,1,1,0,0
0,0,1,3,0,0,0,0,9,0,0,1,1,0,0
0,0,1,3,0,0,0,0,13,0,0,1,1,0,0
0,0,1,3,0,0,0,0,7,0,0,1,1,0,0
0,0,1,6,0,0,0,0,6,0,0,1,0,0,0
0,0,1,2,0,0,0,0,9,0,0,1,0,0,0
0,0,1,2,0,0,0,0,17,0,0,1,1,0,0
0,0,1,3,0,0,0,0,7,0,0,1,1,0,0
0,0,1,2,0,0,0,0,10,0,0,1,0,0,0
0,0,1,2,0,0,0,0,8,0,0,1,1,0,0
0,0,1,6,0,0,0,0,12,0,0,1,1,0,0
0,0,1,1,0,0,0,0,15,3,0,1,1,0,0
0,0,1,3,0,0,1,0,10,0,0,1,1,0,0
0,0,1,5,0,0,0,1,13,0,1,1,1,0,0
0,0,1,3,0,0,0,0,17,0,0,1,1,0,0
0,0,1,7,0,0,0,0,6,0,0,1,0,0,0
0,0,1,3,0,0,0,0,15,0,0,1,1,0,0
0,0,1,2,0,0,0,0,16,0,0,1,1,0,0
0,0,1,3,0,0,0,0,10,0,0,1,0,0,0
0,0,1,2,0,0,0,0,13,0,0,1,1,0,0
0,0,1,6,0,0,0,0,12,0,0,1,1,0,0
0,0,1,3,0,0,0,0,15,0,0,1,0,0,0
0,0,1,1,0,0,0,0,17,0,0,1,1,0,0
0,0,1,2,0,0,0,0,13,0,0,1,0,0,0
0,0,1,3,0,0,1,0,15,0,0,1,1,0,0
0,0,1,6,0,0,0,0,14,0,0,1,1,0,0
0,0,1,2,0,0,0,0,14,0,0,1,1,0,0
0,0,1,2,0,0,0,0,12,0,0,1,1,0,0
0,0,1,10,0,0,0,0,15,0,0,1,1,0,0
0,0,1,5,0,0,0,0,11,0,0,1,1,0,0
0,0,1,4,0,0,0,0,11,0,0,2,0,1,0
0,0,1,3,0,0,0,0,13,0,0,2,0,1,0
0,0,1,2,0,0,0,0,10,0,0,1,1,0,0
0,0,1,1,0,0,0,0,10,0,0,1,1,0,0
0,0,1,2,0,0,0,0,13,0,0,1,1,0,0
0,0,1,1,0,0,0,0,15,3,0,1,1,0,0
0,0,1,1,0,0,0,0,10,0,0,1,0,0,0
0,0,1,3,0,0,0,0,9,0,0,1,0,0,0
0,0,1,2,0,0,0,0,10,0,0,1,1,0,0
0,0,1,3,0,0,0,0,15,0,0,1,1,0,0
0,0,1,1,0,0,0,0,10,0,0,1,1,0,0
0,0,1,6,0,0,0,0,14,0,0,1,1,0,0
0,0,1,5,0,0,0,0,10,0,0,1,1,0,0
0,0,1,6,0,0,0,0,11,0,0,2,1,1,0
0,0,1,3,0,0,0,0,10,0,0,1,1,0,0
0,0,1,4,0,0,0,0,11,0,0,1,1,0,0
0,0,1,4,0,0,1,0,7,0,0,1,1,0,0
0,0,1,3,0,0,0,0,8,4,0,1,0,0,0
0,0,1,4,0,0,1,0,7,0,0,1,1,0,0
0,0,1,4,0,0,0,0,14,0,0,1,0,0,0
0,0,1,2,0,0,0,0,17,0,0,1,1,0,0
0,0,1,1,0,0,0,0,11,0,0,1,1,0,0
0,0,1,7,0,0,0,0,6,0,0,1,0,0,0
0,0,1,9,1,0,0,0,18,0,0,1,1,0,0
0,0,1,3,0,0,0,0,7,0,0,1,1,0,0
0,0,1,4,0,0,0,0,9,0,0,1,1,0,0
0,0,1,7,0,0,0,0,6,0,0,1,0,0,0
0,0,1,2,0,0,0,0,15,0,0,2,0,1,0
0,0,1,2,0,0,0,0,12,0,0,1,1,0,0
0,0,1,4,0,0,0,0,15,0,0,1,1,0,0
0,0,1,3,0,0,0,0,11,0,0,1,0,0,0
0,0,1,3,0,0,0,0,12,0,0,1,1,0,0
0,0,1,1,0,0,0,0,11,0,0,1,1,0,0
0,0,1,3,0,0,1,0,15,0,0,1,1,0,0
0,0,1,5,0,0,0,0,6,0,0,1,0,0,0
0,0,1,4,0,0,0,0,6,0,0,1,0,0,0
0,0,1,10,0,0,0,0,15,0,0,1,1,0,0
0,0,1,4,0,0,0,0,14,0,0,1,1,0,0
0,0,1,3,0,0,0,0,9,0,0,1,0,0,0
0,0,1,6,0,0,0,0,14,0,0,1,1,0,0
0,0,1,4,0,0,0,0,11,0,0,2,0,1,0
0,0,1,5,0,0,0,0,11,0,0,1,1,0,0
0,0,1,1,0,0,0,0,11,0,0,1,1,0,0
0,0,1,2,0,0,0,0,16,0,0,1,1,0,0
0,0,1,7,0,0,0,0,14,0,0,1,1,0,0
0,0,1,4,0,0,0,1,13,0,1,1,1,0,0
0,0,1,2,0,0,0,0,15,0,0,1,1,0,0
0,0,1,4,0,0,0,0,6,0,0,1,1,0,0
0,0,1,2,0,0,0,0,12,0,0,1,1,0,0
0,0,1,6,0,0,0,0,10,0,0,1,1,0,0
0,0,1,2,0,0,0,1,14,0,1,1,1,0,0
0,0,1,4,0,0,0,0,11,0,0,1,1,0,0
0,0,1,1,0,0,0,0,15,3,0,1,1,0,0
0,0,1,3,0,0,0,0,8,0,0,1,1,0,0
0,0,1,3,0,0,0,0,14,0,0,1,1,0,0
0,0,1,2,0,0,0,0,7,1,0,1,1,0,0
0,0,1,3,0,0,0,0,12,0,0,1,1,0,0
0,0,1,4,0,0,0,0,7,0,0,1,1,0,0
0,0,1,4,0,0,0,0,16,1,0,2,0,1,0
0,0,1,4,0,0,0,0,14,0,0,1,1,0,0
0,1,1,2,0,0,0,0,10,0,0,1,1,0,0
0,0,1,2,0,0,0,0,8,0,0,1,1,0,0
0,0,1,5,0,0,0,0,15,0,0,1,1,0,0
0,0,1,1,0,0,0,0,10,0,0,1,0,0,0
0,0,1,2,0,0,0,0,13,0,0,1,1,0,0
0,0,1,3,0,0,0,0,12,0,0,1,1,0,0
0,0,1,3,0,0,0,0,13,0,0,1,1,0,0
0,0,1,1,0,0,0,0,10,0,0,1,1,0,0
0,0,1,5,0,0,1,0,14,0,0,1,1,0,0
0,0,1,7,0,0,1,0,9,0,0,2,0,1,0
0,0,1,3,0,0,1,0,10,0,0,1,1,0,0
0,0,1,4,0,0,1,0,7,0,0,1,1,0,0
0,0,1,2,0,0,0,0,10,0,0,1,1,0,0
0,0,1,3,0,0,0,0,7,0,0,1,1,0,0
0,0,1,4,0,0,0,0,14,0,0,1,1,0,0
0,0,1,3,0,0,0,0,13,0,0,1,1,0,0
0,0,1,1,0,0,0,0,12,0,0,1,0,0,0
0,0,1,2,0,0,0,0,12,0,0,1,1,0,0
0,0,1,3,0,0,0,0,6,3,0,1,0,0,0
0,0,1,2,0,0,0,0,12,0,0,1,1,0,0
0,0,1,5,0,0,0,0,14,0,0,1,1,0,0
0,0,1,6,0,0,0,0,10,0,0,1,1,0,0
0,0,1,3,0,0,0,0,13,0,0,2,0,1,0
0,0,1,2,0,0,0,0,10,0,0,1,1,0,0
0,0,1,2,0,0,0,0,10,0,0,1,1,0,0
0,0,1,3,0,0,0,0,17,0,0,1,1,0,0
0,0,1,3,0,0,0,0,11,0,0,1,0,0,0
0,0,1,4,0,0,0,0,7,0,0,1,1,0,0
0,0,1,3,0,0,0,0,8,0,0,1,1,0,0
0,0,1,6,0,0,0,0,14,0,0,1,1,0,0
0,0,1,10,0,0,0,0,15,0,0,1,1,0,0
0,0,1,6,0,0,0,0,12,0,0,1,1,0,0
0,0,1,5,0,0,0,0,12,2,0,1,1,0,0
0,0,1,1,0,0,0,0,12,0,0,1,1,0,0
0,0,1,5,0,0,0,0,15,0,0,1,1,0,0
0,0,1,1,0,0,0,0,15,0,0,1,1,0,0
0,0,1,4,0,0,0,0,9,0,0,1,1,0,0
0,0,1,2,0,0,0,0,16,0,0,1,1,0,0
0,0,1,2,0,0,0,0,12,0,0,1,1,0,0
0,0,1,5,0,0,0,0,11,0,0,1,1,0,0
0,0,1,2,0,0,0,0,13,0,0,1,1,0,0
0,0,1,4,0,0,0,0,17,0,0,1,1,0,0
0,0,1,2,0,0,0,0,15,0,0,1,1,0,0
0,0,1,3,0,0,0,0,7,0,0,1,1,0,0
0,0,1,6,0,0,0,0,10,0,0,1,0,0,0
0,0,1,3,0,0,0,0,13,0,0,1,1,0,0
0,0,1,5,0,0,0,0,10,0,0,1,1,0,0
0,0,1,5,0,0,0,0,6,0,0,1,0,0,0
0,0,1,6,0,0,0,0,14,0,0,1,1,0,0
0,0,1,4,0,0,0,0,10,0,0,1,1,0,0
0,0,1,2,0,0,0,0,10,0,0,1,0,0,0
0,0,1,6,0,0,0,0,10,0,0,1,1,0,0
0,0,1,3,0,0,1,0,10,0,0,1,1,0,0
0,0,1,6,0,0,1,0,10,0,0,1,1,0,0
0,0,1,2,0,0,0,0,16,0,0,1,1,0,0
0,0,1,3,0,0,0,0,15,0,0,1,0,0,0
0,0,1,1,0,0,0,0,11,0,0,1,1,0,0
0,0,1,3,0,0,0,0,15,0,0,2,0,1,0
0,0,1,5,0,0,0,0,15,0,0,1,1,0,0
0,0,1,1,0,0,0,0,17,0,0,1,1,0,0
0,0,1,4,0,0,0,0,14,0,0,1,0,0,0
0,0,1,3,0,0,0,0,7,0,0,1,0,0,0
0,0,1,6,0,0,0,0,14,0,0,1,1,0,0
0,0,1,4,0,0,1,0,10,0,0,1,1,0,0
0,0,1,0,0,0,0,0,9,0,0,1,0,0,0
0,0,1,1,0,0,0,0,10,0,0,1,0,0,0
0,0,1,4,0,0,0,0,7,0,0,1,0,0,0
0,0,1,4,0,0,0,0,14,0,0,1,1,0,0
0,0,1,2,0,0,0,0,12,0,0,1,1,0,0
0,0,1,6,0,0,0,0,10,0,0,1,1,0,0
0,0,1,3,0,0,0,0,15,0,0,1,0,0,0
0,0,1,4,0,0,0,0,7,0,0,1,1,0,0
0,0,1,1,0,0,0,0,15,0,0,1,1,0,0
0,0,1,5,0,0,0,0,15,0,0,1,1,0,0
0,0,1,1,0,0,0,0,11,0,0,1,1,0,0
0,0,1,2,0,0,0,0,13,0,0,1,1,0,0
0,0,1,2,0,0,0,0,13,0,0,1,0,0,0
0,0,1,3,0,0,1,0,9,3,0,1,1,0,0
0,0,1,2,0,0,0,0,9,2,0,1,0,0,0
0,0,1,1,0,0,0,0,11,0,0,1,1,0,0
0,0,1,3,0,0,1,0,10,0,0,1,1,0,0
0,0,1,3,0,0,0,0,13,0,0,1,1,0,0
0,0,1,4,0,0,0,0,6,0,0,1,1,0,0
0,0,1,3,0,0,0,0,13,0,0,2,0,1,0
0,0,1,10,0,0,0,0,15,0,0,1,1,0,0
0,0,1,3,0,0,0,0,6,0,0,1,0,0,0
0,0,1,3,0,0,0,0,13,0,0,1,1,0,0
0,0,1,7,0,0,0,0,10,0,0,1,1,0,0
0,0,1,3,0,0,0,0,11,0,0,1,1,0,0
0,0,1,2,0,0,0,0,17,0,0,1,1,0,0
0,0,1,1,0,0,0,0,11,0,0,1,1,0,0
0,0,1,5,0,0,0,0,11,0,0,1,1,0,0
0,0,1,3,0,0,0,0,11,0,0,1,1,0,0
0,0,1,4,0,0,0,0,9,0,0,1,1,0,0
0,0,1,1,0,0,0,0,17,0,0,1,1,0,0
0,0,1,2,0,0,0,0,10,0,0,1,1,0,0
0,0,1,3,0,0,0,0,13,0,0,1,0,0,0
0,0,1,8,0,0,0,0,11,0,0,1,0,0,0
0,0,1,4,0,0,0,0,13,0,0,1,0,0,0
0,0,1,2,0,0,0,0,12,0,0,1,1,0,0
0,0,1,1,0,0,0,0,17,0,0,1,1,0,0
0,0,1,3,0,0,0,0,15,0,0,1,0,0,0
0,0,1,3,0,0,0,0,10,0,0,1,0,0,0
0,0,1,2,0,0,1,0,12,0,0,1,1,0,0
0,0,1,5,0,0,0,0,13,0,0,1,1,0,0
0,0,1,5,0,0,1,0,14,0,0,1,1,0,0
0,1,1,2,0,0,0,0,10,0,0,1,1,0,0
0,0,1,3,0,0,0,0,12,0,0,1,1,0,0
0,0,1,4,0,0,0,0,15,0,0,2,0,1,0
0,0,1,3,0,0,0,0,16,0,0,1,1,0,0
0,0,1,4,0,0,0,0,15,0,0,1,1,0,0
0,0,1,2,0,0,0,0,10,0,0,1,1,0,0
0,0,1,6,0,0,0,0,14,0,0,1,1,0,0
0,0,1,2,0,0,0,0,12,0,0,1,1,0,0
0,0,1,2,0,0,0,0,10,0,0,1,0,0,0
0,0,1,3,0,0,0,0,15,0,0,1,0,0,0
0,0,1,2,0,0,0,0,13,0,0,1,1,0,0
0,0,1,2,0,0,0,0,8,0,0,1,1,0,0
0,0,1,2,0,0,0,0,13,0,0,1,1,0,0
0,0,1,14,0,0,0,0,13,0,0,2,0,1,0
0,0,1,4,0,0,0,0,12,0,0,1,1,0,0
0,0,1,2,0,0,0,0,16,2,0,1,1,0,0
0,0,1,2,0,0,1,0,9,0,0,1,1,0,0
0,0,1,3,0,0,0,0,15,0,0,2,0,1,0
0,0,1,4,0,0,0,0,13,0,0,1,1,0,0
0,0,1,2,0,0,0,0,9,0,0,1,0,0,0
0,0,1,7,0,0,0,0,14,0,0,1,1,0,0
0,0,1,3,0,0,0,0,7,0,0,1,1,0,0
0,0,1,2,0,0,0,0,15,0,0,1,1,0,0
0,0,1,3,0,0,0,0,7,0,0,1,1,0,0
0,0,1,4,0,0,0,0,9,0,0,1,1,0,0
0,0,1,1,0,0,0,0,11,0,0,1,1,0,0
0,0,1,2,0,0,0,0,8,0,0,1,1,0,0
0,0,1,3,0,0,0,0,9,0,0,1,1,0,0
0,0,1,4,0,0,0,0,17,0,0,1,1,0,0
0,0,1,2,0,0,0,0,13,0,0,1,1,0,0
0,0,1,2,0,0,0,0,8,0,0,1,1,0,0
0,0,1,5,0,0,0,0,15,0,0,1,1,0,0
0,0,1,2,0,0,0,0,10,0,0,1,0,0,0
0,0,1,1,0,0,0,0,10,0,0,1,0,0,0
0,0,1,4,0,0,0,0,10,0,0,1,1,0,0
0,0,1,2,0,0,0,0,13,0,0,1,0,0,0
0,0,1,4,0,0,0,0,14,0,0,1,1,0,0
0,0,1,3,0,0,0,0,9,0,0,1,0,0,0
0,0,1,8,0,0,0,0,11,0,0,2,1,1,0
0,0,1,1,0,0,0,0,12,0,0,1,0,0,0
0,0,1,1,0,0,0,0,17,0,0,1,1,0,0
0,0,1,2,0,0,0,0,10,0,0,1,1,0,0
0,0,1,2,0,0,0,0,15,0,0,2,0,1,0
0,0,1,3,0,0,0,0,12,0,0,1,1,0,0
0,0,1,5,0,0,0,0,12,0,0,2,0,1,0
0,0,1,2,0,0,0,0,10,0,0,1,1,0,0
0,0,1,1,0,0,0,0,12,0,0,1,1,0,0
0,0,1,2,0,0,0,0,17,0,0,1,1,0,0
0,0,1,1,0,0,0,0,17,0,0,1,1,0,0
0,0,1,2,0,0,0,0,13,0,0,1,1,0,0
0,0,1,2,0,0,1,0,18,0,0,1,1,0,0
0,0,1,2,0,0,0,0,8,0,0,1,1,0,0
0,0,1,3,0,0,1,0,6,0,0,1,1,0,0
0,0,1,4,0,0,0,0,6,0,0,1,1,0,0
0,0,1,4,0,0,0,0,11,0,0,1,1,0,0
0,0,1,1,0,0,0,0,11,0,0,1,1,0,0
0,0,1,3,0,0,0,0,11,0,0,1,1,0,0
0,0,1,4,0,0,0,0,9,0,0,1,1,0,0
0,0,1,2,0,0,1,0,12,0,0,1,1,0,0
0,0,1,4,0,0,0,0,16,2,0,1,1,0,0
0,0,1,9,0,0,0,0,10,0,0,2,1,1,0
0,0,1,5,0,0,0,0,6,0,0,1,0,0,0
0,0,1,3,0,0,0,0,15,0,0,1,0,0,0
0,0,1,0,0,0,0,0,14,0,0,1,1,0,0
0,0,1,2,0,0,0,0,16,0,0,1,1,0,0
0,0,1,3,0,0,0,0,7,0,0,1,0,0,0
0,0,1,2,0,0,0,0,6,0,0,1,1,0,0
0,0,1,5,0,0,0,0,14,0,0,1,1,0,0
0,0,1,3,0,0,0,0,11,0,0,1,0,0,0
0,0,1,4,0,0,0,0,10,0,0,1,0,0,0
0,0,1,5,0,0,0,0,12,0,0,1,1,0,0
0,0,1,3,0,0,0,0,13,0,0,1,1,0,0
0,0,1,2,0,0,0,0,9,2,0,1,0,0,0
0,0,1,7,0,0,0,0,6,0,0,1,0,0,0
0,0,1,1,0,0,0,0,11,0,0,1,1,0,0
0,0,1,2,0,0,0,0,13,0,0,1,1,0,0
0,0,1,1,0,0,0,0,10,0,0,1,0,0,0
0,0,1,1,0,0,0,0,11,0,0,1,1,0,0
0,0,1,4,0,0,0,0,15,0,0,1,1,0,0
0,0,1,3,0,0,0,0,8,0,0,1,1,0,0
0,0,1,4,0,0,0,0,16,1,0,2,0,1,0
0,0,1,4,0,0,0,1,13,0,1,1,1,0,0
0,0,1,3,0,0,1,0,10,0,0,1,1,0,0
0,0,1,2,0,0,0,0,13,0,0,1,1,0,0
0,0,1,4,0,0,0,0,11,0,0,1,1,0,0
0,0,1,6,0,0,0,0,14,0,0,1,1,0,0
0,0,1,10,0,0,0,0,15,0,0,1,1,0,0
0,0,1,4,0,0,0,0,11,0,0,1,1,0,0
0,0,1,4,0,0,0,0,9,0,0,1,1,0,0
0,0,1,3,0,0,0,0,9,0,0,1,1,0,0
0,0,1,5,0,0,0,0,12,2,0,1,1,0,0
0,0,1,2,0,0,0,0,12,0,0,1,1,0,0
0,0,1,2,0,0,0,0,6,0,0,1,1,0,0
0,0,1,2,0,0,0,0,9,0,0,1,0,0,0
0,0,1,3,0,0,0,0,12,0,0,1,0,0,0
0,0,1,4,0,0,0,0,11,0,0,1,1,0,0
0,0,1,4,0,0,0,0,17,0,0,1,1,0,0
0,0,1,2,0,0,1,0,18,0,0,1,1,0,0
0,0,1,3,0,0,0,0,7,0,0,1,1,0,0
0,0,1,3,0,0,0,0,15,0,0,2,0,1,0
0,0,1,3,0,0,0,0,7,0,0,1,1,0,0
0,0,1,4,0,0,0,0,14,0,0,1,1,0,0
0,0,1,2,0,0,1,0,9,0,0,2,0,1,0
0,0,1,3,0,0,0,0,13,0,0,1,1,0,0
0,0,1,2,0,0,0,0,8,0,0,1,1,0,0
0,0,1,7,0,0,0,0,11,0,0,2,1,1,0
0,0,1,2,0,0,0,0,9,2,0,1,0,0,0
0,0,1,2,0,0,1,0,12,0,0,1,1,0,0
0,0,1,7,0,0,0,0,6,0,0,1,0,0,0
0,0,1,4,0,0,0,0,12,0,0,1,1,0,0
0,0,1,2,0,0,0,0,10,0,0,1,0,0,0
0,0,1,3,0,0,0,0,13,0,0,1,0,0,0
0,0,1,2,0,0,0,0,10,0,0,1,1,0,0
0,0,1,5,0,0,0,0,11,0,0,1,1,0,0
0,0,1,4,0,0,1,0,10,0,0,1,1,0,0
0,0,1,2,0,0,0,0,12,0,0,1,1,0,0
0,0,1,1,0,0,0,0,11,0,0,1,0,0,0
0,0,1,4,0,0,0,0,13,0,0,1,1,0,0
0,0,1,5,0,0,0,0,6,0,0,1,0,0,0
0,0,1,3,0,0,0,0,12,0,0,1,0,0,0
0,0,1,4,0,0,0,0,12,0,0,1,1,0,0
0,0,1,2,0,0,0,0,8,0,0,1,1,0,0
0,0,1,3,0,0,1,0,10,0,0,1,1,0,0
0,0,1,1,0,0,0,0,17,0,0,1,1,0,0
0,0,1,6,0,0,0,0,14,0,0,1,1,0,0
0,0,1,3,0,0,0,0,9,0,0,1,1,0,0
0,0,1,3,0,0,0,0,9,0,0,1,0,0,0
0,0,1,1,0,0,0,0,20,0,0,1,1,0,0
0,0,1,3,1,0,0,0,13,0,0,2,0,1,0
0,0,1,2,0,0,0,0,11,0,0,1,1,0,0
0,0,1,3,0,0,0,0,15,0,0,1,0,0,0
0,0,1,4,0,0,0,0,17,0,0,1,1,0,0
0,0,1,4,0,0,0,0,11,0,0,1,1,0,0
0,1,1,2,0,0,0,0,10,0,0,1,1,0,0
0,0,1,1,0,0,0,0,11,0,0,1,1,0,0
0,0,1,3,0,0,0,0,7,0,0,1,1,0,0
0,0,1,3,0,0,0,0,9,0,0,1,1,0,0
0,0,1,4,0,0,0,0,15,0,0,2,0,1,0
0,0,1,2,0,0,1,0,9,0,0,2,0,1,0
0,0,1,2,0,0,0,0,12,0,0,1,1,0,0
0,0,1,2,0,0,0,0,13,0,0,1,0,0,0
0,0,1,6,0,0,0,0,10,0,0,1,1,0,0
0,0,1,2,0,0,0,0,13,0,0,1,1,0,0
0,0,1,1,0,0,0,0,15,0,0,1,1,0,0
0,0,1,7,0,0,0,0,7,1,0,1,0,0,0
0,0,1,3,0,0,0,0,7,0,0,1,0,0,0
0,0,1,1,0,0,0,0,14,0,0,1,1,0,0
0,0,1,7,0,0,0,0,12,0,0,1,1,0,0
0,0,1,2,0,0,0,0,10,0,0,1,1,0,0
0,0,1,3,0,0,0,0,15,0,0,1,1,0,0
0,0,1,3,0,0,0,0,15,0,0,1,1,0,0
0,0,1,3,0,0,0,0,12,0,0,1,1,0,0
0,0,1,3,0,0,0,0,10,0,0,1,0,0,0
0,0,1,5,0,0,0,0,9,0,0,1,1,0,0
0,0,1,3,0,0,0,0,8,0,0,1,1,0,0
0,0,1,3,0,0,0,0,13,0,0,1,1,0,0
0,0,1,4,0,0,0,0,9,0,0,1,1,0,0
0,0,1,2,0,0,1,0,14,0,0,1,1,0,0
0,0,1,1,0,0,0,0,15,3,0,1,1,0,0
0,0,1,2,0,0,0,0,10,0,0,1,1,0,0
0,0,1,1,0,0,0,0,12,0,0,1,0,0,0
0,0,1,3,0,0,0,0,9,0,0,1,1,0,0
0,0,1,2,0,0,0,0,13,0,0,1,1,0,0
0,0,1,4,0,0,0,0,14,0,0,1,1,0,0
0,0,1,4,0,0,0,0,7,0,0,1,1,0,0
0,0,1,1,0,0,0,0,20,0,0,1,1,0,0
0,0,1,2,0,0,0,0,6,0,0,1,0,0,0
0,0,1,4,0,0,0,0,17,0,0,1,1,0,0
0,0,1,5,0,0,0,0,9,0,0,1,1,0,0
0,0,1,2,0,0,0,0,11,0,0,1,1,0,0
0,0,1,2,0,0,0,0,8,0,0,1,1,0,0
0,0,1,3,0,0,0,0,12,0,0,1,1,0,0
0,0,1,2,0,0,0,0,8,0,0,1,1,0,0
0,0,1,4,0,0,0,0,7,0,0,1,0,0,0
0,0,1,2,0,0,1,0,9,0,0,1,1,0,0
0,0,1,6,0,0,0,0,13,0,0,1,1,0,0
0,0,1,4,0,0,0,0,14,0,0,1,1,0,0
0,0,1,4,0,0,0,0,15,0,0,2,0,1,0
0,0,1,5,0,0,0,0,12,0,0,1,1,0,0
0,0,1,2,0,0,0,0,9,2,0,1,0,0,0
0,0,1,4,0,0,0,0,14,0,0,1,1,0,0
0,0,1,4,0,0,0,0,12,0,0,1,1,0,0
0,0,1,6,0,0,0,0,10,0,0,1,1,0,0
0,0,1,4,0,0,0,0,7,0,0,1,1,0,0
0,0,1,1,0,0,0,0,14,0,0,2,0,1,0
0,0,1,10,0,0,0,0,15,0,0,1,1,0,0
0,0,1,5,0,0,0,0,10,0,0,1,1,0,0
0,0,1,2,0,0,0,0,12,0,0,1,0,0,0
0,0,1,2,0,0,0,0,9,0,0,1,0,0,0
0,0,1,2,0,0,0,0,8,0,0,1,1,0,0
0,0,1,4,0,0,0,0,9,0,0,1,1,0,0
0,0,1,1,0,0,0,0,12,0,0,1,0,0,0
0,0,1,2,0,0,0,0,12,0,0,1,1,0,0
0,0,1,10,0,0,0,0,15,0,0,1,1,0,0
0,0,1,4,0,0,0,0,7,0,0,1,0,0,0
0,0,1,4,0,0,0,0,14,0,0,1,1,0,0
0,0,1,3,0,0,0,0,6,0,0,1,0,0,0
0,0,1,6,0,0,0,0,15,0,0,2,0,1,0
0,0,1,10,0,0,0,0,15,0,0,1,1,0,0
0,0,1,3,0,0,0,0,11,0,0,1,1,0,0
0,0,1,2,0,0,0,0,13,0,0,1,1,0,0
0,0,1,2,0,0,0,0,15,0,0,1,1,0,0
0,0,1,1,0,0,0,0,21,0,0,1,1,0,0
0,0,1,2,0,0,0,0,10,0,0,1,1,0,0
0,0,1,1,0,0,0,0,12,0,0,1,1,0,0
0,0,1,2,0,0,0,0,12,0,0,1,1,0,0
0,0,1,2,0,0,1,0,9,0,0,1,1,0,0
0,0,1,1,0,0,0,0,15,0,0,1,1,0,0
0,0,1,5,0,0,0,0,12,2,0,1,1,0,0
0,0,1,3,0,0,1,0,15,0,0,1,1,0,0
0,0,1,1,0,0,0,0,11,0,0,1,1,0,0
0,0,1,3,0,0,0,0,15,0,0,2,0,1,0
0,0,1,2,0,0,0,0,7,1,0,1,1,0,0
0,0,1,5,0,0,0,0,6,0,0,1,0,0,0
0,0,1,1,0,0,0,0,17,0,0,1,1,0,0
0,0,1,2,0,0,0,0,12,0,0,1,1,0,0
0,0,1,6,0,0,0,0,14,0,0,1,1,0,0
0,0,1,5,0,0,0,0,6,0,0,1,0,0,0
0,0,1,6,0,0,0,0,14,0,0,1,1,0,0
0,0,1,3,0,0,0,0,11,0,0,1,1,0,0
0,0,1,2,0,0,0,0,10,0,0,1,1,0,0
0,0,1,3,0,0,0,0,13,0,0,1,0,0,0
0,0,1,3,0,0,0,0,7,0,0,1,1,0,0
0,0,1,1,1,0,1,0,13,0,0,1,1,0,0
0,0,1,2,0,0,0,0,10,0,0,1,1,0,0
0,0,1,3,0,0,0,0,14,0,0,1,0,0,0
0,0,1,1,0,0,0,0,15,0,0,1,1,0,0
0,0,1,4,0,0,0,0,16,1,0,2,0,1,0
0,0,1,1,0,0,0,0,12,0,0,1,0,0,0
0,0,1,4,0,0,0,0,17,0,0,1,1,0,0
0,0,1,3,0,0,1,0,10,0,0,1,1,0,0
0,0,1,4,0,0,0,0,11,0,0,1,1,0,0
0,0,1,4,0,0,0,0,9,0,0,1,1,0,0
0,0,1,2,0,0,0,0,15,0,0,2,0,1,0
0,0,1,3,0,0,0,0,15,0,0,1,1,0,0
0,0,1,18,0,0,0,0,8,1,0,1,1,0,0
0,0,1,3,0,0,0,0,12,0,0,1,1,0,0
0,0,1,3,0,0,0,0,14,0,0,1,1,0,0
0,0,1,4,0,0,1,0,10,0,0,1,1,0,0
0,0,1,2,0,0,0,0,13,0,0,1,1,0,0
0,0,1,3,0,0,0,0,15,0,0,1,1,0,0
0,0,1,4,0,0,0,0,17,0,0,1,1,0,0
0,0,1,5,0,0,0,0,14,0,0,1,1,0,0
0,0,1,2,0,0,0,0,15,0,0,1,1,0,0
0,0,1,2,0,0,0,0,13,0,0,1,1,0,0
0,0,1,5,0,0,0,0,10,0,0,1,1,0,0
0,0,1,2,0,0,0,0,15,0,0,2,0,1,0
0,0,1,1,0,0,0,0,15,3,0,1,1,0,0
0,0,1,1,0,0,0,0,15,3,0,1,1,0,0
0,0,1,0,0,0,0,0,9,0,0,1,0,0,0
0,0,1,2,0,0,0,0,10,0,0,1,1,0,0
0,0,1,2,0,0,0,0,6,0,0,1,1,0,0
0,0,1,3,0,0,0,0,11,0,0,1,1,0,0
0,0,1,2,0,0,0,0,11,0,0,1,1,0,0
0,0,1,3,0,0,0,0,13,0,0,1,1,0,0
0,0,1,5,0,0,0,0,10,0,0,1,1,0,0
0,0,1,3,0,0,0,0,9,0,0,1,1,0,0
0,0,1,3,0,0,0,0,9,0,0,1,1,0,0
0,0,1,4,0,0,0,0,9,0,0,1,1,0,0
0,0,1,2,0,0,0,0,8,0,0,1,1,0,0
0,0,1,5,0,0,0,0,11,0,0,1,1,0,0
0,0,1,3,0,0,0,0,12,0,0,1,1,0,0
0,0,1,2,0,0,0,0,10,0,0,1,1,0,0
0,0,1,2,0,0,0,0,13,0,0,1,1,0,0
0,0,1,4,0,0,0,0,15,0,0,1,1,0,0
0,0,1,2,0,0,0,0,11,0,0,1,1,0,0
0,0,1,4,0,0,0,0,9,0,0,1,1,0,0
0,0,1,2,0,0,0,0,10,0,0,1,0,0,0
0,0,1,3,0,0,0,0,13,0,0,1,1,0,0
0,0,1,2,0,0,0,0,7,0,0,1,0,0,0
0,0,1,3,0,0,0,0,8,4,0,1,0,0,0
0,0,1,2,0,0,0,0,12,0,0,1,1,0,0
0,0,1,6,0,0,0,0,6,0,0,1,0,0,0
0,0,1,7,0,0,0,0,11,0,0,2,1,1,0
0,0,1,3,0,0,0,0,15,0,0,1,1,0,0
0,0,1,2,0,0,0,0,9,2,0,1,0,0,0
0,0,1,2,0,0,0,0,12,0,0,1,1,0,0
0,0,1,2,0,0,0,0,13,0,0,1,0,0,0
0,0,1,4,0,0,0,0,14,0,0,1,1,0,0
0,0,1,3,0,0,0,0,13,0,0,1,1,0,0
0,0,1,4,0,0,0,0,15,0,0,1,1,0,0
0,0,1,5,0,0,0,0,14,0,0,1,1,0,0
0,0,1,4,0,0,0,0,9,0,0,1,1,0,0
0,0,1,10,0,0,0,0,15,0,0,1,1,0,0
0,0,1,2,0,0,0,0,8,0,0,1,1,0,0
0,0,1,2,0,0,0,0,12,0,0,1,1,0,0
0,0,1,3,0,0,0,0,9,0,0,1,1,0,0
0,0,1,1,0,0,0,0,21,0,0,1,1,0,0
0,0,1,1,0,0,0,0,15,0,0,1,1,0,0
0,0,1,4,0,0,0,0,11,0,0,1,1,0,0
0,0,1,1,0,0,0,0,20,0,0,1,1,0,0
0,0,1,4,0,0,0,0,14,0,0,1,1,0,0
0,0,1,3,0,0,0,0,8,0,0,1,1,0,0
0,0,1,3,0,0,0,0,14,0,0,1,0,0,0
0,0,1,4,0,0,0,0,11,0,0,1,1,0,0
0,0,1,4,0,0,0,0,9,0,0,1,1,0,0
0,0,1,4,0,0,0,0,16,1,0,2,0,1,0
0,0,1,4,0,0,0,0,11,0,0,2,0,1,0
0,0,1,4,0,0,0,0,6,0,0,1,1,0,0
0,0,1,3,0,0,0,0,12,0,0,1,1,0,0
0,0,1,6,0,0,0,0,12,0,0,1,1,0,0
0,0,1,3,0,0,0,0,11,0,0,1,0,0,0
0,0,1,1,0,0,0,0,15,0,0,1,1,0,0
0,0,1,6,0,0,0,0,13,0,0,1,1,0,0
0,0,1,1,0,0,0,0,11,0,0,1,1,0,0
0,0,1,4,0,0,1,0,7,0,0,1,1,0,0
0,0,1,3,0,0,0,0,13,0,0,1,1,0,0
0,0,1,4,0,0,0,0,6,0,0,1,1,0,0
0,0,1,5,0,0,0,0,6,0,0,1,0,0,0
0,0,1,2,0,0,0,0,10,0,0,1,1,0,0
0,0,1,4,0,0,0,0,15,0,0,2,0,1,0
0,0,1,1,0,0,0,0,12,0,0,1,1,0,0
0,0,1,3,0,0,0,0,6,0,0,1,0,0,0
0,0,1,2,0,0,0,0,15,0,0,1,1,0,0
0,0,1,1,0,0,0,0,17,0,0,1,1,0,0
0,0,1,1,1,0,0,0,9,0,0,1,0,0,0
0,0,1,3,0,0,0,0,7,0,0,1,1,0,0
0,0,1,3,0,0,0,0,7,0,0,1,1,0,0
0,0,1,2,0,0,0,0,9,0,0,1,1,0,0
0,0,1,1,0,0,0,0,13,2,0,1,1,0,0
0,0,1,2,0,0,0,0,12,0,0,1,1,0,0
0,0,1,1,0,0,0,0,15,0,0,1,1,0,0
0,0,1,3,0,0,0,0,14,0,0,1,1,0,0
0,0,1,5,0,0,0,0,10,0,0,1,1,0,0
0,0,1,4,0,0,0,0,9,0,0,1,1,0,0
0,0,1,4,0,0,0,0,7,0,0,1,1,0,0
0,0,1,1,0,0,0,0,23,0,0,1,1,0,0
0,0,1,3,0,0,0,0,12,0,0,1,0,0,0
0,0,1,2,0,0,0,0,11,0,0,1,1,0,0
0,0,1,5,0,0,0,0,11,0,0,1,1,0,0
0,1,1,2,0,0,0,0,10,0,0,1,1,0,0
0,0,1,4,0,0,0,0,11,0,0,1,1,0,0
0,0,1,2,0,0,0,0,12,0,0,1,1,0,0
0,0,1,2,0,0,0,0,10,0,0,1,1,0,0
0,0,1,5,0,0,0,0,15,0,0,1,0,0,0
0,0,1,2,0,0,1,0,9,0,0,2,0,1,0
0,0,1,3,0,0,1,0,10,0,0,1,1,0,0
0,0,1,3,0,0,0,0,7,0,0,1,1,0,0
0,0,1,3,0,0,0,1,13,0,1,1,1,0,0
0,0,1,2,0,0,0,0,12,0,0,1,1,0,0
0,0,1,1,0,0,0,0,11,0,0,1,1,0,0
0,0,1,3,0,0,0,0,15,0,0,1,0,0,0
0,0,1,4,0,0,0,0,11,0,0,1,1,0,0
0,0,1,2,0,0,0,0,10,0,0,1,1,0,0
0,0,1,7,0,0,0,0,6,0,0,1,0,0,0
0,0,1,10,0,0,0,0,15,0,0,1,1,0,0
0,0,1,2,0,0,1,0,12,0,0,1,1,0,0
0,0,1,4,0,0,0,0,17,0,0,1,1,0,0
0,0,1,2,0,0,0,0,13,0,0,1,0,0,0
0,0,1,3,0,0,0,0,15,0,0,1,0,0,0
0,0,1,3,0,0,1,0,10,0,0,1,1,0,0
0,0,1,4,0,0,0,0,12,0,0,1,1,0,0
0,0,1,2,0,0,0,0,12,0,0,1,1,0,0
0,0,1,4,0,0,0,0,12,0,0,1,1,0,0
0,0,1,4,0,0,0,0,7,0,0,1,1,0,0
0,0,1,7,0,0,0,0,14,0,0,1,1,0,0
0,0,1,4,0,0,0,0,7,1,0,1,1,0,0
0,0,1,4,0,0,0,0,6,0,0,1,1,0,0
0,0,1,2,0,0,0,0,8,0,0,1,1,0,0
0,0,1,5,0,0,0,0,10,0,0,1,1,0,0
0,0,1,3,0,0,0,0,11,0,0,1,1,0,0
0,0,1,10,0,0,0,0,15,0,0,1,1,0,0
0,0,1,3,0,0,0,0,10,0,0,1,0,0,0
0,0,1,5,0,0,0,0,11,0,0,1,1,0,0
0,0,1,6,0,0,0,0,10,0,0,1,1,0,0
0,0,1,2,0,0,0,0,10,0,0,1,0,0,0
0,0,1,2,0,0,0,0,9,2,0,1,0,0,0
0,0,1,1,0,0,0,0,14,0,0,1,1,0,0
0,0,1,3,0,0,0,0,7,0,0,1,1,0,0
0,0,1,6,0,0,0,0,6,0,0,1,0,0,0
0,0,1,4,0,0,0,0,9,0,0,1,1,0,0
0,0,1,4,0,0,0,0,14,0,0,1,1,0,0
0,0,1,4,0,0,0,0,15,0,0,2,0,1,0
0,0,1,2,0,0,0,0,10,0,0,1,1,0,0
0,0,1,2,0,0,0,0,13,0,0,1,0,0,0
0,0,1,7,0,0,0,0,6,0,0,1,0,0,0
0,0,1,6,0,0,0,0,6,0,0,1,0,0,0
0,0,1,8,0,0,0,0,14,0,0,1,1,0,0
0,0,1,2,0,0,0,0,13,0,0,1,0,0,0
0,0,1,6,0,0,0,0,14,0,0,2,0,1,0
0,0,1,7,0,0,1,0,9,0,0,2,0,1,0
0,0,1,2,0,0,0,0,9,0,0,1,1,0,0
0,0,1,2,0,0,0,0,11,0,0,1,1,0,0
0,0,1,3,0,0,0,0,17,0,0,1,1,0,0
0,0,1,1,0,0,0,0,15,3,0,1,1,0,0
0,0,1,2,0,0,0,0,6,0,0,1,1,0,0
0,0,1,4,0,0,0,0,11,0,0,1,1,0,0
0,0,1,3,0,0,0,0,11,0,0,1,1,0,0
0,0,1,4,0,0,0,0,9,0,0,1,1,0,0
0,0,1,5,0,0,0,0,15,0,0,1,1,0,0
0,0,1,6,0,0,0,0,11,0,0,2,1,1,0
0,0,1,3,0,0,0,0,8,0,0,1,1,0,0
0,0,1,2,0,0,0,0,15,0,0,1,1,0,0
0,0,1,2,0,0,0,0,9,2,0,1,0,0,0
0,0,1,1,0,0,0,0,15,0,0,1,1,0,0
0,0,1,6,0,0,0,0,15,0,0,2,0,1,0
0,0,1,4,0,0,0,0,9,0,0,1,1,0,0
0,0,1,4,0,0,0,0,11,0,0,2,0,1,0
0,0,1,5,0,0,0,0,9,0,0,1,1,0,0
0,0,1,3,0,0,0,0,13,0,0,2,0,1,0
0,0,1,2,0,0,0,0,9,2,0,1,0,0,0
0,0,1,2,0,0,0,0,14,0,0,1,1,0,0
0,0,1,3,0,0,0,0,9,0,0,1,0,0,0
0,0,1,10,0,0,0,0,15,0,0,1,1,0,0
0,0,1,3,0,0,0,0,13,0,0,1,1,0,0
0,0,1,1,1,0,0,0,9,0,0,1,0,0,0
0,0,1,2,0,0,0,0,9,2,0,1,0,0,0
0,0,1,4,0,0,0,0,14,0,0,1,1,0,0
0,0,1,4,0,0,0,0,20,0,0,1,1,0,0
0,0,1,2,0,0,0,0,9,2,0,1,0,0,0
0,0,1,1,1,0,1,0,13,0,0,1,1,0,0
0,0,1,2,0,0,0,0,8,0,0,1,1,0,0
0,0,1,1,0,0,0,0,11,0,0,1,0,0,0
0,0,1,1,0,0,0,0,17,0,0,1,1,0,0
0,0,1,6,0,0,0,0,12,0,0,1,1,0,0
0,0,1,4,0,0,0,0,6,0,0,1,0,0,0
0,0,1,4,0,0,0,0,15,0,0,1,1,0,0
0,0,1,4,0,0,0,0,6,0,0,1,1,0,0
0,0,1,10,0,0,0,0,15,0,0,1,1,0,0
0,0,1,4,0,0,0,0,10,0,0,1,0,0,0
0,0,1,4,0,0,0,0,14,0,0,1,1,0,0
0,0,1,2,0,0,0,0,11,0,0,1,1,0,0
0,0,1,3,0,0,0,0,9,0,0,1,1,0,0
0,0,1,2,0,0,0,0,14,0,0,1,1,0,0
0,0,1,2,0,0,0,0,13,0,0,1,1,0,0
0,0,1,1,0,0,0,0,12,0,0,1,1,0,0
0,0,1,3,0,0,0,0,10,0,0,1,0,0,0
0,0,1,2,0,0,0,0,12,0,0,1,1,0,0
0,0,1,4,0,0,0,0,12,0,0,2,0,1,0
0,0,1,4,0,0,1,0,10,0,0,1,1,0,0
0,0,1,4,0,0,0,0,17,0,0,1,1,0,0
0,0,1,10,0,0,0,0,15,0,0,1,1,0,0
0,0,1,3,0,0,1,0,15,0,0,1,1,0,0
0,0,1,3,0,0,1,0,6,0,0,1,1,0,0
0,0,1,4,0,0,0,0,12,0,0,1,1,0,0
0,0,1,3,0,0,0,0,13,0,0,1,1,0,0
0,0,1,4,0,0,0,0,15,0,0,1,1,0,0
0,0,1,2,0,0,0,0,13,0,0,1,1,0,0
0,0,1,3,0,0,0,0,12,0,0,1,1,0,0
0,0,1,1,0,0,0,0,14,0,0,2,0,1,0
0,0,1,1,0,0,0,0,12,0,0,1,1,0,0
0,0,1,2,0,0,0,0,13,0,0,1,1,0,0
0,0,1,4,0,0,0,0,9,0,0,1,1,0,0
0,0,1,4,0,0,0,0,14,0,0,1,0,0,0
0,0,1,3,0,0,0,0,7,0,0,1,1,0,0
0,0,1,1,0,0,0,0,15,0,0,1,1,0,0
0,0,1,2,0,0,0,0,10,0,0,1,0,0,0
0,0,1,4,0,0,0,0,10,0,0,1,0,0,0
0,0,1,1,0,0,0,0,20,0,0,1,1,0,0
0,0,1,3,0,0,0,0,11,0,0,1,1,0,0
0,0,1,2,0,0,0,0,11,0,0,1,1,0,0
0,0,1,2,0,0,0,0,18,0,0,1,1,0,0
0,0,1,4,0,0,0,0,13,0,0,1,1,0,0
0,0,1,3,0,0,0,0,13,0,0,1,1,0,0
0,0,1,8,0,0,0,0,11,0,0,1,1,0,0
0,0,1,6,0,0,0,0,10,3,0,1,1,0,0
0,0,1,3,0,0,0,0,14,0,0,1,1,0,0
0,0,1,2,0,0,0,0,12,0,0,1,1,0,0
0,0,1,3,0,0,0,0,17,0,0,2,1,1,0
0,0,1,1,0,0,0,0,11,0,0,1,0,0,0
0,0,1,2,0,0,0,0,12,0,0,1,1,0,0
0,0,1,1,0,0,0,0,21,0,0,1,1,0,0
0,0,1,4,0,0,0,0,7,0,0,1,1,0,0
0,0,1,1,0,0,0,0,15,3,0,1,1,0,0
0,0,1,4,0,0,1,0,10,0,0,1,1,0,0
0,0,1,5,0,0,0,0,12,0,0,1,1,0,0
0,0,1,3,0,0,0,0,7,0,0,1,1,0,0
0,0,1,1,0,0,0,0,10,0,0,1,0,0,0
0,0,1,1,0,0,0,0,10,0,0,1,0,0,0
0,0,1,1,0,0,0,0,11,0,0,1,0,0,0
0,0,1,10,0,0,0,0,15,0,0,1,1,0,0
0,0,1,5,0,0,0,0,17,0,0,1,1,0,0
0,0,1,2,0,0,0,0,13,0,0,1,0,0,0
0,0,1,3,0,0,0,0,14,0,0,1,0,0,0
0,0,1,3,0,0,0,0,9,0,0,1,0,0,0
0,0,1,2,0,0,0,0,12,0,0,1,1,0,0
0,0,1,2,0,0,0,0,8,0,0,1,1,0,0
0,0,1,1,0,0,0,0,17,0,0,1,1,0,0
0,0,1,2,0,0,0,0,12,0,0,1,1,0,0
0,0,1,2,0,0,0,0,10,0,0,1,1,0,0
0,0,1,4,0,0,1,0,7,0,0,1,1,0,0
0,0,1,7,0,0,1,0,9,0,0,2,0,1,0
0,0,1,2,0,0,0,0,17,0,0,1,1,0,0
0,0,1,2,0,0,0,0,13,0,0,1,1,0,0
0,0,1,10,0,0,0,0,15,0,0,1,1,0,0
0,0,1,2,0,0,0,0,9,2,0,1,0,0,0
0,0,1,6,0,0,0,0,14,0,0,1,1,0,0
0,0,1,6,0,0,0,0,13,0,0,1,1,0,0
0,0,1,2,0,0,0,0,15,0,0,1,1,0,0
0,0,1,2,0,0,0,0,12,0,0,1,1,0,0
0,0,1,4,0,0,0,0,15,0,0,1,1,0,0
0,0,1,3,0,0,0,0,17,0,0,1,1,0,0
0,0,1,1,0,0,0,0,11,0,0,1,0,0,0
0,0,1,1,0,0,0,0,11,0,0,1,1,0,0
0,0,1,2,0,0,0,0,6,0,0,1,0,0,0
0,0,1,2,0,0,0,0,15,0,0,1,1,0,0
0,0,1,4,0,0,0,0,11,0,0,1,1,0,0
0,0,1,3,0,0,0,0,15,0,0,2,0,1,0
0,0,1,6,0,0,0,0,14,0,0,1,1,0,0
0,0,1,3,0,0,0,0,6,0,0,1,0,0,0
0,0,1,5,0,0,0,0,11,0,0,1,1,0,0
0,0,1,3,0,0,1,0,9,3,0,1,1,0,0
0,0,1,1,0,0,0,0,15,0,0,1,1,0,0
0,0,1,7,0,0,0,0,6,0,0,1,0,0,0
0,0,1,1,0,0,0,0,15,3,0,1,1,0,0
0,0,1,2,0,0,0,0,15,0,0,2,0,1,0
0,0,1,4,0,0,0,0,17,0,0,1,1,0,0
0,0,1,3,0,0,0,0,9,0,0,1,1,0,0
0,0,1,4,0,0,0,0,11,0,0,1,1,0,0
0,0,1,4,0,0,1,0,10,0,0,1,1,0,0
0,0,1,5,0,0,0,0,10,0,0,2,1,1,0
0,0,1,3,0,0,0,0,15,0,0,1,1,0,0
0,0,1,3,0,0,0,0,6,0,0,1,0,0,0
0,0,1,4,0,0,1,0,10,0,0,1,1,0,0
0,0,1,4,0,0,0,0,13,0,0,1,1,0,0
0,0,1,4,0,0,0,0,15,0,0,1,1,0,0
0,0,1,6,0,0,0,0,14,0,0,1,1,0,0
0,0,1,4,0,0,0,0,6,0,0,1,0,0,0
0,0,1,2,0,0,0,0,8,0,0,1,1,0,0
0,0,1,1,0,0,0,0,10,0,0,1,1,0,0
0,0,1,5,0,0,0,0,6,0,0,1,0,0,0
0,0,1,5,0,0,0,0,15,0,0,1,1,0,0
0,0,1,3,0,0,0,0,8,0,0,1,0,0,0
0,0,1,2,0,0,0,0,14,0,0,1,1,0,0
0,0,1,4,0,0,1,0,10,0,0,1,1,0,0
0,0,1,2,0,0,0,0,12,0,0,1,1,0,0
0,0,1,4,0,0,0,0,9,0,0,1,1,0,0
0,0,1,1,0,0,0,0,12,0,0,1,1,0,0
0,0,1,4,0,0,0,0,14,0,0,1,1,0,0
0,0,1,4,0,0,0,0,14,0,0,1,1,0,0
0,0,1,10,0,0,0,0,15,0,0,1,1,0,0
0,0,1,1,0,0,0,0,11,0,0,1,0,0,0
0,0,1,3,0,0,0,0,17,0,0,1,1,0,0
0,0,1,1,0,0,0,0,10,0,0,1,1,0,0
0,0,1,10,0,0,0,0,15,0,0,1,1,0,0
0,0,1,4,0,0,0,0,10,0,0,1,0,0,0
0,0,1,2,0,0,0,0,6,0,0,1,1,0,0
0,0,1,4,0,0,0,0,7,0,0,1,1,0,0
0,0,1,2,0,0,0,0,10,0,0,1,0,0,0
0,0,1,4,0,0,0,0,14,0,0,1,1,0,0
0,0,1,4,0,0,0,0,14,0,0,1,1,0,0
0,0,1,4,0,0,0,0,15,0,0,2,0,1,0
0,0,1,2,0,0,0,0,12,0,0,1,1,0,0
0,0,1,4,0,0,0,0,14,0,0,1,1,0,0
0,0,1,5,0,0,0,0,11,0,0,1,0,0,0
0,0,1,3,0,0,0,0,7,1,0,1,1,0,0
0,0,1,4,0,0,0,0,14,0,0,1,1,0,0
0,0,1,3,0,0,0,0,13,0,0,1,0,0,0
0,0,1,4,0,0,0,0,12,0,0,1,1,0,0
0,0,1,2,0,0,0,0,15,0,0,2,0,1,0
0,0,1,4,0,0,0,0,15,0,0,1,1,0,0
0,0,1,2,0,0,0,0,7,0,0,1,0,0,0
0,0,1,3,0,0,0,0,15,0,0,1,0,0,0
0,0,1,5,0,0,0,0,11,0,0,1,1,0,0
0,0,1,2,0,0,0,0,12,0,0,1,1,0,0
0,0,1,3,0,0,0,0,9,0,0,1,1,0,0
0,0,1,3,0,0,0,0,15,0,0,1,0,0,0
0,0,1,5,0,0,0,0,10,0,0,1,1,0,0
0,0,1,2,0,0,0,0,13,0,0,1,1,0,0
0,0,1,2,0,0,0,0,10,0,0,1,1,0,0
0,0,1,3,0,0,0,0,13,0,0,1,1,0,0
0,0,1,2,0,0,0,0,6,0,0,1,1,0,0
0,0,1,4,0,0,0,0,11,0,0,1,1,0,0
0,0,1,6,0,0,0,0,10,0,0,1,1,0,0
0,0,1,4,0,0,0,0,14,0,0,1,1,0,0
0,0,1,5,0,0,0,0,12,2,0,1,1,0,0
0,0,1,6,0,0,0,0,11,0,0,1,0,0,0
0,0,1,3,0,0,0,0,10,0,0,1,0,0,0
0,0,1,2,0,0,0,0,10,0,0,1,1,0,0
0,0,1,3,0,0,0,0,12,0,0,1,1,0,0
0,0,1,4,0,0,0,0,9,0,0,1,1,0,0
0,0,1,2,0,0,0,0,10,0,0,1,1,0,0
0,0,1,5,0,0,0,0,6,0,0,1,0,0,0
0,0,1,2,0,0,0,0,12,0,0,1,1,0,0
0,0,1,6,0,0,0,0,14,0,0,1,1,0,0
0,0,1,2,0,0,0,0,12,0,0,1,1,0,0
0,0,1,5,0,0,0,0,10,0,0,1,1,0,0
0,0,1,1,0,0,0,0,15,0,0,1,1,0,0
0,0,1,3,0,0,0,0,15,0,0,1,0,0,0
0,0,1,3,0,0,0,0,13,0,0,1,0,0,0
0,0,1,3,0,0,1,0,10,0,0,1,1,0,0
0,0,1,2,0,0,0,0,8,0,0,1,1,0,0
0,0,1,2,0,0,0,0,15,0,0,2,0,1,0
0,0,1,10,0,0,0,0,15,0,0,1,1,0,0
0,0,1,6,0,0,0,0,14,0,0,1,1,0,0
0,0,1,2,0,0,0,0,15,0,0,2,0,1,0
0,0,1,3,0,0,0,0,13,0,0,1,1,0,0
0,0,1,2,0,0,0,0,10,0,0,1,1,0,0
0,0,1,1,0,0,0,0,15,0,0,1,1,0,0
0,0,1,3,0,0,0,0,15,0,0,1,1,0,0
0,0,1,3,0,0,0,0,14,0,0,1,1,0,0
0,0,1,2,0,0,0,0,12,0,0,1,1,0,0
0,0,1,3,0,0,0,0,17,0,0,1,1,0,0
0,0,1,3,0,0,0,0,10,0,0,1,1,0,0
0,0,1,2,0,0,0,0,10,0,0,1,0,0,0
0,0,1,4,0,0,0,0,14,0,0,1,1,0,0
0,0,1,2,0,0,0,0,13,0,0,1,1,0,0
0,0,1,1,0,0,0,0,15,3,0,1,1,0,0
0,0,1,4,0,0,0,0,6,0,0,1,1,0,0
0,0,1,3,0,0,0,0,6,0,0,1,0,0,0
0,0,1,4,0,0,1,0,10,0,0,1,1,0,0
0,0,1,4,0,0,0,0,11,0,0,1,1,0,0
0,0,1,3,0,0,0,0,6,0,0,1,0,0,0
0,0,1,3,0,0,0,0,13,0,0,2,0,1,0
0,0,1,3,0,0,0,0,11,0,0,1,0,0,0
0,0,1,1,0,0,0,0,20,0,0,1,1,0,0
0,0,1,10,0,0,0,0,15,0,0,1,1,0,0
0,0,1,5,0,0,0,0,10,0,0,1,0,0,0
0,0,1,4,0,0,0,0,9,0,0,1,1,0,0
0,0,1,2,0,0,0,0,10,0,0,1,0,0,0
0,0,1,1,0,0,0,0,17,0,0,1,1,0,0
0,0,1,5,0,0,0,0,15,0,0,1,1,0,0
0,0,1,6,0,0,0,0,12,0,0,1,1,0,0
0,0,1,4,0,0,0,0,17,0,0,1,1,0,0
0,0,1,3,0,0,0,0,7,0,0,1,1,0,0
0,0,1,5,0,0,0,0,14,0,0,1,1,0,0
0,0,1,2,0,0,0,0,15,0,0,2,0,1,0
0,0,1,3,0,0,0,0,17,0,0,2,1,1,0
0,0,1,2,0,0,0,0,13,0,0,1,0,0,0
0,0,1,3,0,0,0,0,13,0,0,1,1,0,0
0,0,1,1,0,0,0,0,11,0,0,1,1,0,0
0,0,1,2,0,0,0,0,12,0,0,1,0,0,0
0,0,1,2,0,0,0,0,15,0,0,2,0,1,0
0,0,1,5,0,0,0,0,11,0,0,1,1,0,0
0,0,1,4,0,0,0,0,15,0,0,2,0,1,0
0,0,1,3,0,0,0,0,15,0,0,1,1,0,0
0,0,1,2,0,0,0,0,12,0,0,1,1,0,0
0,0,1,2,0,0,0,0,16,0,0,1,1,0,0
0,0,1,6,0,0,0,0,14,0,0,1,1,0,0
0,0,1,2,0,0,0,0,12,0,0,1,1,0,0
0,0,1,2,0,0,0,0,10,0,0,1,1,0,0
0,0,1,3,0,0,0,0,13,0,0,2,0,1,0
0,0,1,2,0,0,0,0,9,2,0,1,0,0,0
0,0,1,3,0,0,0,0,7,0,0,1,1,0,0
0,0,1,2,0,0,0,0,9,2,0,1,0,0,0
0,0,1,3,0,0,0,0,12,0,0,1,1,0,0
0,1,1,2,0,0,0,0,10,0,0,1,1,0,0
0,0,1,3,0,0,0,0,13,0,0,2,0,1,0
0,0,1,2,0,0,0,0,11,0,0,1,1,0,0
0,0,1,3,0,0,0,0,17,0,0,1,1,0,0
0,0,1,1,0,0,0,0,11,0,0,1,0,0,0
0,0,1,2,0,0,0,0,14,0,0,1,1,0,0
0,0,1,4,0,0,1,0,10,0,0,1,1,0,0
0,0,1,7,0,0,0,0,6,0,0,1,0,0,0
0,0,1,2,0,0,0,0,8,0,0,1,1,0,0
0,0,1,2,0,0,0,1,13,0,1,1,1,0,0
0,0,1,6,0,0,0,0,14,0,0,1,1,0,0
0,0,1,3,0,0,0,0,11,0,0,1,0,0,0
0,0,1,2,0,0,0,0,8,0,0,1,1,0,0
0,0,1,5,0,0,0,0,12,2,0,1,1,0,0
0,0,1,4,0,0,0,0,6,0,0,1,0,0,0
0,0,1,2,0,0,0,0,14,0,0,1,1,0,0
0,0,1,4,0,0,0,0,7,0,0,1,0,0,0
0,0,1,3,0,0,0,0,15,0,0,1,1,0,0
0,0,1,3,0,0,0,0,15,0,0,1,1,0,0
0,0,1,3,0,0,0,0,15,0,0,1,0,0,0
0,0,1,3,0,0,0,0,13,0,0,1,1,0,0
0,0,1,2,0,0,1,0,18,0,0,1,1,0,0
0,0,1,2,0,0,0,0,6,0,0,1,0,0,0
0,0,1,5,0,0,0,0,11,0,0,1,1,0,0
0,0,1,1,0,0,0,0,15,3,0,1,1,0,0
0,0,1,2,0,0,0,0,14,0,0,1,1,0,0
0,0,1,3,0,0,0,0,15,0,0,2,0,1,0
0,0,1,1,0,0,0,0,11,0,0,1,0,0,0
0,0,1,3,0,0,0,1,13,0,1,1,1,0,0
0,0,1,3,0,0,0,0,11,0,0,1,1,0,0
0,0,1,3,0,0,0,0,12,0,0,1,1,0,0
0,0,1,3,0,0,0,0,12,0,0,1,1,0,0
0,0,1,1,1,0,0,0,7,0,0,1,0,0,0
0,0,1,1,0,0,0,0,10,0,0,1,0,0,0
0,0,1,5,0,0,0,0,14,0,0,1,1,0,0
0,0,1,2,0,0,0,0,9,2,0,1,0,0,0
0,0,1,5,0,0,0,0,10,0,0,1,1,0,0
0,0,1,7,0,0,0,0,6,0,0,1,0,0,0
0,0,1,4,0,0,0,0,15,0,0,1,1,0,0
0,0,1,3,0,0,0,0,7,0,0,1,1,0,0
0,0,1,1,0,0,0,0,17,0,0,1,1,0,0
0,0,1,4,0,0,1,0,15,0,0,1,1,0,0
0,0,1,3,0,0,0,0,15,0,0,1,0,0,0
0,0,1,1,0,0,0,0,14,0,0,1,1,0,0
0,0,1,3,0,0,0,0,13,0,0,2,0,1,0
0,0,1,3,0,0,0,0,9,0,0,1,0,0,0
0,0,1,2,0,0,0,0,8,0,0,1,1,0,0
0,0,1,1,0,0,0,0,12,0,0,1,0,0,0
0,0,1,1,0,0,0,0,9,3,0,1,1,0,0
0,0,1,4,0,0,0,0,17,0,0,1,1,0,0
0,0,1,4,0,0,0,0,11,0,0,2,0,1,0
0,0,1,4,0,0,0,0,11,0,0,1,1,0,0
0,0,1,4,0,0,0,0,11,0,0,2,0,1,0
0,0,1,0,0,0,0,0,14,0,0,1,1,0,0
0,0,1,6,0,0,0,0,10,3,0,1,1,0,0
0,0,1,5,0,0,0,0,10,0,0,1,1,0,0
0,0,1,2,0,0,0,0,16,0,0,1,1,0,0
0,0,1,1,0,0,0,0,15,0,0,1,1,0,0
0,0,1,4,1,0,0,0,18,0,0,1,1,0,0
0,0,1,2,0,0,0,0,13,0,0,1,1,0,0
0,0,1,5,0,0,1,0,14,0,0,1,1,0,0
0,0,1,2,0,0,0,0,6,0,0,1,0,0,0
0,0,1,2,0,0,0,0,6,0,0,1,1,0,0
0,0,1,3,0,0,0,0,13,0,0,1,1,0,0
0,0,1,3,0,0,0,0,13,0,0,1,1,0,0
0,0,1,2,0,0,0,0,15,0,0,1,1,0,0
0,0,1,2,0,0,0,0,11,0,0,1,1,0,0
0,0,1,3,0,0,0,0,17,0,0,1,1,0,0
0,0,1,10,0,0,0,0,15,0,0,1,1,0,0
0,0,1,4,0,0,0,0,11,0,0,1,1,0,0
0,0,1,3,0,0,0,0,15,0,0,1,0,0,0
0,0,1,2,0,0,0,0,15,0,0,1,1,0,0
0,0,1,3,0,0,0,0,8,4,0,1,0,0,0
0,0,1,7,0,0,0,0,6,0,0,1,0,0,0
0,0,1,1,0,0,0,0,11,0,0,1,0,0,0
0,0,1,5,0,0,0,0,15,0,0,1,1,0,0
0,0,1,4,0,0,0,0,9,0,0,1,1,0,0
0,0,1,2,0,0,0,0,11,0,0,1,1,0,0
0,0,1,2,0,0,0,0,11,0,0,1,1,0,0
0,0,1,10,0,0,0,0,15,0,0,1,1,0,0
0,0,1,2,0,0,0,0,14,0,0,1,1,0,0
0,0,1,4,0,0,0,0,9,0,0,1,1,0,0
0,0,1,3,0,0,0,0,13,0,0,1,0,0,0
0,0,1,6,0,0,0,0,10,0,0,1,0,0,0
0,0,1,3,0,0,0,0,15,0,0,1,1,0,0
0,0,1,1,0,0,0,0,11,0,0,1,0,0,0
0,0,1,3,0,0,0,1,13,0,1,1,1,0,0
0,0,1,7,0,0,0,0,6,0,0,1,0,0,0
0,0,1,2,0,0,0,0,12,0,0,1,1,0,0
0,0,1,6,0,0,0,0,6,0,0,1,0,0,0
0,0,1,6,0,0,0,0,14,0,0,1,1,0,0
0,0,1,2,0,0,1,0,9,0,0,2,0,1,0
0,0,1,1,0,0,0,0,12,0,0,1,1,0,0
0,0,1,2,0,0,0,0,16,2,0,1,1,0,0
0,0,1,1,0,0,0,0,15,3,0,1,1,0,0
0,0,1,2,0,0,0,0,13,0,0,1,0,0,0
0,0,1,5,0,0,0,0,11,0,0,1,1,0,0
0,0,1,4,0,0,1,0,7,0,0,1,1,0,0
0,0,1,10,0,0,0,0,15,0,0,1,1,0,0
0,0,1,3,0,0,1,0,15,0,0,1,1,0,0
0,0,1,1,0,0,0,0,15,3,0,1,1,0,0
0,0,1,3,0,0,0,0,13,0,0,1,1,0,0
0,0,1,4,0,0,0,0,11,0,0,1,1,0,0
0,0,1,3,0,0,0,0,7,0,0,1,1,0,0
0,0,1,1,0,0,1,0,14,0,0,1,1,0,0
0,0,1,2,0,0,0,0,6,0,0,1,0,0,0
0,0,1,3,0,0,0,0,13,0,0,1,1,0,0
0,0,1,10,0,0,0,0,15,0,0,1,1,0,0
0,0,1,3,0,0,0,0,14,0,0,2,0,1,0
0,0,1,2,0,0,0,0,8,0,0,1,1,0,0
0,0,1,4,0,0,0,0,14,0,0,1,1,0,0
0,0,1,4,0,0,0,0,14,0,0,1,1,0,0
0,1,1,2,0,0,0,0,10,0,0,1,1,0,0
0,0,1,8,0,0,0,0,10,0,0,1,1,0,0
0,0,1,2,0,0,0,0,9,2,0,1,0,0,0
0,0,1,5,0,0,0,0,10,0,0,1,1,0,0
0,0,1,5,0,0,0,0,10,0,0,2,1,1,0
0,0,1,3,0,0,0,0,15,0,0,1,1,0,0
0,0,1,4,0,0,0,0,11,0,0,2,0,1,0
0,0,1,8,0,0,0,0,10,0,0,1,1,0,0
0,0,1,2,0,0,0,0,10,0,0,1,1,0,0
0,0,1,2,0,0,0,0,9,2,0,1,0,0,0
0,0,1,5,0,0,0,0,15,0,0,1,1,0,0
0,0,1,4,0,0,0,0,14,0,0,1,0,0,0
0,0,1,2,0,0,0,0,16,0,0,1,1,0,0
0,0,1,2,0,0,0,0,12,0,0,1,1,0,0
0,0,1,4,0,0,0,0,9,0,0,1,1,0,0
0,0,1,4,0,0,0,0,15,0,0,2,0,1,0
0,0,1,3,0,0,0,0,15,0,0,1,0,0,0
0,0,1,2,0,0,0,0,14,0,0,1,1,0,0
0,0,1,3,0,0,1,0,10,0,0,1,1,0,0
0,0,1,1,0,0,0,0,11,0,0,1,1,0,0
0,0,1,1,0,0,0,0,11,0,0,1,1,0,0
0,0,1,2,0,0,0,0,10,0,0,1,1,0,0
0,0,1,4,0,0,1,0,10,0,0,1,1,0,0
0,0,1,4,0,0,1,0,10,0,0,1,1,0,0
0,0,1,2,0,0,0,0,9,2,0,1,0,0,0
0,0,1,3,0,0,0,0,13,0,0,1,1,0,0
0,0,1,2,0,0,0,0,13,0,0,1,1,0,0
0,0,1,3,0,0,0,0,15,0,0,1,0,0,0
0,0,1,3,0,0,0,0,11,0,0,1,0,0,0
0,0,1,2,0,0,0,0,10,0,0,1,1,0,0
0,0,1,2,0,0,0,0,8,0,0,1,1,0,0
0,0,1,5,0,0,0,0,14,0,0,1,1,0,0
0,0,1,4,0,0,0,0,17,0,0,1,1,0,0
0,0,1,4,0,0,0,0,17,0,0,1,1,0,0
0,0,1,3,0,0,0,0,16,0,0,1,1,0,0
0,0,1,3,0,0,0,0,8,4,0,1,0,0,0
0,0,1,1,0,0,0,0,14,0,0,2,0,1,0
0,0,1,1,0,0,0,0,11,0,0,1,0,0,0
0,0,1,3,0,0,0,0,15,0,0,2,0,1,0
0,0,1,6,0,0,0,0,12,0,0,1,1,0,0
0,0,1,2,0,0,0,0,13,0,0,1,1,0,0
0,0,1,3,0,0,0,0,8,0,0,1,1,0,0
0,0,1,4,0,0,1,0,15,0,0,1,1,0,0
0,0,1,3,0,0,0,0,6,0,0,1,0,0,0
0,0,1,2,0,0,0,0,10,0,0,1,1,0,0
0,0,1,2,0,0,0,0,7,0,0,1,0,0,0
0,0,1,2,0,0,0,0,13,0,0,1,1,0,0
0,0,1,3,0,0,1,0,6,0,0,1,1,0,0
0,0,1,2,0,0,0,0,14,0,0,1,1,0,0
0,0,1,6,0,0,0,0,12,0,0,1,1,0,0
0,0,1,1,0,0,0,0,10,0,0,1,0,0,0
0,0,1,7,0,0,0,0,14,0,0,1,1,0,0
0,0,1,4,0,0,0,0,12,0,0,1,1,0,0
0,0,1,4,0,0,0,0,12,0,0,1,1,0,0
0,0,1,6,0,0,0,0,10,0,0,1,1,0,0
0,0,1,4,0,0,0,0,6,0,0,1,1,0,0
0,0,1,2,0,0,0,0,13,0,0,1,1,0,0
0,0,1,5,0,0,0,0,6,0,0,1,0,0,0
0,0,1,4,0,0,0,0,9,0,0,1,1,0,0
0,0,1,2,0,0,0,0,10,0,0,1,1,0,0
0,0,1,5,0,0,0,0,11,0,0,1,1,0,0
0,0,1,2,0,0,0,0,9,2,0,1,0,0,0
0,0,1,2,0,0,0,0,6,0,0,1,1,0,0
0,0,1,3,0,0,0,0,6,0,0,1,0,0,0
0,0,1,2,0,0,0,0,12,0,0,1,1,0,0
0,0,1,7,0,0,0,0,10,0,0,1,1,0,0
0,0,1,3,0,0,0,0,15,0,0,1,0,0,0
0,0,1,3,0,0,1,0,10,0,0,1,1,0,0
0,0,1,2,0,0,0,0,10,0,0,1,0,0,0
0,0,1,1,0,0,0,0,17,0,0,1,1,0,0
0,0,1,2,0,0,0,0,10,0,0,1,0,0,0
0,0,1,2,0,0,0,0,12,0,0,1,1,0,0
0,0,1,5,0,0,0,0,15,0,0,1,1,0,0
0,0,1,3,0,0,0,0,8,0,0,1,1,0,0
0,0,1,3,0,0,0,0,12,0,0,1,1,0,0
0,0,1,5,0,0,0,0,15,0,0,1,1,0,0
0,0,1,4,0,0,0,0,9,0,0,1,1,0,0
0,0,1,3,0,0,0,0,13,0,0,1,1,0,0
0,0,1,4,0,0,0,0,11,0,0,1,1,0,0
0,0,1,4,0,0,0,0,17,0,0,1,1,0,0
0,0,1,1,0,0,0,0,21,0,0,1,1,0,0
0,0,1,1,0,0,0,0,11,0,0,1,1,0,0
0,0,1,2,0,0,0,0,13,0,0,1,1,0,0
0,0,1,4,0,0,0,0,7,0,0,1,1,0,0
0,0,1,3,0,0,0,0,7,1,0,1,0,0,0
0,0,1,1,0,0,0,0,21,0,0,1,1,0,0
0,0,1,1,0,0,0,0,12,0,0,1,1,0,0
0,0,1,2,0,0,0,0,9,0,0,1,0,0,0
0,0,1,3,0,0,0,0,13,0,0,2,0,1,0
0,0,1,4,0,0,0,0,14,0,0,1,1,0,0
0,0,1,2,0,0,0,0,12,0,0,1,1,0,0
0,0,1,10,0,0,0,0,15,0,0,1,1,0,0
0,0,1,2,0,0,0,0,12,0,0,1,1,0,0
0,0,1,2,0,0,0,0,13,0,0,1,1,0,0
0,0,1,4,0,0,1,0,10,0,0,1,1,0,0
0,0,1,3,0,0,0,0,13,0,0,1,1,0,0
0,0,1,3,0,0,0,0,6,0,0,1,0,0,0
0,0,1,6,0,0,0,0,14,0,0,1,1,0,0
0,0,1,1,0,0,0,0,10,0,0,1,0,0,0
0,0,1,3,0,0,0,0,6,0,0,1,0,0,0
0,0,1,2,0,0,0,0,12,0,0,1,1,0,0
0,0,1,3,0,0,0,0,13,0,0,1,1,0,0
0,0,1,2,0,0,0,0,12,0,0,1,1,0,0
0,0,1,3,0,0,0,0,6,0,0,1,0,0,0
0,0,1,4,0,0,0,0,17,0,0,1,1,0,0
0,0,1,2,0,0,0,0,13,0,0,1,1,0,0
0,0,1,2,0,0,0,0,10,0,0,1,1,0,0
0,0,1,3,0,0,1,0,10,0,0,1,1,0,0
0,0,1,3,0,0,1,0,15,0,0,1,1,0,0
0,0,1,3,0,0,0,0,7,0,0,1,1,0,0
0,0,1,2,0,0,0,0,10,0,0,1,1,0,0
0,0,1,2,0,0,0,0,10,0,0,1,1,0,0
0,0,1,1,0,0,0,0,15,0,0,1,1,0,0
0,0,1,5,0,0,0,0,6,0,0,1,0,0,0
0,0,1,5,0,0,0,0,11,0,0,1,1,0,0
0,1,1,2,0,0,0,0,10,0,0,1,1,0,0
0,0,1,5,0,0,0,0,10,0,0,2,1,1,0
0,0,1,1,0,0,0,0,14,0,0,1,1,0,0
0,0,1,2,0,0,0,0,13,0,0,1,0,0,0
0,0,1,3,0,0,0,0,11,0,0,1,1,0,0
0,0,1,4,0,0,0,0,12,0,0,1,1,0,0
0,0,1,2,0,0,0,0,11,0,0,1,1,0,0
0,0,1,2,0,0,0,0,12,0,0,1,1,0,0
0,0,1,4,0,0,0,0,14,0,0,1,1,0,0
0,0,1,1,0,0,0,0,11,0,0,1,1,0,0
0,0,1,5,0,0,0,0,12,2,0,1,1,0,0
0,0,1,3,0,0,0,0,11,0,0,1,1,0,0
0,0,1,4,0,0,0,0,11,0,0,1,1,0,0
0,0,1,5,0,0,0,0,14,0,0,1,1,0,0
0,0,1,5,0,0,0,0,12,0,0,1,1,0,0
0,0,1,2,0,0,0,0,8,0,0,1,1,0,0
0,0,1,2,0,0,0,0,8,0,0,1,1,0,0
0,0,1,7,0,0,0,0,11,0,0,2,1,1,0
0,0,1,3,0,0,0,0,15,0,0,1,0,0,0
0,0,1,2,0,0,0,0,10,0,0,1,1,0,0
0,0,1,2,0,0,0,0,12,0,0,1,1,0,0
0,0,1,2,0,0,0,0,12,0,0,1,1,0,0
0,0,1,1,0,0,0,0,21,0,0,1,1,0,0
0,0,1,10,0,0,0,0,15,0,0,1,1,0,0
0,0,1,7,0,0,0,0,14,0,0,1,1,0,0
0,0,1,3,0,0,0,0,10,0,0,1,1,0,0
0,0,1,2,0,0,0,0,8,0,0,1,1,0,0
0,0,1,6,0,0,0,0,6,0,0,1,0,0,0
0,0,1,3,0,0,0,0,15,0,0,1,0,0,0
0,0,1,6,0,0,0,0,14,0,0,1,1,0,0
0,0,1,4,0,0,0,0,12,0,0,1,1,0,0
0,0,1,4,0,0,0,0,14,0,0,1,1,0,0
0,0,1,4,0,0,0,0,9,0,0,1,1,0,0
0,0,1,4,0,0,0,0,11,0,0,1,1,0,0
0,0,1,2,0,0,0,0,12,0,0,1,1,0,0
0,0,1,3,0,0,0,0,15,0,0,1,1,0,0
0,0,1,3,0,0,0,0,16,0,0,1,1,0,0
0,0,1,4,0,0,0,0,6,0,0,1,0,0,0
0,0,1,4,0,0,0,0,16,2,0,1,1,0,0
0,0,1,5,0,0,0,0,10,0,0,1,0,0,0
0,0,1,3,0,0,0,0,12,0,0,1,1,0,0
0,0,1,6,0,0,0,0,12,0,0,1,1,0,0
0,0,1,4,0,0,1,0,10,0,0,1,1,0,0
0,0,1,2,0,0,0,0,12,0,0,1,1,0,0
0,0,1,4,0,0,0,0,11,0,0,1,1,0,0
0,0,1,2,0,0,0,0,12,0,0,1,1,0,0
0,0,1,5,0,0,0,0,12,0,0,2,0,1,0
0,0,1,2,0,0,0,0,16,2,0,1,1,0,0
0,0,1,2,0,0,0,0,9,2,0,1,0,0,0
0,0,1,3,0,0,0,0,7,0,0,1,1,0,0
0,0,1,6,0,0,0,0,13,0,0,1,1,0,0
0,0,1,3,0,0,0,0,12,0,0,1,1,0,0
0,0,1,4,0,0,0,0,6,0,0,1,1,0,0
0,0,1,2,0,0,0,0,10,0,0,1,1,0,0
0,0,1,3,0,0,0,0,7,0,0,1,1,0,0
0,0,1,3,0,0,0,0,14,0,0,1,1,0,0
0,0,1,6,0,0,0,0,14,0,0,1,1,0,0
0,0,1,9,0,0,0,0,10,0,0,2,1,1,0
0,0,1,3,0,0,0,0,15,0,0,1,0,0,0
0,0,1,1,0,0,0,0,11,0,0,1,1,0,0
0,0,1,1,0,0,0,0,21,0,0,1,1,0,0
0,0,1,7,0,0,0,0,14,0,0,1,1,0,0
0,0,1,3,0,0,0,0,16,0,0,1,1,0,0
0,0,1,2,0,0,0,0,12,0,0,1,1,0,0
0,0,1,3,0,0,0,1,13,0,1,1,1,0,0
0,0,1,3,0,0,0,0,10,0,0,1,1,0,0
0,0,1,5,0,0,0,0,15,0,0,1,1,0,0
0,0,1,6,0,0,0,0,14,0,0,1,1,0,0
0,0,1,4,0,0,0,0,16,1,0,2,0,1,0
0,0,1,1,0,0,0,0,12,0,0,1,1,0,0
0,0,1,4,0,0,0,0,15,0,0,2,0,1,0
0,0,1,2,0,0,0,0,9,2,0,1,0,0,0
0,0,1,0,0,0,0,0,14,0,0,1,1,0,0
0,0,1,3,0,0,0,0,15,0,0,1,0,0,0
0,0,1,5,0,0,0,0,15,0,0,1,1,0,0
0,0,1,4,0,0,0,0,14,0,0,1,0,0,0
0,0,1,1,0,0,0,0,11,0,0,1,1,0,0
0,0,1,2,0,0,0,0,10,0,0,1,0,0,0
0,0,1,2,0,0,0,0,13,0,0,1,0,0,0
0,0,1,7,0,0,1,0,9,0,0,2,0,1,0
0,0,1,2,0,0,1,0,12,0,0,1,1,0,0
0,0,1,4,0,0,0,0,16,1,0,2,0,1,0
0,0,1,3,0,0,0,0,15,0,0,1,0,0,0
0,0,1,4,0,0,0,0,15,0,0,2,0,1,0
0,0,1,1,0,0,0,0,15,0,0,1,1,0,0
0,0,1,4,0,0,0,0,11,0,0,2,0,1,0
0,0,1,1,0,0,0,0,17,0,0,1,1,0,0
0,0,1,2,0,0,0,0,10,0,0,1,1,0,0
0,0,1,3,0,0,0,0,8,4,0,1,0,0,0
0,0,1,3,0,0,0,0,15,0,0,1,0,0,0
0,0,1,4,0,0,0,0,15,0,0,1,1,0,0
0,0,1,4,0,0,0,0,7,0,0,1,1,0,0
0,0,1,3,0,0,0,0,14,0,0,1,1,0,0
0,0,1,4,0,0,0,0,14,0,0,1,1,0,0
0,0,1,4,0,0,0,0,11,0,0,1,1,0,0
0,0,1,1,0,0,0,0,11,0,0,1,0,0,0
0,0,1,3,0,0,0,0,8,4,0,1,0,0,0
0,0,1,1,0,0,0,0,15,0,0,1,1,0,0
0,1,1,2,0,0,0,0,10,0,0,1,1,0,0
0,0,1,1,0,0,0,0,11,0,0,1,1,0,0
0,0,1,4,0,0,0,0,7,0,0,1,1,0,0
0,0,1,3,0,0,0,0,9,0,0,1,1,0,0
0,0,1,2,0,0,0,0,10,0,0,1,1,0,0
0,0,1,3,0,0,0,0,15,0,0,1,0,0,0
0,0,1,5,0,0,0,0,10,0,0,1,1,0,0
0,0,1,6,0,0,0,0,13,0,0,1,1,0,0
0,0,1,10,0,0,0,0,15,0,0,1,1,0,0
0,0,1,4,0,0,0,0,11,0,0,2,0,1,0
0,0,1,2,0,0,0,0,12,0,0,1,1,0,0
0,0,1,1,0,0,0,0,11,0,0,1,0,0,0
0,0,1,3,0,0,0,0,8,0,0,1,1,0,0
0,0,1,7,0,0,1,0,9,0,0,2,0,1,0
0,0,1,4,0,0,0,0,15,0,0,1,1,0,0
0,0,1,1,0,0,0,0,15,3,0,1,1,0,0
0,0,1,2,0,0,0,0,12,0,0,1,1,0,0
0,0,1,2,0,0,0,0,13,0,0,1,0,0,0
0,0,1,2,0,0,0,0,10,0,0,1,1,0,0
0,0,1,4,0,0,0,0,7,0,0,1,1,0,0
0,0,1,3,0,0,0,0,9,0,0,1,1,0,0
0,0,1,10,0,0,0,0,15,0,0,1,1,0,0
0,0,1,4,0,0,0,0,6,0,0,1,0,0,0
0,0,1,2,0,0,0,0,12,0,0,1,1,0,0
0,0,1,2,0,0,0,0,10,0,0,1,1,0,0
0,0,1,4,0,0,0,0,15,0,0,1,1,0,0
0,0,1,1,0,0,0,0,21,0,0,1,1,0,0
0,0,1,2,0,0,0,0,8,0,0,1,1,0,0
0,0,1,5,0,0,0,0,12,2,0,1,1,0,0
0,0,1,5,0,0,0,0,6,0,0,1,0,0,0
0,0,1,2,0,0,0,0,13,0,0,1,0,0,0
0,0,1,5,0,0,0,0,11,0,0,1,1,0,0
0,0,1,10,0,0,0,0,15,0,0,1,1,0,0
0,0,1,3,0,0,0,0,11,0,0,1,1,0,0
0,0,1,6,0,0,0,0,10,0,0,1,1,0,0
0,0,1,3,0,0,0,0,12,0,0,1,1,0,0
0,0,1,2,0,0,0,0,8,0,0,1,1,0,0
0,0,1,3,0,0,0,0,13,0,0,1,1,0,0
0,0,1,2,0,0,0,0,13,0,0,1,1,0,0
0,0,1,3,0,0,0,0,13,0,0,1,1,0,0
0,0,1,3,0,0,0,0,12,0,0,1,1,0,0
0,0,1,3,0,0,0,0,13,0,0,1,0,0,0
0,0,1,5,0,0,0,0,6,0,0,1,0,0,0
0,0,1,2,0,0,0,0,6,0,0,1,1,0,0
0,0,1,3,0,0,1,0,10,0,0,1,1,0,0
0,0,1,6,0,0,0,0,14,0,0,1,1,0,0
0,0,1,2,0,0,0,0,12,0,0,1,1,0,0
0,0,1,10,0,0,0,0,15,0,0,1,1,0,0
0,0,1,4,0,0,0,0,11,0,0,1,1,0,0
0,0,1,3,0,0,0,0,8,4,0,1,0,0,0
0,0,1,2,0,0,0,0,12,0,0,1,1,0,0
0,0,1,3,0,0,0,0,13,0,0,2,0,1,0
0,0,1,2,0,0,0,0,8,0,0,1,1,0,0
0,0,1,3,0,0,0,0,14,0,0,1,0,0,0
0,0,1,5,0,0,0,0,9,0,0,1,1,0,0
0,0,1,1,0,0,0,0,15,0,0,1,1,0,0
0,0,1,3,0,0,0,0,15,0,0,1,1,0,0
0,0,1,3,0,0,0,0,6,0,0,1,0,0,0
0,0,1,3,0,0,0,0,15,0,0,1,0,0,0
0,0,1,2,0,0,0,0,10,0,0,1,1,0,0
0,0,1,2,0,0,0,0,12,0,0,1,1,0,0
0,0,1,2,0,0,0,0,12,0,0,1,0,0,0
0,0,1,7,0,0,1,0,9,0,0,2,0,1,0
0,0,1,1,0,0,0,0,17,0,0,1,1,0,0
0,0,1,3,0,0,1,0,15,0,0,1,1,0,0
0,0,1,3,0,0,0,0,12,0,0,1,1,0,0
0,0,1,2,0,0,0,0,13,0,0,1,1,0,0
0,0,1,2,0,0,0,0,12,0,0,1,1,0,0
0,0,1,3,0,0,0,0,11,0,0,1,0,0,0
0,0,1,1,0,0,0,0,11,0,0,1,1,0,0
0,0,1,2,0,0,0,0,15,0,0,2,0,1,0
0,0,1,10,0,0,0,0,15,0,0,1,1,0,0
0,0,1,2,0,0,0,0,13,0,0,1,1,0,0
0,0,1,2,0,0,0,0,10,0,0,1,1,0,0
0,0,1,2,0,0,0,0,16,2,0,1,1,0,0
0,0,1,1,0,0,0,0,11,0,0,1,1,0,0
0,0,1,2,0,0,0,0,12,0,0,1,1,0,0
0,0,1,2,0,0,0,0,12,0,0,1,1,0,0
0,0,1,7,0,0,0,0,6,0,0,1,0,0,0
0,0,1,6,0,0,0,0,10,0,0,1,1,0,0
0,0,1,4,0,0,0,0,11,0,0,1,1,0,0
0,0,1,3,0,0,0,0,17,0,0,1,1,0,0
0,0,1,4,0,0,0,0,13,0,0,1,0,0,0
0,0,1,4,0,0,1,0,10,0,0,1,1,0,0
0,0,1,2,0,0,0,0,13,0,0,1,0,0,0
0,0,1,2,0,0,0,0,12,0,0,1,1,0,0
0,0,1,1,0,0,0,0,9,3,0,1,1,0,0
0,0,1,5,0,0,0,0,11,0,0,1,1,0,0
0,0,1,3,0,0,0,0,7,0,0,1,1,0,0
0,0,1,2,0,0,0,0,12,0,0,1,1,0,0
0,0,1,2,0,0,0,0,10,0,0,1,1,0,0
0,0,1,6,0,0,0,0,14,0,0,1,1,0,0
0,0,1,2,0,0,0,0,13,0,0,1,1,0,0
0,0,1,3,0,0,0,0,15,0,0,1,1,0,0
0,0,1,1,0,0,0,0,11,0,0,1,1,0,0
0,0,1,4,0,0,0,0,9,0,0,1,1,0,0
0,0,1,2,0,0,0,1,18,0,2,1,0,0,0
0,0,1,4,0,0,0,0,6,0,0,1,0,0,0
0,0,1,3,0,0,0,0,11,0,0,1,1,0,0
0,0,1,2,0,0,0,0,13,0,0,1,0,0,0
0,0,1,3,0,0,0,0,10,0,0,1,0,0,0
0,0,1,4,0,0,0,0,15,0,0,1,1,0,0
0,0,1,2,0,0,0,0,11,0,0,1,1,0,0
0,0,1,4,0,0,0,0,9,0,0,1,1,0,0
0,0,1,2,0,0,0,0,13,0,0,1,1,0,0
0,0,1,2,0,0,0,0,17,0,0,1,1,0,0
0,0,1,3,0,0,0,0,15,0,0,1,1,0,0
0,0,1,5,0,0,0,0,15,0,0,1,1,0,0
0,0,1,3,0,0,0,0,15,0,0,2,0,1,0
0,0,1,2,0,0,0,0,13,0,0,1,1,0,0
0,0,1,1,0,0,0,0,11,0,0,1,1,0,0
0,0,1,4,0,0,1,0,10,0,0,1,1,0,0
0,0,1,1,0,0,0,0,13,2,0,1,1,0,0
0,0,1,2,0,0,0,0,9,2,0,1,0,0,0
0,0,1,10,0,0,0,0,15,0,0,1,1,0,0
0,0,1,1,0,0,0,0,20,0,0,1,1,0,0
0,0,1,2,0,0,0,0,10,0,0,1,0,0,0
0,0,1,2,0,0,0,0,12,0,0,1,1,0,0
0,0,1,3,0,0,0,0,15,0,0,1,0,0,0
0,0,1,10,0,0,0,0,15,0,0,1,1,0,0
0,0,1,2,0,0,0,0,13,0,0,1,1,0,0
0,0,1,2,0,0,0,0,9,2,0,1,0,0,0
0,0,1,6,0,0,0,0,12,0,0,1,1,0,0
0,0,1,3,0,0,0,0,15,0,0,1,0,0,0
0,0,1,5,0,0,1,0,14,0,0,1,1,0,0
0,0,1,2,0,0,0,0,12,0,0,1,1,0,0
0,0,1,5,0,0,0,0,15,0,0,1,1,0,0
0,0,1,3,0,0,0,0,15,0,0,1,0,0,0
0,0,1,5,0,0,0,0,10,0,0,1,1,0,0
0,0,1,2,0,0,0,0,13,0,0,1,1,0,0
0,0,1,2,0,0,1,0,9,0,0,1,1,0,0
0,0,1,6,0,0,0,0,10,0,0,1,1,0,0
0,0,1,2,0,0,0,0,8,0,0,1,1,0,0
0,0,1,2,0,0,0,0,11,0,0,1,1,0,0
0,0,1,3,0,0,0,0,9,0,0,1,1,0,0
0,0,1,4,0,0,0,0,16,1,0,2,0,1,0
0,0,1,6,0,0,0,0,13,0,0,1,1,0,0
0,0,1,6,0,0,0,0,14,0,0,1,1,0,0
0,0,1,4,0,0,0,0,15,0,0,2,0,1,0
0,0,1,2,0,0,0,0,12,0,0,1,1,0,0
0,0,1,1,0,0,0,0,17,0,0,1,1,0,0
0,0,1,6,0,0,0,0,10,0,0,1,1,0,0
0,0,1,2,0,0,0,0,12,0,0,1,1,0,0
0,0,1,3,0,0,0,0,13,0,0,2,0,1,0
0,0,1,2,0,0,0,0,10,0,0,1,0,0,0
0,0,1,7,0,0,0,0,6,0,0,1,0,0,0
0,0,1,3,0,0,0,0,8,4,0,1,0,0,0
0,0,1,5,0,0,0,0,12,0,0,1,1,0,0
0,0,1,5,0,0,0,0,14,0,0,1,1,0,0
0,0,1,6,0,0,0,0,14,0,0,1,1,0,0
0,0,1,5,0,0,0,0,12,0,0,1,1,0,0
0,0,1,1,0,0,1,0,11,0,0,1,1,0,0
0,0,1,8,0,0,0,0,10,0,0,1,1,0,0
0,0,1,3,0,0,0,0,8,0,0,1,1,0,0
0,0,1,4,0,0,1,0,10,0,0,1,1,0,0
0,0,1,5,0,0,0,0,6,0,0,1,0,0,0
0,0,1,4,0,0,0,0,9,0,0,1,1,0,0
0,0,1,2,0,0,0,0,10,0,0,1,1,0,0
0,0,1,2,0,0,0,0,13,0,0,1,0,0,0
0,0,1,4,0,0,0,0,15,0,0,2,0,1,0
0,0,1,1,0,0,0,0,15,0,0,1,1,0,0
0,0,1,1,0,0,0,0,11,0,0,1,0,0,0
0,0,1,5,0,0,0,0,12,2,0,1,1,0,0
0,0,1,2,0,0,0,0,12,0,0,1,1,0,0
0,0,1,3,0,0,0,0,15,0,0,1,1,0,0
0,0,1,3,0,0,0,0,8,0,0,1,1,0,0
0,0,1,2,0,0,0,0,13,0,0,1,1,0,0
0,0,1,1,0,0,0,0,13,2,0,1,1,0,0
0,0,1,2,0,0,0,0,7,0,0,1,0,0,0
0,0,1,7,0,0,1,0,9,0,0,2,0,1,0
0,0,1,3,0,0,0,0,15,0,0,1,0,0,0
0,0,1,2,0,0,0,0,9,2,0,1,0,0,0
0,0,1,3,0,0,0,0,15,0,0,1,0,0,0
0,0,1,1,0,0,0,0,12,0,0,1,1,0,0
0,0,1,5,0,0,0,0,11,0,0,1,1,0,0
0,0,1,5,0,0,0,0,14,0,0,1,1,0,0
0,0,1,2,0,0,0,0,12,0,0,1,1,0,0
0,0,1,2,0,0,0,0,12,0,0,1,1,0,0
0,0,1,4,0,0,0,0,11,0,0,1,1,0,0
0,0,1,1,0,0,0,0,10,0,0,1,0,0,0
0,0,1,3,0,0,0,0,7,0,0,1,1,0,0
0,0,1,3,0,0,0,0,7,0,0,1,0,0,0
0,0,1,2,0,0,0,0,10,0,0,1,1,0,0
0,0,1,2,0,0,1,0,7,0,0,1,1,0,0
0,0,1,3,0,0,0,0,8,4,0,1,0,0,0
0,0,1,3,0,0,1,0,15,0,0,1,1,0,0
0,0,1,2,0,0,0,0,12,0,0,1,1,0,0
0,0,1,2,0,0,0,0,16,0,0,1,1,0,0
0,0,1,3,0,0,0,0,6,0,0,1,0,0,0
0,0,1,3,0,0,0,0,7,0,0,1,1,0,0
0,0,1,3,0,0,0,0,14,0,0,1,1,0,0
0,0,1,4,0,0,0,0,7,0,0,1,1,0,0
0,0,1,2,0,0,0,0,10,0,0,1,1,0,0
0,0,1,10,0,0,0,0,15,0,0,1,1,0,0
0,0,1,2,0,0,0,0,9,0,0,1,1,0,0
0,0,1,3,0,0,0,0,8,4,0,1,0,0,0
0,0,1,2,0,0,0,0,9,0,0,1,0,0,0
0,0,1,3,0,0,0,0,13,0,0,1,1,0,0
0,0,1,5,0,0,0,0,14,0,0,1,1,0,0
0,0,1,3,0,0,0,0,17,0,0,1,1,0,0
0,0,1,8,0,0,0,0,6,0,0,1,0,0,0
0,0,1,2,0,0,0,0,10,0,0,1,1,0,0
0,0,1,3,0,0,1,0,10,0,0,1,1,0,0
0,0,1,1,0,0,0,0,20,0,0,1,1,0,0
0,0,1,3,0,0,0,0,7,0,0,1,1,0,0
0,0,1,4,0,0,0,0,6,0,0,1,0,0,0
0,0,1,3,0,0,0,0,7,0,0,1,1,0,0
0,0,1,3,0,0,0,0,6,0,0,1,0,0,0
0,0,1,4,0,0,0,0,11,0,0,2,0,1,0
0,0,1,5,0,0,0,0,11,0,0,1,1,0,0
0,0,1,2,0,0,0,0,17,0,0,1,1,0,0
0,0,1,4,0,0,0,0,9,0,0,1,1,0,0
0,0,1,4,0,0,0,0,11,0,0,1,1,0,0
0,0,1,2,0,0,0,0,13,0,0,1,0,0,0
0,0,1,4,0,0,0,0,12,0,0,1,1,0,0
0,0,1,5,0,0,0,0,12,2,0,1,1,0,0
0,0,1,4,0,0,0,0,9,0,0,1,1,0,0
0,0,1,3,0,0,0,0,8,0,0,1,1,0,0
0,0,1,7,0,0,0,0,6,0,0,1,0,0,0
0,0,1,4,0,0,0,0,9,0,0,1,1,0,0
0,0,1,2,0,0,0,0,13,0,0,1,0,0,0
0,0,1,1,0,0,0,0,11,0,0,1,1,0,0
0,0,1,3,0,0,0,0,15,0,0,1,0,0,0
0,0,1,3,0,0,0,0,14,0,0,1,1,0,0
0,0,1,4,0,0,0,0,17,0,0,1,1,0,0
0,0,1,3,0,0,1,0,10,0,0,1,1,0,0
0,0,1,2,0,0,0,0,12,0,0,1,1,0,0
0,0,1,3,0,0,0,0,10,0,0,1,0,0,0
0,0,1,4,0,0,1,0,10,0,0,1,1,0,0
0,0,1,1,0,0,0,0,10,0,0,1,0,0,0
0,0,1,3,0,0,0,0,11,0,0,1,0,0,0
0,0,1,10,0,0,0,0,15,0,0,1,1,0,0
0,0,1,3,0,0,0,0,13,0,0,1,1,0,0
0,0,1,6,0,0,0,0,14,0,0,1,1,0,0
0,0,1,2,0,0,0,0,9,2,0,1,0,0,0
0,0,1,4,0,0,0,0,13,0,0,1,1,0,0
0,0,1,2,0,0,0,0,17,0,0,1,1,0,0
0,0,1,3,0,0,1,0,15,0,0,1,1,0,0
0,0,1,4,0,0,1,0,7,0,0,1,1,0,0
0,0,1,3,0,0,0,0,15,0,0,1,0,0,0
0,0,1,1,0,0,0,0,15,0,0,1,1,0,0
0,0,1,4,0,0,1,0,15,0,0,1,1,0,0
0,0,1,3,0,0,0,0,17,0,0,1,1,0,0
0,0,1,7,0,0,0,0,14,0,0,1,1,0,0
0,0,1,2,0,0,0,0,11,0,0,1,1,0,0
0,0,1,3,0,0,0,0,9,0,0,1,0,0,0
0,0,1,3,0,0,0,0,10,0,0,1,1,0,0
0,0,1,3,0,0,0,0,15,0,0,1,1,0,0
0,0,1,2,0,0,0,0,17,0,0,1,1,0,0
0,0,1,4,0,0,0,0,16,1,0,2,0,1,0
0,0,1,3,0,0,0,0,14,0,0,1,1,0,0
0,0,1,1,0,0,0,0,14,0,0,2,0,1,0
0,0,1,3,0,0,0,0,6,0,0,1,0,0,0
0,0,1,5,0,0,0,0,12,2,0,1,1,0,0
0,0,1,3,0,0,0,0,13,0,0,1,1,0,0
0,0,1,2,0,0,0,0,15,0,0,2,0,1,0
0,0,1,4,0,0,0,0,7,0,0,1,1,0,0
0,0,1,4,0,0,0,0,11,0,0,1,1,0,0
0,0,1,1,0,0,0,0,17,0,0,1,1,0,0
0,0,1,4,0,0,0,0,12,0,0,1,1,0,0
0,0,1,1,0,0,0,0,23,0,0,1,1,0,0
0,0,1,2,0,0,0,0,8,0,0,1,1,0,0
0,0,1,3,0,0,0,0,14,0,0,1,1,0,0
0,0,1,3,0,0,0,0,15,0,0,1,1,0,0
0,0,1,3,0,0,0,0,13,0,0,1,1,0,0
0,0,1,4,0,0,0,0,17,0,0,1,1,0,0
0,0,1,2,0,0,0,0,12,0,0,1,1,0,0
0,0,1,4,0,0,1,0,10,0,0,1,1,0,0
0,0,1,2,0,0,0,0,10,0,0,1,1,0,0
0,0,1,1,0,0,0,0,11,0,0,1,1,0,0
0,0,1,1,0,0,0,0,10,0,0,1,1,0,0
0,0,1,2,0,0,0,0,13,0,0,1,1,0,0
0,0,1,10,0,0,0,0,9,0,0,1,1,0,0
0,0,1,2,0,0,0,0,10,0,0,1,1,0,0
0,0,1,2,0,0,0,0,15,0,0,2,0,1,0
0,0,1,5,0,0,0,0,10,0,0,1,1,0,0
0,0,1,4,0,0,0,0,17,0,0,1,1,0,0
0,0,1,2,0,0,0,0,13,0,0,1,1,0,0
0,0,1,4,0,0,0,0,14,0,0,1,0,0,0
0,0,1,2,0,0,0,0,10,0,0,1,1,0,0
0,0,1,3,0,0,0,0,15,0,0,1,0,0,0
0,0,1,4,0,0,0,0,11,0,0,1,1,0,0
0,0,1,4,0,0,0,0,14,0,0,1,1,0,0
0,0,1,3,0,0,0,0,18,0,0,1,1,0,0
0,0,1,2,0,0,0,0,15,0,0,1,1,0,0
0,0,1,5,0,0,0,0,11,0,0,1,1,0,0
0,0,1,2,0,0,0,0,6,0,0,1,1,0,0
0,0,1,2,0,0,0,0,12,0,0,1,1,0,0
0,0,1,5,0,0,0,0,15,0,0,1,1,0,0
0,0,1,3,0,0,0,0,8,0,0,1,1,0,0
0,0,1,4,0,0,0,0,14,0,0,1,1,0,0
0,0,1,6,0,0,0,0,13,0,0,1,1,0,0
0,0,1,2,0,0,0,0,10,0,0,1,0,0,0
0,0,1,5,0,0,0,0,11,0,0,1,1,0,0
0,0,1,7,0,0,0,0,6,0,0,1,0,0,0
0,0,1,5,0,0,0,0,12,2,0,1,1,0,0
0,0,1,5,0,0,0,0,11,0,0,1,0,0,0
0,0,1,2,0,0,0,0,10,0,0,1,0,0,0
0,0,1,3,0,0,1,0,10,0,0,1,1,0,0
0,0,1,2,0,0,0,0,10,0,0,1,0,0,0
0,0,1,3,0,0,0,0,14,0,0,1,1,0,0
0,0,1,1,0,0,0,0,11,0,0,1,1,0,0
0,0,1,1,0,0,0,0,17,0,0,1,1,0,0
0,0,1,4,0,0,0,0,12,0,0,1,1,0,0
0,0,1,1,0,0,0,0,17,0,0,1,1,0,0
0,0,1,10,0,0,0,0,15,0,0,1,1,0,0
0,0,1,2,0,0,0,0,10,0,0,1,1,0,0
0,0,1,5,0,0,0,0,13,0,0,1,0,0,0
0,0,1,1,0,0,0,0,11,0,0,1,1,0,0
0,0,1,2,0,0,0,0,12,0,0,1,1,0,0
0,0,1,2,0,0,0,0,17,0,0,1,1,0,0
0,0,1,3,0,0,0,0,14,0,0,1,1,0,0
0,0,1,5,0,0,0,0,15,0,0,1,1,0,0
0,0,1,5,0,0,1,0,10,0,0,1,1,0,0
0,0,1,5,0,0,0,0,15,0,0,1,1,0,0
0,0,1,2,0,0,0,0,14,0,0,1,1,0,0
0,0,1,4,0,0,0,0,14,0,0,1,1,0,0
0,0,1,5,0,0,0,0,10,0,0,1,1,0,0
0,0,1,6,0,0,0,0,14,0,0,1,1,0,0
0,0,1,3,0,0,0,0,15,0,0,1,0,0,0
0,0,1,7,0,0,1,0,9,0,0,2,0,1,0
0,0,1,2,0,0,0,0,6,0,0,1,1,0,0
0,0,1,10,0,0,0,0,15,0,0,1,1,0,0
0,0,1,6,0,0,0,0,6,0,0,1,0,0,0
0,0,1,2,0,0,0,0,13,0,0,1,1,0,0
0,0,1,1,1,0,1,0,13,0,0,1,1,0,0
0,0,1,5,0,0,0,0,10,0,0,1,1,0,0
0,0,1,3,0,0,0,0,15,0,0,1,0,0,0
0,0,1,2,1,0,0,0,14,0,0,1,1,0,0
0,0,1,5,0,0,0,0,15,0,0,1,1,0,0
0,0,1,3,0,0,0,0,15,0,0,1,0,0,0
0,0,1,6,0,0,0,0,14,0,0,1,1,0,0
0,0,1,4,0,0,0,0,7,0,0,1,1,0,0
0,0,1,5,0,0,0,0,12,0,0,1,1,0,0
0,0,1,1,0,0,0,0,10,0,0,1,1,0,0
0,0,1,5,0,0,0,0,10,0,0,1,1,0,0
0,0,1,4,0,0,1,0,10,0,0,1,1,0,0
0,0,1,3,0,0,0,0,7,0,0,1,1,0,0
0,0,1,1,0,0,0,0,11,0,0,1,1,0,0
0,0,1,2,0,0,0,0,9,2,0,1,0,0,0
0,0,1,4,0,0,0,0,9,0,0,1,1,0,0
0,0,1,2,0,0,1,0,9,3,0,1,1,0,0
0,0,1,2,0,0,0,0,13,0,0,1,0,0,0
0,0,1,5,0,0,0,0,11,0,0,1,1,0,0
0,0,1,2,0,0,0,0,13,0,0,2,0,1,0
0,0,1,4,0,0,0,0,11,0,0,1,1,0,0
0,0,1,3,0,0,0,0,7,0,0,1,1,0,0
0,0,1,2,0,0,0,0,12,0,0,1,1,0,0
0,0,1,3,0,0,1,0,15,0,0,1,1,0,0
0,0,1,2,0,0,0,0,8,0,0,1,0,0,0
0,0,1,3,0,0,0,0,12,0,0,1,1,0,0
0,0,1,2,0,0,0,0,13,0,0,1,0,0,0
0,0,1,4,0,0,0,0,6,0,0,1,1,0,0
0,0,1,4,0,0,0,0,9,0,0,1,1,0,0
0,0,1,3,0,0,0,0,15,0,0,1,0,0,0
0,0,1,1,0,0,0,0,11,0,0,1,1,0,0
0,0,1,3,0,0,0,0,14,0,0,1,1,0,0
0,0,1,2,0,0,0,0,10,0,0,1,1,0,0
0,0,1,1,0,0,0,0,11,0,0,1,1,0,0
0,0,1,4,0,0,0,0,15,0,0,1,1,0,0
0,0,1,3,0,0,0,0,14,0,0,1,1,0,0
0,0,1,2,0,0,0,0,9,2,0,1,0,0,0
0,0,1,2,0,0,0,0,13,0,0,1,1,0,0
0,0,1,5,0,0,0,0,14,0,0,1,1,0,0
0,0,1,2,0,0,0,0,13,0,0,1,0,0,0
0,0,1,1,0,0,0,0,9,3,0,1,1,0,0
0,0,1,2,0,0,0,0,15,0,0,2,0,1,0
0,0,1,4,0,0,0,0,11,0,0,2,0,1,0
0,0,1,3,0,0,0,0,8,4,0,1,0,0,0
0,0,1,3,0,0,0,1,13,0,1,1,1,0,0
0,0,1,6,0,0,0,0,12,0,0,1,1,0,0
0,0,1,5,0,0,0,0,10,0,0,1,1,0,0
0,0,1,2,0,0,0,0,12,0,0,1,1,0,0
0,0,1,4,0,0,0,0,14,0,0,1,1,0,0
0,0,1,4,0,0,0,0,17,0,0,1,1,0,0
0,0,1,3,0,0,0,0,15,0,0,1,0,0,0
0,0,1,3,0,0,1,0,15,0,0,1,1,0,0
0,0,1,3,0,0,0,0,15,0,0,1,1,0,0
0,0,1,2,0,0,0,0,12,0,0,1,1,0,0
0,0,1,3,0,0,0,0,9,0,0,1,1,0,0
0,0,1,3,0,0,1,0,9,3,0,1,1,0,0
0,0,1,2,0,0,0,0,13,0,0,1,0,0,0
0,0,1,1,0,0,0,0,11,0,0,1,0,0,0
0,0,1,3,0,0,0,0,7,0,0,1,1,0,0
0,0,1,3,0,0,0,0,6,0,0,1,0,0,0
0,0,1,4,0,0,0,0,16,1,0,2,0,1,0
0,0,1,4,0,0,0,0,15,0,0,2,0,1,0
0,0,1,2,0,0,0,0,10,0,0,1,0,0,0
0,0,1,2,0,0,1,0,18,0,0,1,1,0,0
0,0,1,1,0,0,0,0,14,0,0,2,0,1,0
0,0,1,6,0,0,0,0,14,0,0,1,1,0,0
0,0,1,4,0,0,0,0,14,0,0,1,0,0,0
0,0,1,5,0,0,0,0,11,0,0,1,1,0,0
0,0,1,3,0,0,1,0,10,0,0,1,1,0,0
0,0,1,4,0,0,0,0,15,0,0,1,1,0,0
0,0,1,4,0,0,0,0,17,0,0,1,1,0,0
0,0,1,2,0,0,0,0,15,0,0,1,1,0,0
0,0,1,4,0,0,0,0,13,0,0,1,0,0,0
0,0,1,3,0,0,0,0,12,0,0,1,1,0,0
0,0,1,2,0,0,0,0,16,0,0,1,1,0,0
0,0,1,2,0,0,0,0,9,2,0,1,0,0,0
0,0,1,1,0,0,0,0,15,3,0,1,1,0,0
0,0,1,1,0,0,0,0,12,0,0,1,1,0,0
0,1,1,2,0,0,0,0,10,0,0,1,1,0,0
0,0,1,3,0,0,0,0,12,0,0,1,1,0,0
0,0,1,2,0,0,0,0,12,0,0,1,1,0,0
0,0,1,3,0,0,0,0,15,0,0,1,1,0,0
0,0,1,3,0,0,0,0,15,0,0,2,0,1,0
0,0,1,2,0,0,0,0,10,0,0,1,0,0,0
0,0,1,3,0,0,1,0,9,3,0,1,1,0,0
0,0,1,6,0,0,0,0,14,0,0,1,1,0,0
0,0,1,3,0,0,1,0,15,0,0,1,1,0,0
0,0,1,2,0,0,0,0,12,0,0,1,1,0,0
0,0,1,2,0,0,0,0,13,0,0,1,1,0,0
0,0,1,5,0,0,0,0,10,0,0,1,1,0,0
0,0,1,10,0,0,0,0,15,0,0,1,1,0,0
0,0,1,2,0,0,0,0,13,0,0,1,0,0,0
0,0,1,4,0,0,0,0,11,0,0,2,0,1,0
0,0,1,4,0,0,0,0,14,0,0,1,1,0,0
0,0,1,5,0,0,0,0,12,2,0,1,1,0,0
0,0,1,7,0,0,0,0,6,0,0,1,0,0,0
0,0,1,1,0,0,0,0,11,0,0,1,0,0,0
0,0,1,2,0,0,0,0,13,0,0,1,1,0,0
0,0,1,2,0,0,0,0,9,2,0,1,0,0,0
0,0,1,6,0,0,0,0,10,0,0,1,1,0,0
0,0,1,2,0,0,1,0,9,0,0,2,0,1,0
0,0,1,4,0,0,0,0,7,0,0,1,1,0,0
0,0,1,5,0,0,0,0,11,0,0,1,1,0,0
0,0,1,2,0,0,0,0,13,0,0,1,1,0,0
0,0,1,2,0,0,0,0,12,0,0,2,0,1,0
0,0,1,4,0,0,0,0,13,0,0,1,1,0,0
0,0,1,1,0,0,0,0,11,0,0,1,1,0,0
0,0,1,1,0,0,0,0,10,0,0,1,0,0,0
0,0,1,2,0,0,0,0,15,0,0,1,1,0,0
0,0,1,2,0,0,0,0,13,0,0,1,1,0,0
0,0,1,1,0,0,0,0,15,0,0,1,1,0,0
0,0,1,4,0,0,0,0,11,0,0,2,0,1,0
0,0,1,2,0,0,0,0,10,0,0,1,0,0,0
0,0,1,3,0,0,0,0,13,0,0,1,1,0,0
0,0,1,3,0,0,1,0,15,0,0,1,1,0,0
0,0,1,2,0,0,0,0,13,0,0,1,1,0,0
0,0,1,4,0,0,0,0,11,0,0,1,1,0,0
0,0,1,1,0,0,0,0,12,0,0,1,1,0,0
0,0,1,1,0,0,0,0,11,0,0,1,1,0,0
0,0,1,1,0,0,0,0,12,0,0,1,1,0,0
0,0,1,4,0,0,0,0,6,0,0,1,1,0,0
0,0,1,3,0,0,0,0,9,0,0,1,1,0,0
0,0,1,4,0,0,0,0,6,0,0,1,1,0,0
0,0,1,3,0,0,0,0,15,0,0,1,0,0,0
0,0,1,4,0,0,0,0,15,0,0,1,1,0,0
0,0,1,2,0,0,0,0,13,0,0,1,0,0,0
0,0,1,3,0,0,0,0,6,0,0,1,0,0,0
0,0,1,2,0,0,0,0,17,0,0,1,1,0,0
0,0,1,2,0,0,0,0,10,0,0,1,0,0,0
0,0,1,10,0,0,0,0,15,0,0,1,1,0,0
0,0,1,5,0,0,0,0,11,0,0,1,1,0,0
0,0,1,4,0,0,0,0,14,0,0,1,1,0,0
0,0,1,2,0,0,0,0,12,0,0,1,1,0,0
0,0,1,3,0,0,0,0,15,0,0,1,0,0,0
0,0,1,3,0,0,0,0,13,0,0,1,1,0,0
0,0,1,3,0,0,0,0,14,0,0,1,1,0,0
0,0,1,7,0,0,0,0,14,0,0,1,1,0,0
0,0,1,4,0,0,0,0,6,0,0,1,1,0,0
0,0,1,2,0,0,0,0,13,0,0,1,0,0,0
0,0,1,2,0,0,0,0,10,0,0,1,0,0,0
0,0,1,2,0,0,0,0,9,2,0,1,0,0,0
0,0,1,4,0,0,0,0,9,0,0,1,1,0,0
0,0,1,6,0,0,0,0,10,0,0,1,1,0,0
0,0,1,0,0,0,0,0,14,0,0,1,1,0,0
0,0,1,2,0,0,0,0,17,0,0,1,1,0,0
0,0,1,2,0,0,0,0,15,0,0,2,0,1,0
0,0,1,2,0,0,0,0,8,0,0,1,1,0,0
0,0,1,2,0,0,0,0,15,0,0,1,1,0,0
0,0,1,3,0,0,1,0,18,0,0,1,1,0,0
0,0,1,14,0,0,0,0,13,0,0,2,0,1,0
0,0,1,3,0,0,0,0,9,0,0,1,0,0,0
0,0,1,0,0,0,0,0,14,0,0,1,1,0,0
0,0,1,2,0,0,0,0,12,0,0,1,1,0,0
0,0,1,2,0,0,0,0,13,0,0,1,1,0,0
0,0,1,9,0,0,0,0,9,0,0,1,1,0,0
0,0,1,3,0,0,0,0,9,0,0,1,1,0,0
0,0,1,3,0,0,0,0,15,0,0,1,0,0,0
0,0,1,2,0,0,0,0,9,0,0,1,0,0,0
0,0,1,2,0,0,0,0,12,0,0,1,1,0,0
0,0,1,2,0,0,0,0,8,0,0,1,1,0,0
0,0,1,5,0,0,0,0,14,0,0,1,1,0,0
0,0,1,6,0,0,0,0,10,0,0,1,1,0,0
0,0,1,2,0,0,0,0,13,0,0,1,1,0,0
0,0,1,4,0,0,0,0,16,1,0,2,0,1,0
0,0,1,1,0,0,0,0,14,0,0,2,0,1,0
0,0,1,6,0,0,0,0,14,0,0,1,1,0,0
0,0,1,2,0,0,0,0,13,0,0,1,1,0,0
0,0,1,4,0,0,0,0,7,0,0,1,0,0,0
0,0,1,2,0,0,0,0,12,0,0,1,1,0,0
0,0,1,6,0,0,0,0,14,0,0,1,1,0,0
0,0,1,6,0,0,0,0,15,0,0,1,1,0,0
0,0,1,3,0,0,0,0,13,0,0,1,0,0,0
0,0,1,6,0,0,0,0,14,0,0,1,1,0,0
0,0,1,1,0,0,1,0,13,0,0,1,1,0,0
0,0,1,4,0,0,0,0,11,0,0,1,1,0,0
0,0,1,2,0,0,0,0,12,0,0,1,1,0,0
0,0,1,1,0,0,0,0,17,0,0,1,1,0,0
0,0,1,4,0,0,0,0,9,0,0,1,1,0,0
0,0,1,6,0,0,0,0,14,0,0,1,1,0,0
0,0,1,1,0,0,0,0,17,0,0,1,1,0,0
0,0,1,5,0,0,0,0,10,0,0,1,1,0,0
0,0,1,3,0,0,0,0,12,0,0,1,1,0,0
0,0,1,4,0,0,0,0,16,2,0,1,1,0,0
0,0,1,4,0,0,0,0,11,0,0,1,1,0,0
0,0,1,7,0,0,0,0,14,0,0,1,1,0,0
0,0,1,4,0,0,0,0,14,0,0,1,1,0,0
0,0,1,2,0,0,0,0,15,0,0,2,0,1,0
0,0,1,3,0,0,0,0,9,0,0,1,0,0,0
0,0,1,1,1,0,0,0,9,0,0,1,0,0,0
0,0,1,5,0,0,0,0,11,0,0,1,1,0,0
0,0,1,3,0,0,0,0,7,1,0,1,1,0,0
0,0,1,2,0,0,0,0,8,0,0,1,1,0,0
0,0,1,2,0,0,0,0,15,0,0,1,1,0,0
0,0,1,2,0,0,1,0,12,0,0,1,1,0,0
0,0,1,1,1,0,0,0,9,0,0,1,0,0,0
0,0,1,4,0,0,0,0,15,0,0,1,1,0,0
0,0,1,1,0,0,0,0,17,0,0,1,1,0,0
0,0,1,2,0,0,0,0,12,0,0,1,1,0,0
0,0,1,5,0,0,0,0,12,0,0,1,1,0,0
0,0,1,2,0,0,0,0,13,0,0,1,0,0,0
0,0,1,2,0,0,0,0,9,2,0,1,0,0,0
0,0,1,3,0,0,0,0,14,0,0,1,0,0,0
0,0,1,5,0,0,0,0,11,0,0,1,1,0,0
0,1,1,2,0,0,0,0,10,0,0,1,1,0,0
0,0,1,8,1,0,0,0,18,0,0,1,1,0,0
0,0,1,2,0,0,0,0,9,2,0,1,0,0,0
0,0,1,1,1,0,1,0,13,0,0,1,1,0,0
0,0,1,4,0,0,0,0,6,0,0,1,0,0,0
0,0,1,2,0,0,0,0,8,0,0,1,1,0,0
0,0,1,4,0,0,0,0,7,0,0,1,1,0,0
0,0,1,3,0,0,1,0,10,0,0,1,1,0,0
0,0,1,1,0,0,0,0,13,2,0,1,1,0,0
0,0,1,3,0,0,0,0,6,0,0,1,0,0,0
0,0,1,2,0,0,0,0,12,0,0,1,0,0,0
0,0,1,5,0,0,0,0,18,0,0,1,1,0,0
0,0,1,6,0,0,0,0,12,0,0,1,1,0,0
0,0,1,3,0,0,0,0,13,0,0,1,1,0,0
0,0,1,4,0,0,1,0,10,0,0,1,1,0,0
0,0,1,3,0,0,0,0,13,0,0,1,1,0,0
0,0,1,4,0,0,0,0,7,0,0,1,1,0,0
0,0,1,2,0,0,1,0,14,0,0,1,1,0,0
0,0,1,4,0,0,0,0,12,0,0,1,1,0,0
0,0,1,4,0,0,0,0,15,0,0,2,0,1,0
0,0,1,3,0,0,0,0,12,0,0,1,1,0,0
0,0,1,2,0,0,0,0,9,2,0,1,0,0,0
0,0,1,2,0,0,0,0,10,0,0,1,1,0,0
0,0,1,3,0,0,0,0,15,0,0,1,0,0,0
0,0,1,2,0,0,0,0,13,0,0,1,1,0,0
0,0,1,2,0,0,0,0,12,0,0,1,1,0,0
0,0,1,3,0,0,1,0,15,0,0,1,1,0,0
0,0,1,1,0,0,0,0,15,3,0,1,1,0,0
0,0,1,1,1,0,0,0,9,0,0,1,0,0,0
0,0,1,5,0,0,0,0,10,0,0,1,1,0,0
0,0,1,4,0,0,0,0,15,0,0,1,1,0,0
0,0,1,3,0,0,0,1,13,0,1,1,1,0,0
0,0,1,2,0,0,0,0,12,0,0,1,1,0,0
0,0,1,3,0,0,0,0,10,0,0,1,1,0,0
0,0,1,4,0,0,0,0,11,0,0,2,0,1,0
0,0,1,3,0,0,0,0,15,0,0,2,0,1,0
0,0,1,2,0,0,0,0,9,0,0,1,0,0,0
0,0,1,1,0,0,0,0,15,3,0,1,1,0,0
0,0,1,2,0,0,0,0,16,0,0,1,1,0,0
0,0,1,1,0,0,0,0,11,0,0,1,0,0,0
0,0,1,4,0,0,0,0,6,0,0,1,1,0,0
0,0,1,4,0,0,0,0,17,0,0,1,1,0,0
0,0,1,1,0,0,0,1,13,0,1,1,1,0,0
0,0,1,1,0,0,0,0,17,0,0,1,1,0,0
0,0,1,10,0,0,0,0,15,0,0,1,1,0,0
0,0,1,5,0,0,0,0,12,2,0,1,1,0,0
0,0,1,2,0,0,0,0,10,0,0,1,0,0,0
0,0,1,4,0,0,0,0,11,0,0,2,0,1,0
0,0,1,2,0,0,0,0,10,0,0,1,1,0,0
0,0,1,2,0,0,0,0,8,0,0,1,1,0,0
0,0,1,4,0,0,1,0,10,0,0,1,1,0,0
0,0,1,6,0,0,0,0,14,0,0,1,1,0,0
0,0,1,5,0,0,0,0,15,0,0,1,1,0,0
0,0,1,2,0,0,0,0,13,0,0,1,0,0,0
0,0,1,2,0,0,0,0,12,0,0,1,1,0,0
0,0,1,6,0,0,0,0,13,0,0,1,1,0,0
0,0,1,2,0,0,0,0,12,0,0,1,1,0,0
0,0,1,3,0,0,0,0,17,0,0,1,1,0,0
0,0,1,10,0,0,0,0,15,0,0,1,1,0,0
0,0,1,10,0,0,0,0,15,0,0,1,1,0,0
0,0,1,2,0,0,0,0,13,0,0,1,0,0,0
0,0,1,3,0,0,0,0,14,0,0,1,1,0,0
0,0,1,0,0,0,0,0,9,0,0,1,0,0,0
0,0,1,2,0,0,0,0,13,0,0,1,0,0,0
0,0,1,3,0,0,0,0,17,0,0,1,1,0,0
0,0,1,3,0,0,1,0,15,0,0,1,1,0,0
0,0,1,4,0,0,0,0,6,0,0,1,0,0,0
0,0,1,2,0,0,0,0,10,0,0,1,1,0,0
0,0,1,3,0,0,0,0,17,0,0,1,1,0,0
0,0,1,4,0,0,0,0,13,0,0,1,1,0,0
0,0,1,10,0,0,0,0,15,0,0,1,1,0,0
0,0,1,2,0,0,0,0,10,0,0,1,1,0,0
0,0,1,1,0,0,0,0,11,0,0,1,1,0,0
0,0,1,1,0,0,0,0,10,0,0,1,0,0,0
0,0,1,4,0,0,1,0,10,0,0,1,1,0,0
0,0,1,4,0,0,0,0,11,0,0,1,1,0,0
0,0,1,1,0,0,0,0,15,0,0,1,1,0,0
0,0,1,10,0,0,0,0,15,0,0,1,1,0,0
0,0,1,2,0,0,0,0,12,0,0,1,1,0,0
0,0,1,3,0,0,0,0,14,0,0,1,1,0,0
0,0,1,3,0,0,1,0,10,0,0,1,1,0,0
0,0,1,6,0,0,0,0,12,0,0,1,1,0,0
0,0,1,2,0,0,0,0,9,2,0,1,0,0,0
0,0,1,2,0,0,0,0,8,0,0,1,1,0,0
0,0,1,5,0,0,0,0,10,0,0,1,1,0,0
0,0,1,4,0,0,0,0,9,0,0,1,1,0,0
0,0,1,4,0,0,0,0,11,0,0,1,1,0,0
0,0,1,5,0,0,0,0,10,0,0,1,1,0,0
0,0,1,4,0,0,0,0,14,0,0,1,1,0,0
0,0,1,4,0,0,0,0,14,0,0,1,1,0,0
0,0,1,3,0,0,0,0,13,0,0,1,0,0,0
0,0,1,4,0,0,0,0,9,0,0,1,1,0,0
0,0,1,2,0,0,0,0,13,0,0,1,0,0,0
0,0,1,2,0,0,0,0,15,0,0,1,1,0,0
0,0,1,2,0,0,0,0,8,0,0,1,1,0,0
0,0,1,1,0,0,0,0,21,0,0,1,1,0,0
0,0,1,3,0,0,0,0,11,0,0,1,0,0,0
0,0,1,4,0,0,0,0,14,0,0,1,1,0,0
0,0,1,3,0,0,0,0,14,0,0,1,1,0,0
0,0,1,4,0,0,0,0,11,0,0,1,1,0,0
0,0,1,4,0,0,0,0,9,0,0,1,1,0,0
0,0,1,3,0,0,0,0,11,0,0,1,1,0,0
0,0,1,4,0,0,0,0,15,0,0,1,1,0,0
0,0,1,4,0,0,0,0,7,0,0,1,1,0,0
0,0,1,2,0,0,0,0,12,0,0,1,1,0,0
0,0,1,10,0,0,0,0,15,0,0,1,1,0,0
0,0,1,3,0,0,0,0,13,0,0,1,1,0,0
0,0,1,4,0,0,0,0,13,0,0,1,0,0,0
0,0,1,6,0,0,0,0,13,2,0,1,1,0,0
0,0,1,2,0,0,0,0,9,2,0,1,0,0,0
0,0,1,4,0,0,0,0,14,0,0,1,1,0,0
0,0,1,1,1,0,1,0,13,0,0,1,1,0,0
0,0,1,4,0,0,0,0,7,0,0,1,1,0,0
0,0,1,3,0,0,0,0,13,0,0,1,1,0,0
0,0,1,4,0,0,0,0,9,0,0,1,1,0,0
0,0,1,2,0,0,0,0,11,0,0,1,1,0,0
0,0,1,3,1,0,1,0,13,0,0,1,1,0,0
0,0,1,7,0,0,0,0,6,0,0,1,0,0,0
0,0,1,3,0,0,0,0,6,0,0,1,0,0,0
0,0,1,5,0,0,0,0,15,0,0,1,1,0,0
0,0,1,5,0,0,0,0,12,2,0,1,1,0,0
0,0,1,3,0,0,0,0,6,0,0,1,0,0,0
0,0,1,3,0,0,0,0,15,0,0,1,1,0,0
0,0,1,14,0,0,0,0,13,0,0,2,0,1,0
0,0,1,6,0,0,0,0,9,0,0,1,1,0,0
0,0,1,2,0,0,0,0,12,0,0,1,1,0,0
0,0,1,4,0,0,0,0,17,0,0,1,1,0,0
0,0,1,2,0,0,0,0,12,0,0,1,1,0,0
0,0,1,4,0,0,0,0,17,0,0,1,1,0,0
0,0,1,4,0,0,1,0,10,0,0,1,1,0,0
0,0,1,2,0,0,0,0,13,0,0,1,0,0,0
0,0,1,2,0,0,0,0,13,0,0,1,1,0,0
0,0,1,2,0,0,0,0,15,0,0,2,0,1,0
0,0,1,3,0,0,1,0,6,0,0,1,1,0,0
0,0,1,4,0,0,0,0,15,0,0,1,1,0,0
0,0,1,3,0,0,0,0,14,0,0,1,1,0,0
0,0,1,4,0,0,0,0,11,0,0,2,0,1,0
0,0,1,2,0,0,0,0,16,0,0,1,1,0,0
0,0,1,5,0,0,0,0,6,0,0,1,0,0,0
0,0,1,2,0,0,0,0,10,0,0,1,1,0,0
0,0,1,1,0,0,0,0,10,0,0,1,1,0,0
0,0,1,2,0,0,0,0,6,0,0,1,0,0,0
0,0,1,3,0,0,0,0,14,0,0,1,0,0,0
0,0,1,2,0,0,1,0,12,0,0,1,1,0,0
0,0,1,4,0,0,1,0,13,0,0,1,1,0,0
0,0,1,4,0,0,1,0,10,0,0,1,1,0,0
0,0,1,4,0,0,1,0,10,0,0,1,1,0,0
0,0,1,3,0,0,0,0,13,0,0,2,0,1,0
0,0,1,3,0,0,0,0,9,0,0,1,0,0,0
0,0,1,6,0,0,0,0,12,0,0,1,1,0,0
0,0,1,2,0,0,0,0,12,0,0,1,1,0,0
0,0,1,4,0,0,0,0,6,0,0,1,1,0,0
0,0,1,10,0,0,0,0,15,0,0,1,1,0,0
0,0,1,2,0,0,0,0,12,0,0,1,1,0,0
0,0,1,1,0,0,0,0,10,0,0,1,0,0,0
0,0,1,3,0,0,0,0,6,0,0,1,0,0,0
0,0,1,1,0,0,0,0,15,0,0,1,1,0,0
0,0,1,1,0,0,0,0,15,3,0,1,1,0,0
0,0,1,6,0,0,0,0,10,0,0,1,1,0,0
0,0,1,2,0,0,0,0,13,0,0,1,1,0,0
0,0,1,3,0,0,0,0,17,0,0,1,1,0,0
0,0,1,2,0,0,0,0,12,0,0,1,1,0,0
0,0,1,8,0,0,0,0,6,0,0,1,0,0,0
0,0,1,3,0,0,0,0,8,0,0,1,1,0,0
0,0,1,5,0,0,0,0,11,0,0,1,1,0,0
0,0,1,6,0,0,0,0,10,0,0,1,1,0,0
0,0,1,2,0,0,0,0,8,0,0,1,1,0,0
0,0,1,4,0,0,0,0,11,0,0,1,1,0,0
0,0,1,2,0,0,0,0,12,0,0,1,1,0,0
0,0,1,3,0,0,1,0,10,0,0,1,1,0,0
0,0,1,4,0,0,0,0,13,0,0,1,1,0,0
0,0,1,2,0,0,0,0,7,1,0,1,1,0,0
0,0,1,10,0,0,0,0,15,0,0,1,1,0,0
0,0,1,6,0,0,0,0,10,0,0,1,1,0,0
0,0,1,5,0,0,0,0,14,0,0,2,0,1,0
0,0,1,4,0,0,0,0,9,0,0,1,1,0,0
0,0,1,4,0,0,0,0,6,0,0,1,1,0,0
0,0,1,2,0,0,0,0,13,0,0,1,1,0,0
0,0,1,3,0,0,1,0,10,0,0,1,1,0,0
0,0,1,2,0,0,0,0,13,0,0,1,0,0,0
0,0,1,2,0,0,0,0,12,0,0,1,1,0,0
0,0,1,2,0,0,1,0,9,0,0,1,1,0,0
0,0,1,1,0,0,0,0,12,0,0,1,1,0,0
0,0,1,2,0,0,0,0,8,0,0,1,1,0,0
0,0,1,6,0,0,0,0,9,0,0,1,0,0,0
0,0,1,2,0,0,0,0,16,0,0,1,1,0,0
0,0,1,5,0,0,0,0,15,0,0,1,0,0,0
0,0,1,4,0,0,0,0,11,0,0,1,1,0,0
0,0,1,1,0,0,0,0,11,0,0,1,1,0,0
0,0,1,1,1,0,0,0,9,0,0,1,0,0,0
0,0,1,3,0,0,0,0,15,0,0,1,0,0,0
0,0,1,2,0,0,0,0,8,0,0,1,1,0,0
0,0,1,7,1,0,0,0,18,0,0,1,1,0,0
0,0,1,2,0,0,1,0,12,0,0,1,1,0,0
0,0,1,2,0,0,0,0,11,0,0,1,1,0,0
0,0,1,1,0,0,0,0,11,0,0,1,0,0,0
0,0,1,3,0,0,0,0,8,0,0,1,0,0,0
0,0,1,4,0,0,0,0,17,0,0,1,1,0,0
0,0,1,5,0,0,0,0,10,0,0,1,1,0,0
0,0,1,2,0,0,0,0,12,0,0,1,1,0,0
0,0,1,7,0,0,0,0,14,0,0,1,1,0,0
0,0,1,4,0,0,0,0,17,0,0,1,1,0,0
0,0,1,2,0,0,0,0,8,0,0,1,1,0,0
0,0,1,2,0,0,0,0,10,0,0,1,1,0,0
0,0,1,2,0,0,0,0,8,0,0,1,1,0,0
0,0,1,2,0,0,0,0,13,0,0,1,1,0,0
0,0,1,3,0,0,0,0,13,0,0,1,1,0,0
0,0,1,1,0,0,0,0,17,0,0,1,1,0,0
0,0,1,4,0,0,0,0,10,0,0,1,0,0,0
0,0,1,4,0,0,0,0,6,0,0,1,1,0,0
0,0,1,4,0,0,0,0,17,0,0,1,1,0,0
0,0,1,2,0,0,0,0,10,0,0,1,1,0,0
0,0,1,2,0,0,0,0,6,0,0,1,1,0,0
0,0,1,6,0,0,0,0,13,0,0,1,1,0,0
0,0,1,2,0,0,0,0,15,0,0,2,0,1,0
0,0,1,4,0,0,1,0,10,0,0,1,1,0,0
0,0,1,2,0,0,0,0,9,2,0,1,0,0,0
0,0,1,2,0,0,0,0,11,0,0,1,1,0,0
0,0,1,2,0,0,0,0,15,0,0,1,1,0,0
0,0,1,3,0,0,0,0,6,0,0,1,0,0,0
0,0,1,6,0,0,0,0,13,0,0,1,1,0,0
0,0,1,10,0,0,0,0,15,0,0,1,1,0,0
0,0,1,2,0,0,0,0,10,0,0,1,0,0,0
0,0,1,5,0,0,0,0,15,0,0,1,1,0,0
0,0,1,4,0,0,0,0,17,0,0,1,1,0,0
0,0,1,3,0,0,0,0,10,0,0,1,1,0,0
0,0,1,7,0,0,1,0,9,0,0,2,0,1,0
0,0,1,1,1,0,1,0,13,0,0,1,1,0,0
0,0,1,2,0,0,0,0,15,0,0,2,0,1,0
0,0,1,3,0,0,0,0,17,0,0,1,1,0,0
0,0,1,3,0,0,0,0,13,0,0,1,0,0,0
0,0,1,3,0,0,0,0,9,0,0,1,1,0,0
0,0,1,1,0,0,0,0,11,0,0,1,1,0,0
0,0,1,7,0,0,0,0,10,0,0,1,0,0,0
0,0,1,3,0,0,0,0,6,0,0,1,0,0,0
0,0,1,3,0,0,0,0,15,0,0,1,1,0,0
0,0,1,2,0,0,0,0,13,0,0,1,1,0,0
0,0,1,3,0,0,0,0,12,0,0,1,1,0,0
0,0,1,4,0,0,0,0,13,0,0,1,1,0,0
0,0,1,5,0,0,1,0,14,0,0,1,1,0,0
0,0,1,4,0,0,0,0,11,0,0,1,1,0,0
0,0,1,4,0,0,0,0,7,0,0,1,1,0,0
0,0,1,4,0,0,0,0,7,0,0,1,0,0,0
0,0,1,1,0,0,0,1,13,0,1,1,1,0,0
0,0,1,1,0,0,0,0,17,0,0,1,1,0,0
0,0,1,3,0,0,0,0,15,0,0,1,0,0,0
0,0,1,2,0,0,0,0,12,0,0,1,1,0,0
0,0,1,2,0,0,0,0,13,0,0,1,1,0,0
0,0,1,3,0,0,1,0,10,0,0,1,1,0,0
0,0,1,4,0,0,0,0,15,0,0,2,0,1,0
0,0,1,1,0,0,0,0,15,3,0,1,1,0,0
0,0,1,3,0,0,0,0,7,0,0,1,0,0,0
0,0,1,7,0,0,0,0,11,0,0,2,1,1,0
0,0,1,3,0,0,0,0,10,0,0,1,1,0,0
0,0,1,4,0,0,0,0,15,0,0,2,0,1,0
0,0,1,6,0,0,0,0,12,0,0,1,1,0,0
0,0,1,10,0,0,0,0,15,0,0,1,1,0,0
0,0,1,2,0,0,0,0,8,0,0,1,1,0,0
0,0,1,2,0,0,0,0,8,0,0,1,1,0,0
0,0,1,7,0,0,0,0,7,1,0,1,0,0,0
0,0,1,4,0,0,0,0,17,0,0,1,1,0,0
0,0,1,2,0,0,0,0,12,0,0,1,1,0,0
0,0,1,4,0,0,0,0,6,0,0,1,1,0,0
0,0,1,2,0,0,0,0,9,2,0,1,0,0,0
0,0,1,2,0,0,0,0,9,2,0,1,0,0,0
0,0,1,4,0,0,1,0,15,0,0,1,1,0,0
0,0,1,3,0,0,0,0,15,0,0,1,0,0,0
0,0,1,1,0,0,0,0,11,0,0,1,1,0,0
0,0,1,3,0,0,0,0,14,0,0,1,1,0,0
0,0,1,1,0,0,0,0,11,0,0,1,1,0,0
0,0,1,2,0,0,1,0,12,0,0,1,1,0,0
0,0,1,3,0,0,0,0,14,0,0,2,1,1,0
0,0,1,3,0,0,1,0,15,0,0,1,1,0,0
0,0,1,1,0,0,0,0,17,0,0,1,1,0,0
0,0,1,3,0,0,0,0,13,0,0,2,0,1,0
0,0,1,6,0,0,0,0,12,0,0,1,1,0,0
0,0,1,6,0,0,0,0,18,0,0,3,0,2,0
0,0,1,4,0,0,0,0,13,0,0,1,1,0,0
0,0,1,1,0,0,0,0,20,0,0,1,1,0,0
0,0,1,7,0,0,1,0,9,0,0,2,0,1,0
0,0,1,2,0,0,0,0,10,0,0,1,1,0,0
0,0,1,3,0,0,0,0,14,0,0,1,1,0,0
0,0,1,3,0,0,0,0,15,0,0,1,1,0,0
0,0,1,3,0,0,0,0,14,0,0,2,1,1,0
0,0,1,4,0,0,0,0,11,0,0,1,1,0,0
0,0,1,2,0,0,0,0,8,0,0,1,1,0,0
0,0,1,1,0,0,0,0,20,0,0,1,1,0,0
0,0,1,3,0,0,1,0,10,0,0,1,1,0,0
0,0,1,2,0,0,0,0,9,2,0,1,0,0,0
0,0,1,2,0,0,0,0,8,0,0,1,1,0,0
0,0,1,3,0,0,0,0,7,0,0,1,1,0,0
0,0,1,5,0,0,0,0,15,0,0,1,1,0,0
0,0,1,3,0,0,0,0,9,0,0,1,1,0,0
0,0,1,2,0,0,0,0,13,0,0,1,0,0,0
0,0,1,10,0,0,0,0,15,0,0,1,1,0,0
0,0,1,3,0,0,0,0,8,4,0,1,0,0,0
0,0,1,3,0,0,0,0,15,0,0,2,0,1,0
0,0,1,5,0,0,0,0,12,2,0,1,1,0,0
0,0,1,1,0,0,0,0,17,0,0,1,1,0,0
0,0,1,2,0,0,0,0,8,0,0,1,1,0,0
0,0,1,2,0,0,0,0,8,0,0,1,1,0,0
0,0,1,2,0,0,0,0,9,2,0,1,0,0,0
0,0,1,2,0,0,0,0,6,0,0,1,1,0,0
0,0,1,4,0,0,0,0,16,1,0,2,0,1,0
0,0,1,7,0,0,0,0,12,0,0,1,1,0,0
0,0,1,3,0,0,0,0,15,0,0,1,0,0,0
0,0,1,5,0,0,0,0,15,0,0,1,0,0,0
0,0,1,7,0,0,1,0,9,0,0,2,0,1,0
0,0,1,4,0,0,0,0,10,0,0,1,0,0,0
0,0,1,7,0,0,0,0,11,0,0,1,0,0,0
0,0,1,3,0,0,0,0,17,0,0,1,1,0,0
0,0,1,2,0,0,0,0,12,0,0,1,1,0,0
0,0,1,4,0,0,0,0,11,0,0,1,1,0,0
0,0,1,4,0,0,0,0,15,0,0,1,1,0,0
0,0,1,6,0,0,0,0,13,0,0,1,1,0,0
0,0,1,2,0,0,0,0,10,0,0,1,1,0,0
0,0,1,1,1,0,0,0,7,0,0,1,0,0,0
0,0,1,3,0,0,1,0,9,3,0,1,1,0,0
0,0,1,5,1,0,0,0,12,0,0,2,0,1,0
0,0,1,1,1,0,1,0,13,0,0,1,1,0,0
0,0,1,2,0,0,0,0,10,0,0,1,1,0,0
0,0,1,3,0,0,0,0,6,0,0,1,0,0,0
0,0,1,4,0,0,0,0,10,0,0,1,0,0,0
0,0,1,2,0,0,0,0,12,0,0,1,1,0,0
0,0,1,14,0,0,0,0,13,0,0,2,0,1,0
0,0,1,2,0,0,0,0,12,0,0,1,0,0,0
0,0,1,2,0,0,0,0,13,0,0,1,1,0,0
0,0,1,3,0,0,0,0,12,0,0,1,1,0,0
0,0,1,2,0,0,0,0,13,0,0,2,0,1,0
0,0,1,3,0,0,0,0,9,0,0,1,0,0,0
0,0,1,5,0,0,0,0,10,0,0,1,1,0,0
0,0,1,5,0,0,0,0,14,0,0,2,0,1,0
0,0,1,2,0,0,0,0,13,0,0,1,1,0,0
0,0,1,3,0,0,1,0,10,0,0,1,1,0,0
0,0,1,2,0,0,0,0,10,0,0,1,0,0,0
0,0,1,2,0,0,0,0,15,0,0,1,1,0,0
0,0,1,3,0,0,1,0,6,0,0,1,1,0,0
0,0,1,5,0,0,0,0,11,0,0,1,1,0,0
0,0,1,1,0,0,0,0,11,0,0,1,1,0,0
0,0,1,3,0,0,0,0,15,0,0,1,0,0,0
0,0,1,5,0,0,0,0,12,2,0,1,1,0,0
0,0,1,1,0,0,0,0,11,0,0,1,0,0,0
0,0,1,3,0,0,0,0,13,0,0,2,0,1,0
0,0,1,1,0,0,0,0,11,0,0,1,1,0,0
0,0,1,4,0,0,1,0,10,0,0,1,1,0,0
0,0,1,3,0,0,0,0,16,0,0,1,1,0,0
0,0,1,1,0,0,0,0,17,0,0,1,1,0,0
0,0,1,4,0,0,0,0,11,0,0,1,1,0,0
0,0,1,3,0,0,0,1,13,0,1,1,1,0,0
0,0,1,3,0,0,0,0,9,0,0,1,0,0,0
0,0,1,3,0,0,0,0,11,0,0,1,1,0,0
0,0,1,10,0,0,0,0,15,0,0,1,1,0,0
0,0,1,2,0,0,0,0,17,0,0,1,1,0,0
0,0,1,4,0,0,0,0,9,0,0,1,1,0,0
0,0,1,4,0,0,0,0,9,0,0,1,1,0,0
0,0,1,5,0,0,0,0,6,0,0,1,0,0,0
0,0,1,3,0,0,0,0,13,0,0,2,0,1,0
0,0,1,6,0,0,0,0,13,0,0,1,1,0,0
0,0,1,2,0,0,0,0,13,0,0,1,1,0,0
0,0,1,4,0,0,0,0,15,0,0,2,0,1,0
0,0,1,7,0,0,0,0,6,0,0,1,0,0,0
0,0,1,1,0,0,0,0,12,0,0,1,1,0,0
0,0,1,3,0,0,0,0,15,0,0,1,0,0,0
0,0,1,3,0,0,0,0,12,0,0,1,1,0,0
0,0,1,2,0,0,0,0,8,0,0,1,1,0,0
0,0,1,2,0,0,0,0,12,0,0,1,1,0,0
0,0,1,3,0,0,0,0,13,0,0,1,1,0,0
0,0,1,5,0,0,0,0,14,0,0,1,1,0,0
0,0,1,4,0,0,0,0,6,0,0,1,1,0,0
0,0,1,3,0,0,0,0,15,0,0,1,1,0,0
0,0,1,4,0,0,0,0,17,0,0,1,1,0,0
0,0,1,1,0,0,0,0,20,0,0,1,1,0,0
0,0,1,1,0,0,0,0,11,0,0,1,1,0,0
0,0,1,3,0,0,0,0,17,0,0,2,1,1,0
0,0,1,10,0,0,0,0,15,0,0,1,1,0,0
0,0,1,4,0,0,0,0,11,0,0,1,1,0,0
0,0,1,3,0,0,0,0,13,0,0,1,1,0,0
0,0,1,3,0,0,1,0,10,0,0,1,1,0,0
0,0,1,3,0,0,0,0,7,0,0,1,1,0,0
0,0,1,1,0,0,0,0,10,0,0,1,0,0,0
0,0,1,10,0,0,0,0,15,0,0,1,1,0,0
0,0,1,3,0,0,0,0,12,0,0,1,1,0,0
0,0,1,3,0,0,0,0,7,0,0,1,1,0,0
0,0,1,5,0,0,0,0,6,0,0,1,0,0,0
0,0,1,4,0,0,0,0,9,0,0,1,1,0,0
0,0,1,2,0,0,0,0,7,0,0,1,0,0,0
0,0,1,7,0,0,0,0,19,0,0,3,0,2,0
0,0,1,7,0,0,0,0,14,0,0,1,1,0,0
0,0,1,4,0,0,0,0,13,0,0,1,0,0,0
0,0,1,1,0,0,0,0,21,0,0,1,1,0,0
0,0,1,6,0,0,0,0,19,0,0,3,0,2,0
0,0,1,3,0,0,0,0,14,0,0,1,1,0,0
0,0,1,1,0,0,0,0,11,0,0,1,1,0,0
0,0,1,3,0,0,0,0,13,0,0,2,0,1,0
0,0,1,5,0,0,0,0,15,0,0,1,1,0,0
0,0,1,1,0,0,0,0,15,0,0,1,1,0,0
0,0,1,4,0,0,0,0,7,0,0,1,1,0,0
0,0,1,4,0,0,0,0,9,0,0,1,1,0,0
0,0,1,2,0,0,0,0,7,0,0,1,0,0,0
0,0,1,2,0,0,1,0,12,0,0,1,1,0,0
0,0,1,4,0,0,0,0,11,0,0,2,0,1,0
0,0,1,2,0,0,0,0,15,0,0,2,0,1,0
0,0,1,10,0,0,0,0,15,0,0,1,1,0,0
0,0,1,4,0,0,0,0,17,0,0,1,1,0,0
0,0,1,1,0,0,0,0,17,0,0,1,1,0,0
0,0,1,3,0,0,0,0,8,0,0,1,1,0,0
0,0,1,4,0,0,0,0,11,0,0,1,1,0,0
0,0,1,3,0,0,0,0,9,0,0,1,1,0,0
0,0,1,2,0,0,0,0,6,0,0,1,1,0,0
0,0,1,3,0,0,0,0,15,0,0,2,0,1,0
0,0,1,1,0,0,0,0,17,0,0,1,1,0,0
0,0,1,3,0,0,1,0,15,0,0,1,1,0,0
0,0,1,4,0,0,0,0,14,0,0,1,0,0,0
0,0,1,4,0,0,0,0,13,0,0,1,1,0,0
0,0,1,2,0,0,0,0,10,0,0,1,1,0,0
0,0,1,4,0,0,0,0,14,0,0,1,1,0,0
0,0,1,5,0,0,0,0,11,0,0,1,1,0,0
0,0,1,3,0,0,0,0,13,0,0,2,0,1,0
0,0,1,1,0,0,0,0,11,0,0,1,1,0,0
0,0,1,6,0,0,0,0,19,0,0,3,0,2,0
0,0,1,5,0,0,0,0,10,0,0,1,1,0,0
0,0,1,2,0,0,0,0,10,0,0,1,1,0,0
0,0,1,2,0,0,0,0,10,0,0,1,1,0,0
0,0,1,4,0,0,0,1,13,0,1,1,1,0,0
0,0,1,2,0,0,0,0,7,1,0,1,1,0,0
0,0,1,7,0,0,1,0,9,0,0,2,0,1,0
0,0,1,7,0,0,0,0,6,0,0,1,0,0,0
0,0,1,1,0,0,0,0,11,0,0,1,1,0,0
0,0,1,6,0,0,0,0,12,0,0,1,1,0,0
0,0,1,1,0,0,0,0,12,0,0,1,1,0,0
0,0,1,2,0,0,0,0,7,0,0,1,0,0,0
0,0,1,3,0,0,0,0,13,0,0,2,0,1,0
0,0,1,10,0,0,0,0,15,0,0,1,1,0,0
0,0,1,1,0,0,0,0,11,0,0,1,1,0,0
0,0,1,2,0,0,0,0,10,0,0,1,0,0,0
0,0,1,4,0,0,0,0,14,0,0,1,1,0,0
0,0,1,3,0,0,0,0,13,0,0,1,1,0,0
0,0,1,1,0,0,0,0,11,0,0,1,1,0,0
0,0,1,2,0,0,0,0,10,0,0,1,0,0,0
0,0,1,2,0,0,0,0,17,0,0,1,1,0,0
0,0,1,2,0,0,0,0,10,0,0,1,0,0,0
0,0,1,3,0,0,0,0,15,0,0,2,0,1,0
0,0,1,2,0,0,1,0,12,0,0,1,1,0,0
0,0,1,6,0,0,0,0,19,0,0,3,0,2,0
0,0,1,2,0,0,0,0,8,0,0,1,1,0,0
0,0,1,5,0,0,0,0,9,0,0,1,1,0,0
0,0,1,6,0,0,0,0,10,3,0,1,1,0,0
0,0,1,4,0,0,0,0,15,0,0,2,0,1,0
0,0,1,2,0,0,0,0,13,0,0,1,0,0,0
0,0,1,4,0,0,0,0,10,0,0,1,0,0,0
0,0,1,4,0,0,0,0,14,0,0,1,1,0,0
0,0,1,2,0,0,0,0,11,0,0,1,1,0,0
0,0,1,3,0,0,0,0,15,0,0,1,0,0,0
0,0,1,1,0,0,0,0,12,0,0,1,0,0,0
0,0,1,5,0,0,0,0,11,0,0,1,1,0,0
0,0,1,7,0,0,0,0,6,0,0,1,0,0,0
0,0,1,4,0,0,0,0,11,0,0,1,1,0,0
0,0,1,1,0,0,0,0,17,0,0,1,1,0,0
0,0,1,4,0,0,0,0,7,0,0,1,1,0,0
0,0,1,5,0,0,0,0,12,2,0,1,1,0,0
0,0,1,2,0,0,0,0,13,0,0,1,1,0,0
0,0,1,4,0,0,0,0,11,0,0,1,1,0,0
0,0,1,3,0,0,0,0,15,0,0,1,0,0,0
0,0,1,2,0,0,0,0,9,2,0,1,0,0,0
0,0,1,4,0,0,0,0,17,0,0,1,1,0,0
0,0,1,2,0,0,0,0,12,0,0,1,1,0,0
0,0,1,2,0,0,0,0,9,2,0,1,0,0,0
0,0,1,2,0,0,0,0,13,0,0,1,1,0,0
0,0,1,4,0,0,1,0,10,0,0,1,1,0,0
0,0,1,4,0,0,0,0,12,0,0,1,1,0,0
0,0,1,3,0,0,0,0,17,0,0,1,1,0,0
0,0,1,10,0,0,0,0,15,0,0,1,1,0,0
0,0,1,3,0,0,1,0,15,0,0,1,1,0,0
0,0,1,1,0,0,0,0,11,0,0,1,0,0,0
0,0,1,8,0,0,0,0,10,0,0,1,1,0,0
0,0,1,5,0,0,0,0,14,0,0,1,1,0,0
0,0,1,3,0,0,0,0,6,0,0,1,0,0,0
0,0,1,4,0,0,0,0,10,0,0,1,0,0,0
0,0,1,2,0,0,0,0,10,0,0,1,1,0,0
0,0,1,5,0,0,0,0,18,0,0,1,1,0,0
0,0,1,4,0,0,0,0,7,0,0,1,1,0,0
0,0,1,2,0,0,0,0,11,0,0,1,1,0,0
0,0,1,2,0,0,1,0,11,0,0,1,1,0,0
0,0,1,1,0,0,0,0,10,0,0,1,0,0,0
0,0,1,1,0,0,0,0,20,0,0,1,1,0,0
0,0,1,4,0,0,0,0,14,0,0,1,1,0,0
0,0,1,1,0,0,0,0,12,0,0,1,0,0,0
0,0,1,3,0,0,0,0,10,0,0,1,0,0,0
0,0,1,4,0,0,0,0,6,0,0,1,0,0,0
0,0,1,3,0,0,0,0,10,0,0,1,0,0,0
0,0,1,4,0,0,0,0,7,0,0,1,0,0,0
0,0,1,2,0,0,1,0,9,0,0,2,0,1,0
0,1,1,2,0,0,0,0,10,0,0,1,1,0,0
0,0,1,3,0,0,0,0,15,0,0,1,1,0,0
0,0,1,5,0,0,0,0,12,0,0,1,1,0,0
0,0,1,7,0,0,0,0,14,0,0,1,1,0,0
0,0,1,4,0,0,0,0,8,0,0,1,0,0,0
0,0,1,3,0,0,1,0,10,0,0,1,1,0,0
0,0,1,1,0,0,0,0,15,0,0,1,1,0,0
0,0,1,2,0,0,0,0,12,0,0,1,1,0,0
0,0,1,4,0,0,0,0,11,0,0,1,1,0,0
0,0,1,4,0,0,0,0,15,0,0,1,1,0,0
0,0,1,2,0,0,0,0,13,0,0,1,0,0,0
0,0,1,2,0,0,0,0,11,0,0,1,1,0,0
0,0,1,2,0,0,0,0,6,0,0,1,1,0,0
0,0,1,4,0,0,0,0,15,0,0,2,0,1,0
0,0,1,1,0,0,1,0,9,0,0,2,0,1,0
0,0,1,2,0,0,0,0,10,0,0,1,0,0,0
0,0,1,3,0,0,0,0,13,0,0,2,0,1,0
0,0,1,3,0,0,0,0,7,0,0,1,1,0,0
0,0,1,4,0,0,0,0,7,0,0,1,1,0,0
0,0,1,4,0,0,1,0,10,0,0,1,1,0,0
0,0,1,4,0,0,0,0,7,0,0,1,1,0,0
0,0,1,2,0,0,0,0,9,0,0,1,0,0,0
0,0,1,4,0,0,0,0,6,0,0,1,1,0,0
0,0,1,5,0,0,0,0,10,0,0,1,1,0,0
0,0,1,4,0,0,1,0,10,0,0,1,1,0,0
0,0,1,3,0,0,0,0,9,0,0,1,1,0,0
0,0,1,6,0,0,0,0,14,0,0,1,1,0,0
0,0,1,2,0,0,0,0,13,0,0,1,0,0,0
0,0,1,1,0,0,0,0,21,0,0,1,1,0,0
0,0,1,2,0,0,0,0,12,0,0,1,1,0,0
0,0,1,5,0,0,0,0,11,0,0,1,1,0,0
0,0,1,7,0,0,0,0,6,0,0,1,0,0,0
0,0,1,5,0,0,1,0,14,0,0,1,1,0,0
0,0,1,2,0,0,1,0,18,0,0,1,1,0,0
0,0,1,4,0,0,0,0,14,0,0,1,1,0,0
0,0,1,2,0,0,0,0,9,0,0,1,1,0,0
0,0,1,2,0,0,0,0,9,0,0,1,0,0,0
0,0,1,4,0,0,0,0,14,0,0,1,1,0,0
0,0,1,2,0,0,0,0,13,0,0,1,0,0,0
0,0,1,1,0,0,0,0,11,0,0,1,1,0,0
0,0,1,1,0,0,0,0,14,0,0,2,0,1,0
0,0,1,3,0,0,0,0,12,0,0,1,1,0,0
0,0,1,4,0,0,0,0,16,2,0,1,1,0,0
0,0,1,5,0,0,0,0,10,0,0,1,1,0,0
0,0,1,4,0,0,0,0,11,0,0,1,1,0,0
0,0,1,6,0,0,0,0,14,0,0,1,1,0,0
0,0,1,1,0,0,0,0,15,3,0,1,1,0,0
0,0,1,2,0,0,0,0,13,0,0,1,1,0,0
0,0,1,10,0,0,0,0,15,0,0,1,1,0,0
0,0,1,2,0,0,0,0,12,0,0,1,1,0,0
0,0,1,3,0,0,0,0,14,0,0,2,1,1,0
0,0,1,4,0,0,0,0,12,0,0,1,1,0,0
0,1,1,2,0,0,0,0,10,0,0,1,1,0,0
0,0,1,4,0,0,1,0,10,0,0,1,1,0,0
0,0,1,2,0,0,0,0,13,0,0,1,1,0,0
0,0,1,5,0,0,0,0,11,0,0,1,1,0,0
0,0,1,1,0,0,0,0,11,0,0,1,1,0,0
0,0,1,2,0,0,0,0,13,0,0,1,1,0,0
0,0,1,4,0,0,0,0,7,0,0,1,1,0,0
0,0,1,1,0,0,0,0,15,3,0,1,1,0,0
0,0,1,2,0,0,0,0,9,0,0,1,0,0,0
0,0,1,7,0,0,0,0,10,0,0,1,0,0,0
0,0,1,4,0,0,0,0,11,0,0,1,1,0,0
0,0,1,2,0,0,0,0,12,0,0,1,0,0,0
0,0,1,5,0,0,0,0,11,0,0,1,1,0,0
0,0,1,5,0,0,0,0,13,0,0,1,1,0,0
0,0,1,2,0,0,0,0,13,0,0,1,1,0,0
0,0,1,2,0,0,0,0,13,0,0,1,1,0,0
0,0,1,2,0,0,0,0,9,2,0,1,0,0,0
0,0,1,3,0,0,0,0,13,0,0,1,1,0,0
0,0,1,1,0,0,0,0,11,0,0,1,1,0,0
0,0,1,1,0,0,0,0,11,0,0,1,1,0,0
0,0,1,4,0,0,1,0,10,0,0,1,1,0,0
0,0,1,1,0,0,0,0,11,0,0,1,1,0,0
0,0,1,2,0,0,0,0,15,0,0,1,1,0,0
0,0,1,5,0,0,0,0,11,0,0,1,1,0,0
0,0,1,3,0,0,0,0,13,0,0,1,0,0,0
0,0,1,3,0,0,1,0,18,0,0,1,1,0,0
0,0,1,4,0,0,0,0,15,0,0,2,0,1,0
0,0,1,1,0,0,0,0,10,0,0,1,1,0,0
0,0,1,1,0,0,0,0,20,0,0,1,1,0,0
0,0,1,3,0,0,1,0,10,0,0,1,1,0,0
0,0,1,4,0,0,1,0,13,0,0,1,1,0,0
0,0,1,10,0,0,0,0,15,0,0,1,1,0,0
0,0,1,3,0,0,0,0,14,0,0,1,1,0,0
0,0,1,2,0,0,0,0,12,0,0,1,1,0,0
0,0,1,2,0,0,0,0,6,0,0,1,1,0,0
0,0,1,4,0,0,0,0,14,0,0,1,1,0,0
0,0,1,1,0,0,0,0,12,0,0,1,1,0,0
0,0,1,2,0,0,0,0,10,0,0,1,1,0,0
0,0,1,4,0,0,0,0,15,0,0,2,0,1,0
0,0,1,5,0,0,0,0,11,0,0,1,1,0,0
0,0,1,2,0,0,1,0,9,0,0,2,0,1,0
0,0,1,4,0,0,0,0,15,0,0,1,1,0,0
0,0,1,10,0,0,0,0,15,0,0,1,1,0,0
0,0,1,4,0,0,0,0,17,0,0,1,1,0,0
0,0,1,2,0,0,0,0,13,0,0,1,1,0,0
0,0,1,2,0,0,0,0,12,0,0,1,1,0,0
0,0,1,3,0,0,0,0,8,0,0,1,1,0,0
0,0,1,1,0,0,0,0,12,0,0,1,1,0,0
0,0,1,5,0,0,0,0,11,0,0,1,1,0,0
0,0,1,2,0,0,0,0,13,0,0,1,0,0,0
0,0,1,2,0,0,0,0,10,0,0,1,0,0,0
0,0,1,3,0,0,0,0,11,0,0,1,1,0,0
0,0,1,2,0,0,0,0,10,0,0,1,0,0,0
0,0,1,6,0,0,0,0,14,0,0,1,1,0,0
0,0,1,4,0,0,0,0,17,0,0,1,1,0,0
0,0,1,3,0,0,0,0,9,0,0,1,0,0,0
0,0,1,4,0,0,0,0,9,0,0,1,1,0,0
0,0,1,1,0,0,0,0,15,3,0,1,1,0,0
0,0,1,1,0,0,0,0,10,0,0,1,0,0,0
0,0,1,1,0,0,0,0,11,0,0,1,1,0,0
0,0,1,6,0,0,0,0,13,0,0,1,1,0,0
0,0,1,4,0,0,0,0,12,0,0,1,1,0,0
0,0,1,3,0,0,1,0,15,0,0,1,1,0,0
0,0,1,1,0,0,0,0,11,0,0,1,0,0,0
0,0,1,2,0,0,0,0,12,0,0,1,1,0,0
0,0,1,1,0,0,0,0,10,0,0,1,0,0,0
0,0,1,1,0,0,0,0,11,0,0,1,1,0,0
0,0,1,4,0,0,0,0,14,0,0,1,1,0,0
0,0,1,2,0,0,0,0,12,0,0,1,1,0,0
0,0,1,2,0,0,0,0,13,0,0,1,1,0,0
0,0,1,2,0,0,0,0,15,0,0,2,0,1,0
0,0,1,3,0,0,0,0,7,0,0,1,1,0,0
0,0,1,3,0,0,0,0,7,0,0,1,1,0,0
0,0,1,4,0,0,1,0,10,0,0,1,1,0,0
0,0,1,4,0,0,0,0,13,0,0,1,0,0,0
0,0,1,1,0,0,0,0,15,0,0,1,1,0,0
0,0,1,4,0,0,0,0,11,0,0,1,1,0,0
0,0,1,2,0,0,0,0,9,0,0,1,0,0,0
0,0,1,4,0,0,0,0,11,0,0,1,1,0,0
0,0,1,5,0,0,0,0,11,0,0,1,1,0,0
0,0,1,3,0,0,0,0,9,0,0,1,1,0,0
0,0,1,2,0,0,0,0,12,0,0,1,1,0,0
0,0,1,2,0,0,0,0,9,2,0,1,0,0,0
0,0,1,4,0,0,0,0,11,0,0,2,0,1,0
0,0,1,2,0,0,0,0,10,0,0,1,0,0,0
0,0,1,6,0,0,0,0,12,0,0,1,1,0,0
0,0,1,2,0,0,0,0,13,0,0,1,1,0,0
0,0,1,3,0,0,0,0,14,0,0,2,0,1,0
0,0,1,1,0,0,0,0,11,0,0,1,1,0,0
0,0,1,5,0,0,0,0,10,0,0,1,1,0,0
0,0,1,3,0,0,0,0,8,0,0,1,1,0,0
0,0,1,5,0,0,0,0,6,0,0,1,0,0,0
0,0,1,1,0,0,0,0,11,0,0,1,1,0,0
0,0,1,5,0,0,1,0,14,0,0,1,1,0,0
0,0,1,3,0,0,0,0,9,0,0,1,0,0,0
0,0,1,3,0,0,0,0,17,0,0,1,1,0,0
0,0,1,4,0,0,0,0,14,0,0,1,1,0,0
0,0,1,2,0,0,0,0,11,0,0,1,1,0,0
0,0,1,6,0,0,0,0,12,0,0,1,1,0,0
0,0,1,2,0,0,0,0,12,0,0,1,1,0,0
0,0,1,7,0,0,0,0,6,0,0,1,0,0,0
0,0,1,3,0,0,0,0,17,0,0,2,1,1,0
0,0,1,2,0,0,0,0,12,0,0,1,1,0,0
0,0,1,2,0,0,0,0,9,2,0,1,0,0,0
0,0,1,3,0,0,0,0,7,0,0,1,1,0,0
0,0,1,8,0,0,0,0,11,0,0,2,1,1,0
0,0,1,4,0,0,0,0,17,0,0,1,1,0,0
0,0,1,2,0,0,0,0,10,0,0,1,0,0,0
0,0,1,4,0,0,0,0,9,0,0,1,1,0,0
0,0,1,4,0,0,0,0,11,0,0,2,0,1,0
0,0,1,5,0,0,0,0,11,0,0,1,1,0,0
0,0,1,4,0,0,0,0,6,0,0,1,1,0,0
0,0,1,2,0,0,0,0,12,0,0,1,1,0,0
0,0,1,2,0,0,0,0,12,0,0,1,1,0,0
0,0,1,3,0,0,0,0,13,0,0,1,1,0,0
0,0,1,3,0,0,0,0,8,4,0,1,0,0,0
0,0,1,3,0,0,0,0,7,0,0,1,1,0,0
0,0,1,3,0,0,0,0,13,0,0,1,1,0,0
0,0,1,2,0,0,0,0,10,0,0,1,1,0,0
0,0,1,1,1,0,0,0,9,0,0,1,0,0,0
0,0,1,2,0,0,1,0,18,0,0,1,1,0,0
0,0,1,4,0,0,0,0,10,0,0,1,0,0,0
0,0,1,3,0,0,0,0,7,0,0,1,1,0,0
0,0,1,2,0,0,0,0,10,0,0,1,1,0,0
0,0,1,3,0,0,0,0,6,0,0,1,0,0,0
0,0,1,3,0,0,0,0,13,0,0,1,1,0,0
0,0,1,2,0,0,0,0,14,0,0,2,1,1,0
0,0,1,3,0,0,0,0,14,0,0,1,1,0,0
0,0,1,4,0,0,0,0,11,0,0,1,1,0,0
0,0,1,2,0,0,0,0,12,0,0,1,1,0,0
0,0,1,3,0,0,0,0,7,0,0,1,1,0,0
0,0,1,3,0,0,0,0,15,0,0,1,1,0,0
0,0,1,6,0,0,0,0,12,0,0,1,1,0,0
0,0,1,4,0,0,0,0,14,0,0,1,1,0,0
0,0,1,2,0,0,0,0,8,0,0,1,1,0,0
0,0,1,4,0,0,0,0,6,0,0,1,1,0,0
0,0,1,3,0,0,1,0,9,3,0,1,1,0,0
0,0,1,3,0,0,0,0,7,0,0,1,1,0,0
0,0,1,3,0,0,0,0,13,0,0,1,0,0,0
0,0,1,2,0,0,0,0,8,0,0,1,1,0,0
0,0,1,6,0,0,0,0,10,0,0,1,1,0,0
0,0,1,1,0,0,0,0,9,3,0,1,1,0,0
0,0,1,3,0,0,0,0,12,0,0,1,1,0,0
0,0,1,4,0,0,0,0,6,0,0,1,1,0,0
0,0,1,1,0,0,0,0,17,0,0,1,1,0,0
0,0,1,3,0,0,0,0,14,0,0,2,1,1,0
0,0,1,3,0,0,0,0,15,0,0,1,1,0,0
0,0,1,4,0,0,0,0,12,0,0,1,1,0,0
0,0,1,2,0,0,0,0,10,0,0,1,1,0,0
0,0,1,3,0,0,0,0,11,0,0,1,1,0,0
0,0,1,2,0,0,0,0,9,2,0,1,0,0,0
0,0,1,3,0,0,0,0,13,0,0,1,1,0,0
0,0,1,3,0,0,0,0,15,0,0,1,0,0,0
0,0,1,4,0,0,0,0,12,0,0,1,1,0,0
0,0,1,3,0,0,0,0,15,0,0,1,0,0,0
0,0,1,3,0,0,0,0,15,0,0,1,1,0,0
0,0,1,6,0,0,0,0,13,2,0,1,1,0,0
0,0,1,3,0,0,0,0,13,0,0,1,1,0,0
0,0,1,1,0,0,0,0,12,0,0,1,1,0,0
0,0,1,7,0,0,0,0,6,0,0,1,0,0,0
0,0,1,2,0,0,0,0,13,0,0,1,1,0,0
0,0,1,3,0,0,0,0,14,0,0,1,1,0,0
0,0,1,7,0,0,0,0,14,0,0,1,1,0,0
0,0,1,3,0,0,0,0,6,0,0,1,0,0,0
0,0,1,1,0,0,0,0,11,0,0,1,0,0,0
0,0,1,2,0,0,0,0,13,0,0,1,0,0,0
0,0,1,6,0,0,0,0,13,0,0,1,1,0,0
0,0,1,1,0,0,0,0,9,3,0,1,1,0,0
0,0,1,2,0,0,0,0,10,0,0,1,1,0,0
0,0,1,2,0,0,0,0,11,0,0,1,1,0,0
0,0,1,6,0,0,0,0,13,0,0,1,1,0,0
0,0,1,4,0,0,0,0,14,0,0,1,0,0,0
0,0,1,1,0,0,0,0,11,0,0,1,1,0,0
0,0,1,4,0,0,0,0,14,0,0,1,1,0,0
0,0,1,2,0,0,0,0,7,0,0,1,0,0,0
0,0,1,1,0,0,0,0,21,0,0,1,1,0,0
0,0,1,4,0,0,0,0,14,0,0,1,1,0,0
0,0,1,3,0,0,0,0,6,0,0,1,0,0,0
0,0,1,3,0,0,0,0,10,0,0,1,1,0,0
0,0,1,4,0,0,0,0,7,0,0,1,1,0,0
0,0,1,3,0,0,0,0,15,0,0,1,1,0,0
0,0,1,3,0,0,0,0,17,0,0,1,1,0,0
0,0,1,3,0,0,0,0,7,0,0,1,1,0,0
0,0,1,3,0,0,0,0,15,0,0,1,0,0,0
0,0,1,2,0,0,0,0,10,0,0,1,0,0,0
0,0,1,1,0,0,0,0,17,0,0,1,1,0,0
0,0,1,1,0,0,0,0,17,0,0,1,1,0,0
0,0,1,1,0,0,0,0,17,0,0,1,1,0,0
0,0,1,1,1,0,0,0,9,0,0,1,0,0,0
0,0,1,10,0,0,0,0,15,0,0,1,1,0,0
0,0,1,2,0,0,0,0,13,0,0,1,0,0,0
0,0,1,3,0,0,0,0,10,0,0,1,1,0,0
0,0,1,1,0,0,0,0,15,0,0,1,1,0,0
0,0,1,2,0,0,0,0,13,0,0,2,0,1,0
0,0,1,3,0,0,0,0,7,1,0,1,0,0,0
0,0,1,4,0,0,1,0,10,0,0,1,1,0,0
0,0,1,1,0,0,0,0,12,0,0,1,0,0,0
0,0,1,2,0,0,0,0,10,0,0,1,1,0,0
0,0,1,2,0,0,0,0,6,0,0,1,0,0,0
0,0,1,10,0,0,0,0,15,0,0,1,1,0,0
0,0,1,5,0,0,0,0,15,0,0,2,0,1,0
0,0,1,3,0,0,0,0,17,0,0,1,1,0,0
0,0,1,1,0,0,0,0,15,0,0,1,1,0,0
0,0,1,2,0,0,0,0,15,0,0,2,0,1,0
0,0,1,1,1,0,0,0,7,0,0,1,0,0,0
0,0,1,1,0,0,0,0,11,0,0,1,1,0,0
0,0,1,1,0,0,0,0,11,0,0,1,1,0,0
0,0,1,10,0,0,0,0,15,0,0,1,1,0,0
0,0,1,5,0,0,0,0,6,0,0,1,0,0,0
0,0,1,3,0,0,0,1,13,0,1,1,1,0,0
0,0,1,2,0,0,0,0,7,0,0,1,0,0,0
0,0,1,5,0,0,0,0,18,0,0,3,0,2,0
0,0,1,4,0,0,0,0,9,0,0,1,1,0,0
0,0,1,6,0,0,0,0,10,0,0,1,0,0,0
0,0,1,3,0,0,0,0,7,0,0,1,1,0,0
0,0,1,2,0,0,0,0,10,0,0,1,1,0,0
0,0,1,4,0,0,1,0,10,0,0,1,1,0,0
0,0,1,4,0,0,0,0,15,0,0,1,1,0,0
0,0,1,3,0,0,0,0,13,0,0,1,0,0,0
0,0,1,4,0,0,0,0,14,0,0,1,1,0,0
0,0,1,3,0,0,0,0,14,0,0,1,1,0,0
0,0,1,3,0,0,0,0,6,0,0,1,0,0,0
0,0,1,1,1,0,0,0,9,0,0,1,0,0,0
0,0,1,2,0,0,0,0,10,0,0,1,0,0,0
0,0,1,3,0,0,0,0,15,0,0,2,0,1,0
0,0,1,2,0,0,0,0,10,0,0,1,1,0,0
0,0,1,2,0,0,0,0,13,0,0,1,0,0,0
0,0,1,3,0,0,0,0,15,0,0,1,0,0,0
0,0,1,7,0,0,1,0,9,0,0,2,0,1,0
0,0,1,3,0,0,0,0,6,0,0,1,0,0,0
0,0,1,4,0,0,1,0,15,0,0,1,1,0,0
0,0,1,4,0,0,0,0,9,0,0,1,1,0,0
0,0,1,5,0,0,0,0,14,0,0,1,1,0,0
0,0,1,5,0,0,0,0,10,0,0,1,1,0,0
0,0,1,2,0,0,0,0,12,0,0,1,1,0,0
0,0,1,7,0,0,0,0,6,0,0,1,0,0,0
0,0,1,3,0,0,0,0,15,0,0,1,0,0,0
0,0,1,1,0,0,0,0,11,0,0,1,0,0,0
0,0,1,3,0,0,0,0,14,0,0,1,1,0,0
0,0,1,2,0,0,0,0,12,0,0,1,1,0,0
0,0,1,2,0,0,0,0,6,0,0,1,1,0,0
0,0,1,5,0,0,0,0,11,0,0,1,1,0,0
0,0,1,4,0,0,0,0,14,0,0,1,0,0,0
0,0,1,3,0,0,1,0,15,0,0,1,1,0,0
0,0,1,4,0,0,0,0,13,0,0,1,1,0,0
0,0,1,7,0,0,0,0,11,0,0,2,1,1,0
0,0,1,2,0,0,0,0,10,0,0,1,1,0,0
0,0,1,2,0,0,0,0,12,0,0,1,1,0,0
0,0,1,3,0,0,1,0,10,0,0,1,1,0,0
0,0,1,6,0,0,0,0,10,0,0,1,1,0,0
0,0,1,4,0,0,0,0,17,0,0,1,1,0,0
0,0,1,4,0,0,0,0,7,0,0,1,1,0,0
0,0,1,2,0,0,0,0,10,0,0,1,1,0,0
0,0,1,2,0,0,0,0,9,0,0,1,1,0,0
0,0,1,4,0,0,0,0,9,0,0,1,1,0,0
0,0,1,5,0,0,0,0,10,0,0,1,1,0,0
0,0,1,3,0,0,0,0,6,0,0,1,0,0,0
0,0,1,3,0,0,0,0,8,4,0,1,0,0,0
0,0,1,3,0,0,0,0,13,0,0,1,0,0,0
0,0,1,6,0,0,0,0,14,0,0,1,1,0,0
0,0,1,5,0,0,0,0,10,0,0,1,1,0,0
0,0,1,2,0,0,0,0,13,0,0,1,0,0,0
0,0,1,2,0,0,0,0,6,0,0,1,1,0,0
0,0,1,2,0,0,0,0,12,0,0,1,1,0,0
0,0,1,2,0,0,0,0,12,0,0,1,0,0,0
0,0,1,7,0,0,0,0,11,0,0,2,1,1,0
0,0,1,2,0,0,0,0,15,0,0,2,0,1,0
0,0,1,6,0,0,0,0,12,0,0,1,1,0,0
0,0,1,2,0,0,0,0,13,0,0,1,1,0,0
0,0,1,3,0,0,0,0,13,0,0,1,1,0,0
0,0,1,1,0,0,0,0,20,0,0,1,1,0,0
0,0,1,4,0,0,0,0,17,0,0,1,1,0,0
0,0,1,2,0,0,0,0,10,0,0,1,1,0,0
0,0,1,2,0,0,0,0,13,0,0,1,0,0,0
0,0,1,2,0,0,0,0,7,1,0,1,1,0,0
0,0,1,3,0,0,0,0,15,0,0,1,0,0,0
0,0,1,3,0,0,0,0,6,0,0,1,0,0,0
0,0,1,6,0,0,0,0,14,0,0,1,1,0,0
0,0,1,1,0,0,0,0,12,0,0,1,1,0,0
0,0,1,6,0,0,0,0,12,0,0,1,1,0,0
0,0,1,7,0,0,0,0,11,0,0,1,0,0,0
0,0,1,4,0,0,0,0,15,0,0,1,1,0,0
0,0,1,3,0,0,0,0,15,0,0,1,0,0,0
0,0,1,3,0,0,1,0,9,3,0,1,1,0,0
0,0,1,1,0,0,0,0,15,0,0,1,1,0,0
0,0,1,5,0,0,1,0,14,0,0,1,1,0,0
0,0,1,3,0,0,0,0,9,0,0,1,1,0,0
0,0,1,3,0,0,0,0,10,0,0,1,1,0,0
0,0,1,4,0,0,0,0,7,0,0,1,1,0,0
0,0,1,4,0,0,0,0,6,0,0,1,1,0,0
0,0,1,1,0,0,0,0,15,0,0,1,1,0,0
0,0,1,3,0,0,0,0,15,0,0,1,0,0,0
0,0,1,3,0,0,0,0,13,0,0,1,0,0,0
0,0,1,10,0,0,0,0,15,0,0,1,1,0,0
0,0,1,2,0,0,0,0,14,0,0,1,1,0,0
0,0,1,1,0,0,0,0,11,0,0,1,1,0,0
0,0,1,4,0,0,0,0,7,0,0,1,1,0,0
0,0,1,3,0,0,0,0,7,0,0,1,1,0,0
0,0,1,1,0,0,0,0,17,0,0,1,1,0,0
0,0,1,4,0,0,0,0,9,0,0,1,1,0,0
0,0,1,4,0,0,0,0,11,0,0,1,1,0,0
0,0,1,1,1,0,0,0,7,0,0,1,0,0,0
0,0,1,1,0,0,0,0,11,0,0,1,1,0,0
0,0,1,3,0,0,1,0,10,0,0,1,1,0,0
0,0,1,1,0,0,0,0,11,0,0,1,1,0,0
0,0,1,4,0,0,0,0,10,0,0,1,1,0,0
0,0,1,2,0,0,0,0,13,0,0,1,0,0,0
0,0,1,2,0,0,0,0,13,0,0,1,1,0,0
0,0,1,4,0,0,0,0,6,0,0,1,0,0,0
0,0,1,7,0,0,0,0,11,0,0,1,0,0,0
0,0,1,6,0,0,0,0,14,0,0,1,1,0,0
0,0,1,3,0,0,0,0,6,0,0,1,0,0,0
0,0,1,2,0,0,0,0,11,0,0,1,1,0,0
0,0,1,2,0,0,0,0,13,0,0,1,0,0,0
0,0,1,4,0,0,0,0,6,0,0,1,1,0,0
0,0,1,1,0,0,0,0,11,0,0,1,1,0,0
0,0,1,4,0,0,0,0,17,0,0,1,1,0,0
0,0,1,3,0,0,1,0,10,0,0,1,1,0,0
0,0,1,2,0,0,0,0,6,0,0,1,1,0,0
0,0,1,4,0,0,0,0,11,0,0,1,1,0,0
0,0,1,3,0,0,0,0,14,0,0,1,1,0,0
0,0,1,2,0,0,0,0,6,0,0,1,1,0,0
0,0,1,2,0,0,0,0,9,2,0,1,0,0,0
0,0,1,4,0,0,0,0,9,0,0,1,1,0,0
0,0,1,2,0,0,0,0,13,0,0,1,0,0,0
0,0,1,3,0,0,0,0,13,0,0,1,1,0,0
0,0,1,1,0,0,0,0,10,0,0,1,0,0,0
0,0,1,2,0,0,0,0,12,0,0,1,1,0,0
0,0,1,7,0,0,0,0,13,0,0,1,1,0,0
0,0,1,6,0,0,0,0,6,0,0,1,0,0,0
0,0,1,1,0,0,1,0,11,0,0,1,1,0,0
0,0,1,4,0,0,0,0,11,0,0,1,1,0,0
0,0,1,3,0,0,0,0,13,0,0,2,0,1,0
0,0,1,2,0,0,0,0,15,0,0,1,1,0,0
0,0,1,2,0,0,0,0,12,0,0,1,1,0,0
0,0,1,3,0,0,0,0,15,0,0,1,1,0,0
0,0,1,4,0,0,0,0,17,0,0,1,1,0,0
0,0,1,2,0,0,0,0,10,0,0,1,1,0,0
0,0,1,2,0,0,0,0,12,0,0,1,1,0,0
0,0,1,1,0,0,0,0,11,0,0,1,1,0,0
0,0,1,3,0,0,0,0,15,0,0,1,0,0,0
0,0,1,6,0,0,0,0,6,0,0,1,0,0,0
0,0,1,3,0,0,0,0,8,0,0,1,1,0,0
0,0,1,3,0,0,0,0,9,0,0,1,1,0,0
0,0,1,6,0,0,0,0,14,0,0,1,1,0,0
0,0,1,3,0,0,0,0,6,0,0,1,0,0,0
0,0,1,2,0,0,1,0,9,0,0,2,0,1,0
0,0,1,2,0,0,0,0,13,0,0,2,0,1,0
0,0,1,1,0,0,0,0,15,0,0,1,1,0,0
0,0,1,1,0,0,0,0,15,3,0,1,1,0,0
0,0,1,1,0,0,0,0,11,0,0,1,1,0,0
0,0,1,3,0,0,0,0,9,0,0,1,0,0,0
0,0,1,3,0,0,0,0,10,0,0,1,1,0,0
0,0,1,1,0,0,1,0,11,0,0,1,1,0,0
0,0,1,4,0,0,0,0,14,0,0,1,1,0,0
0,0,1,2,0,0,1,0,9,0,0,1,1,0,0
0,0,1,2,0,0,0,0,9,0,0,1,0,0,0
0,0,1,1,0,0,0,0,11,0,0,1,1,0,0
0,0,1,3,0,0,0,0,15,0,0,1,0,0,0
0,0,1,2,0,0,0,0,8,0,0,1,1,0,0
0,0,1,4,0,0,0,0,13,0,0,1,0,0,0
0,0,1,3,0,0,0,0,17,0,0,1,1,0,0
0,0,1,3,0,0,0,0,15,0,0,1,0,0,0
0,0,1,1,1,0,0,0,9,0,0,1,0,0,0
0,0,1,2,0,0,0,0,15,0,0,1,1,0,0
0,1,1,2,0,0,0,0,10,0,0,1,1,0,0
0,0,1,1,0,0,0,0,17,0,0,1,1,0,0
0,0,1,1,0,0,1,0,11,0,0,1,1,0,0
0,0,1,10,0,0,0,0,15,0,0,1,1,0,0
0,0,1,2,0,0,0,0,9,0,0,1,0,0,0
0,0,1,2,0,0,0,0,9,0,0,1,1,0,0
0,0,1,3,0,0,0,0,12,0,0,1,0,0,0
0,0,1,3,0,0,0,0,7,0,0,1,1,0,0
0,0,1,2,0,0,1,0,18,0,0,1,1,0,0
0,0,1,1,0,0,0,0,23,0,0,1,1,0,0
0,0,1,3,0,0,0,0,13,0,0,1,0,0,0
0,0,1,4,0,0,0,0,11,0,0,1,1,0,0
0,0,1,1,1,0,0,0,9,0,0,1,0,0,0
0,0,1,3,0,0,0,0,6,0,0,1,0,0,0
0,0,1,3,0,0,0,0,7,0,0,1,0,0,0
0,0,1,2,0,0,0,0,13,0,0,1,0,0,0
0,0,1,1,0,0,0,0,21,0,0,1,1,0,0
0,0,1,1,0,0,0,0,12,0,0,1,0,0,0
0,0,1,10,0,0,0,0,15,0,0,1,1,0,0
0,0,1,3,0,0,0,0,7,0,0,1,1,0,0
0,0,1,8,0,0,0,0,6,0,0,1,0,0,0
0,0,1,5,0,0,0,0,11,0,0,1,1,0,0
0,0,1,5,0,0,0,0,10,0,0,1,1,0,0
0,0,1,2,0,0,0,0,12,0,0,1,1,0,0
0,0,1,4,0,0,0,0,11,0,0,2,0,1,0
0,0,1,1,1,0,0,0,9,0,0,1,0,0,0
0,0,1,2,0,0,0,0,10,0,0,1,0,0,0
0,0,1,1,0,0,0,0,10,0,0,1,0,0,0
0,0,1,2,0,0,0,0,13,0,0,1,0,0,0
0,0,1,10,0,0,0,0,15,0,0,1,1,0,0
0,0,1,4,0,0,0,0,9,0,0,1,1,0,0
0,0,1,4,0,0,1,0,10,0,0,1,1,0,0
0,0,1,4,0,0,0,0,15,0,0,2,0,1,0
0,0,1,1,0,0,0,0,11,0,0,1,1,0,0
0,0,1,6,0,0,0,0,13,0,0,1,1,0,0
0,0,1,4,0,0,0,0,11,0,0,1,1,0,0
0,0,1,1,0,0,0,0,11,0,0,1,1,0,0
0,0,1,6,0,0,0,0,14,0,0,1,1,0,0
0,0,1,3,0,0,1,0,15,0,0,1,1,0,0
0,0,1,3,0,0,0,0,9,0,0,1,1,0,0
0,0,1,5,0,0,0,0,6,0,0,1,0,0,0
0,0,1,5,0,0,0,0,15,0,0,1,1,0,0
0,0,1,3,0,0,0,0,8,0,0,1,1,0,0
0,0,1,2,0,0,0,0,8,0,0,1,1,0,0
0,0,1,3,0,0,0,0,7,0,0,1,1,0,0
0,0,1,2,0,0,0,0,10,0,0,1,0,0,0
0,0,1,4,0,0,1,0,15,0,0,1,1,0,0
0,0,1,2,0,0,0,0,12,0,0,1,1,0,0
0,0,1,4,0,0,0,0,14,0,0,1,1,0,0
0,0,1,5,0,0,0,0,11,0,0,1,1,0,0
0,0,1,2,0,0,0,0,12,0,0,1,1,0,0
0,0,1,1,0,0,0,0,15,0,0,1,1,0,0
0,0,1,5,0,0,0,0,12,2,0,1,1,0,0
0,0,1,6,0,0,0,0,13,0,0,1,1,0,0
0,0,1,6,0,0,0,0,14,0,0,1,1,0,0
0,0,1,2,0,0,0,0,7,1,0,1,1,0,0
0,0,1,6,0,0,0,0,14,0,0,2,0,1,0
0,0,1,5,0,0,0,0,14,0,0,1,1,0,0
0,0,1,4,0,0,0,0,12,0,0,1,1,0,0
0,0,1,5,0,0,0,0,11,0,0,1,1,0,0
0,0,1,7,0,0,0,0,6,0,0,1,0,0,0
0,0,1,3,0,0,0,0,14,0,0,1,1,0,0
0,0,1,3,0,0,0,0,15,0,0,1,1,0,0
0,0,1,4,0,0,0,0,6,0,0,1,1,0,0
0,0,1,3,0,0,0,0,13,0,0,1,1,0,0
0,0,1,4,0,0,0,0,10,0,0,1,0,0,0
0,0,1,3,0,0,0,0,14,0,0,1,1,0,0
0,0,1,14,0,0,0,0,13,0,0,2,0,1,0
0,0,1,4,0,0,0,0,14,0,0,1,1,0,0
0,0,1,6,0,0,0,0,13,0,0,1,1,0,0
0,0,1,4,0,0,0,0,11,0,0,1,1,0,0
0,0,1,3,0,0,0,0,8,0,0,1,1,0,0
0,0,1,2,0,0,0,0,12,0,0,1,1,0,0
0,0,1,3,0,0,0,0,8,0,0,1,1,0,0
0,0,1,2,0,0,0,0,13,0,0,1,1,0,0
0,0,1,1,0,0,0,0,11,0,0,1,0,0,0
0,0,1,3,0,0,0,0,7,0,0,1,1,0,0
0,0,1,4,0,0,0,0,6,0,0,1,1,0,0
0,0,1,2,0,0,0,0,13,0,0,1,0,0,0
0,0,1,3,0,0,0,0,8,0,0,1,1,0,0
0,0,1,1,0,0,0,0,17,0,0,1,1,0,0
0,0,1,2,0,0,0,0,10,0,0,1,1,0,0
0,0,1,1,0,0,0,0,11,0,0,1,1,0,0
0,0,1,6,0,0,0,0,12,0,0,1,1,0,0
0,0,1,5,0,0,0,0,11,0,0,1,1,0,0
0,0,1,3,0,0,0,0,7,0,0,1,1,0,0
0,0,1,2,0,0,0,0,12,0,0,1,1,0,0
0,0,1,3,0,0,0,0,15,0,0,1,0,0,0
0,0,1,3,0,0,0,0,10,0,0,1,1,0,0
0,0,1,2,0,0,0,0,12,0,0,1,1,0,0
0,0,1,3,0,0,0,0,13,0,0,1,1,0,0
0,0,1,3,0,0,0,0,14,0,0,1,1,0,0
0,0,1,2,0,0,0,0,12,0,0,1,1,0,0
0,0,1,3,0,0,0,0,12,0,0,1,1,0,0
0,0,1,3,0,0,0,0,13,0,0,1,1,0,0
0,0,1,2,0,0,0,0,12,0,0,1,0,0,0
0,0,1,2,0,0,0,0,15,0,0,2,0,1,0
0,0,1,3,0,0,0,0,13,0,0,1,1,0,0
0,0,1,3,0,0,0,0,9,0,0,1,1,0,0
0,0,1,4,0,0,0,0,14,0,0,1,1,0,0
0,0,1,7,0,0,1,0,9,0,0,2,0,1,0
0,0,1,6,0,0,0,0,12,0,0,1,1,0,0
0,0,1,4,0,0,0,0,7,0,0,1,1,0,0
0,0,1,1,0,0,0,0,12,0,0,1,0,0,0
0,0,1,1,0,0,0,0,17,0,0,1,1,0,0
0,0,1,3,0,0,0,0,13,0,0,2,0,1,0
0,0,1,3,0,0,1,0,15,0,0,1,1,0,0
0,0,1,10,0,0,0,0,15,0,0,1,1,0,0
0,0,1,5,0,0,0,0,6,0,0,1,0,0,0
0,0,1,3,0,0,0,0,15,0,0,1,1,0,0
0,0,1,6,0,0,0,0,12,0,0,1,1,0,0
0,0,1,1,0,0,0,0,10,0,0,1,0,0,0
0,0,1,4,0,0,0,0,9,0,0,1,1,0,0
0,0,1,2,0,0,1,0,18,0,0,1,1,0,0
0,0,1,7,0,0,0,0,14,0,0,1,1,0,0
0,0,1,3,0,0,0,0,6,0,0,1,0,0,0
0,0,1,1,0,0,0,0,11,0,0,1,0,0,0
0,0,1,3,0,0,0,0,13,0,0,1,1,0,0
0,0,1,2,0,0,0,0,10,0,0,1,0,0,0
0,0,1,3,0,0,0,0,17,0,0,1,1,0,0
0,0,1,6,0,0,0,0,15,0,0,2,0,1,0
0,0,1,6,0,0,0,0,15,0,0,2,0,1,0
0,0,1,5,0,0,0,0,14,0,0,1,1,0,0
0,0,1,4,0,0,0,0,14,0,0,1,1,0,0
0,0,1,4,0,0,0,0,6,0,0,1,1,0,0
0,0,1,2,0,0,0,0,15,0,0,1,1,0,0
0,0,1,2,0,0,0,0,8,0,0,1,1,0,0
0,0,1,3,0,0,0,0,15,0,0,2,0,1,0
0,0,1,3,0,0,0,0,6,0,0,1,0,0,0
0,0,1,5,0,0,0,0,11,0,0,1,1,0,0
0,0,1,3,0,0,0,0,13,0,0,1,0,0,0
0,0,1,1,1,0,0,0,9,0,0,1,0,0,0
0,0,1,1,0,0,0,0,11,0,0,1,0,0,0
0,0,1,2,0,0,0,0,11,0,0,1,1,0,0
0,0,1,3,0,0,0,0,15,0,0,1,0,0,0
0,0,1,1,0,0,0,0,12,0,0,1,0,0,0
0,0,1,4,0,0,0,0,6,0,0,1,0,0,0
0,0,1,5,0,0,0,0,6,0,0,1,0,0,0
0,0,1,1,0,0,0,0,11,0,0,1,1,0,0
0,1,1,2,0,0,0,0,10,0,0,1,1,0,0
0,0,1,3,0,0,0,0,16,0,0,1,1,0,0
0,0,1,5,0,0,0,0,11,0,0,1,1,0,0
0,0,1,2,0,0,0,0,16,0,0,1,1,0,0
0,0,1,4,0,0,1,0,15,0,0,1,1,0,0
0,0,1,1,0,0,1,0,14,0,0,1,1,0,0
0,0,1,4,0,0,0,0,6,0,0,1,1,0,0
0,0,1,4,0,0,0,0,13,0,0,1,1,0,0
0,0,1,2,0,0,0,0,12,0,0,1,1,0,0
0,0,1,2,0,0,0,0,10,0,0,1,1,0,0
0,0,1,4,0,0,0,0,14,0,0,1,1,0,0
0,0,1,3,0,0,1,0,15,0,0,1,1,0,0
0,0,1,3,0,0,0,0,9,0,0,1,1,0,0
0,0,1,3,0,0,0,0,13,0,0,1,0,0,0
0,0,1,1,1,0,0,0,9,0,0,1,0,0,0
0,0,1,4,0,0,0,0,11,0,0,1,1,0,0
0,0,1,3,0,0,0,0,15,0,0,1,0,0,0
0,0,1,1,0,0,0,0,13,0,0,1,1,0,0
0,0,1,1,0,0,0,0,17,0,0,1,1,0,0
0,0,1,4,0,0,1,0,15,0,0,1,1,0,0
0,0,1,4,0,0,0,0,10,0,0,1,1,0,0
0,0,1,3,0,0,0,0,14,0,0,1,1,0,0
0,0,1,2,0,0,0,0,15,0,0,2,0,1,0
0,0,1,3,0,0,0,0,8,0,0,1,1,0,0
0,0,1,7,0,0,0,0,6,0,0,1,0,0,0
0,0,1,1,0,0,1,0,14,0,0,1,1,0,0
0,0,1,3,0,0,0,0,15,0,0,1,0,0,0
0,0,1,6,0,0,0,0,14,0,0,1,1,0,0
0,0,1,2,0,0,0,0,10,0,0,1,0,0,0
0,0,1,3,0,0,1,0,15,0,0,1,1,0,0
0,0,1,1,0,0,0,0,11,0,0,1,1,0,0
0,0,1,4,0,0,0,0,13,0,0,1,1,0,0
0,0,1,2,0,0,0,0,10,0,0,1,1,0,0
0,0,1,2,0,0,0,0,12,0,0,1,1,0,0
0,0,1,2,0,0,0,0,10,0,0,1,0,0,0
0,0,1,4,0,0,0,0,7,0,0,1,1,0,0
0,0,1,1,0,0,0,0,10,0,0,1,0,0,0
0,0,1,4,0,0,0,0,13,0,0,1,1,0,0
0,0,1,4,0,0,0,0,11,0,0,2,0,1,0
0,0,1,3,0,0,1,0,15,0,0,1,1,0,0
0,0,1,10,0,0,0,0,11,0,0,1,0,0,0
0,0,1,5,0,0,0,0,6,0,0,1,0,0,0
0,0,1,2,0,0,1,0,9,0,0,2,0,1,0
0,0,1,4,0,0,0,0,10,0,0,1,1,0,0
0,0,1,1,0,0,0,0,12,0,0,1,0,0,0
0,0,1,1,0,0,0,0,11,0,0,1,0,0,0
0,0,1,10,0,0,0,0,15,0,0,1,1,0,0
0,0,1,3,0,0,0,0,9,0,0,1,1,0,0
0,0,1,4,0,0,0,0,17,0,0,1,1,0,0
0,0,1,3,0,0,0,0,15,0,0,1,0,0,0
0,0,1,4,0,0,0,0,11,0,0,2,0,1,0
0,0,1,2,0,0,0,0,10,0,0,1,1,0,0
0,0,1,4,0,0,0,0,16,1,0,2,0,1,0
0,0,1,2,0,0,0,0,12,0,0,1,1,0,0
0,0,1,2,0,0,0,0,11,0,0,1,1,0,0
0,0,1,4,0,0,1,0,10,0,0,1,1,0,0
0,0,1,3,0,0,0,0,15,0,0,1,0,0,0
0,0,1,4,0,0,0,0,11,0,0,1,1,0,0
0,0,1,2,0,0,0,0,12,0,0,1,1,0,0
0,0,1,4,0,0,0,0,7,0,0,1,0,0,0
0,0,1,4,0,0,0,0,14,0,0,1,1,0,0
0,0,1,3,0,0,0,0,12,0,0,1,1,0,0
0,0,1,5,0,0,0,0,10,0,0,1,1,0,0
0,0,1,3,0,0,0,0,14,0,0,1,1,0,0
0,0,1,10,0,0,0,0,15,0,0,1,1,0,0
0,0,1,5,0,0,0,0,11,0,0,1,1,0,0
0,0,1,10,0,0,0,0,15,0,0,1,1,0,0
0,0,1,3,0,0,0,0,9,0,0,1,1,0,0
0,0,1,1,0,0,0,0,21,0,0,1,1,0,0
0,0,1,1,0,0,0,0,10,0,0,1,0,0,0
0,0,1,4,0,0,0,0,9,0,0,1,1,0,0
0,0,1,1,0,0,1,0,11,0,0,1,1,0,0
0,0,1,4,0,0,0,0,14,0,0,1,0,0,0
0,0,1,3,0,0,0,0,13,0,0,1,1,0,0
0,0,1,6,0,0,0,0,10,0,0,1,1,0,0
0,0,1,2,0,0,0,0,13,0,0,1,1,0,0
0,0,1,5,0,0,1,0,14,0,0,1,1,0,0
0,0,1,5,0,0,0,0,12,2,0,1,1,0,0
0,0,1,1,0,0,0,0,11,0,0,1,1,0,0
0,0,1,4,0,0,0,0,17,0,0,1,1,0,0
0,0,1,2,0,0,0,0,13,0,0,1,1,0,0
0,0,1,2,0,0,0,0,15,0,0,2,0,1,0
0,0,1,3,0,0,0,0,13,0,0,1,1,0,0
0,0,1,2,0,0,1,0,9,0,0,2,0,1,0
0,0,1,3,0,0,0,0,11,0,0,2,1,1,0
0,0,1,4,0,0,0,0,13,0,0,1,1,0,0
0,0,1,2,0,0,0,0,9,0,0,1,0,0,0
0,0,1,4,0,0,0,0,11,0,0,2,0,1,0
0,0,1,4,0,0,0,0,7,0,0,1,1,0,0
0,0,1,3,0,0,0,0,15,0,0,1,1,0,0
0,0,1,3,0,0,0,0,13,0,0,1,0,0,0
0,0,1,4,0,0,0,0,14,0,0,1,1,0,0
0,0,1,8,0,0,0,0,10,0,0,1,1,0,0
0,0,1,2,0,0,0,0,10,0,0,1,1,0,0
0,0,1,4,0,0,0,0,11,0,0,1,1,0,0
0,0,1,4,0,0,1,0,10,0,0,1,1,0,0
0,0,1,4,0,0,0,0,11,0,0,1,1,0,0
0,0,1,7,1,0,0,0,18,0,0,1,1,0,0
0,0,1,2,0,0,1,0,9,0,0,2,0,1,0
0,0,1,2,0,0,0,0,13,0,0,1,1,0,0
0,0,1,2,0,0,0,0,15,0,0,1,1,0,0
0,0,1,3,0,0,0,0,17,0,0,1,1,0,0
0,0,1,3,0,0,0,0,7,0,0,1,1,0,0
0,0,1,1,0,0,0,0,12,0,0,1,1,0,0
0,0,1,4,0,0,0,0,14,0,0,1,1,0,0
0,0,1,10,0,0,0,0,15,0,0,1,1,0,0
0,0,1,2,0,0,0,0,16,0,0,1,1,0,0
0,0,1,5,0,0,0,0,11,0,0,1,1,0,0
0,0,1,1,0,0,0,0,10,0,0,1,1,0,0
0,0,1,6,0,0,0,0,14,0,0,1,1,0,0
0,0,1,3,0,0,0,0,15,0,0,1,1,0,0
0,0,1,6,0,0,0,0,12,0,0,1,1,0,0
0,0,1,1,0,0,0,0,17,0,0,1,1,0,0
0,0,1,6,0,0,0,0,19,0,0,3,0,2,0
0,0,1,1,0,0,0,0,11,0,0,1,1,0,0
0,0,1,3,0,0,0,0,15,0,0,1,1,0,0
0,0,1,2,0,0,0,0,13,0,0,1,1,0,0
0,0,1,5,0,0,1,0,14,0,0,1,1,0,0
0,0,1,3,0,0,0,0,14,0,0,1,1,0,0
0,0,1,1,0,0,0,0,15,0,0,1,0,0,0
0,0,1,3,0,0,0,0,15,0,0,2,0,1,0
0,0,1,6,0,0,0,0,12,0,0,1,1,0,0
0,0,1,1,0,0,0,0,17,0,0,1,1,0,0
0,0,1,1,0,0,1,0,14,0,0,1,1,0,0
0,0,1,5,0,0,0,0,10,0,0,1,1,0,0
0,0,1,2,0,0,0,0,14,0,0,1,1,0,0
0,0,1,5,0,0,0,0,11,0,0,1,1,0,0
0,0,1,4,0,0,0,0,7,0,0,1,1,0,0
0,0,1,4,0,0,0,0,9,0,0,1,1,0,0
0,0,1,14,0,0,0,0,13,0,0,2,0,1,0
0,0,1,2,0,0,0,0,13,0,0,1,0,0,0
0,0,1,5,0,0,0,0,6,0,0,1,0,0,0
0,0,1,1,0,0,0,0,10,0,0,1,1,0,0
0,0,1,4,0,0,0,0,11,0,0,2,0,1,0
0,0,1,5,0,0,0,0,15,0,0,1,0,0,0
0,0,1,4,0,0,0,0,13,0,0,1,0,0,0
0,0,1,4,0,0,0,0,15,0,0,2,0,1,0
0,0,1,4,0,0,0,0,9,0,0,1,1,0,0
0,0,1,3,0,0,0,0,15,0,0,1,1,0,0
0,0,1,8,1,0,0,0,18,0,0,1,1,0,0
0,0,1,2,0,0,0,0,11,0,0,1,1,0,0
0,0,1,4,0,0,0,0,7,0,0,1,1,0,0
0,0,1,2,0,0,0,0,12,0,0,1,1,0,0
0,0,1,2,0,0,0,0,12,0,0,1,1,0,0
0,0,1,3,0,0,0,0,15,0,0,1,1,0,0
0,0,1,4,0,0,0,0,7,0,0,1,1,0,0
0,0,1,2,0,0,0,0,10,0,0,1,0,0,0
0,0,1,3,0,0,0,0,7,0,0,1,1,0,0
0,0,1,4,0,0,0,0,6,0,0,1,1,0,0
0,0,1,3,0,0,0,0,7,0,0,1,1,0,0
0,0,1,3,0,0,0,0,13,0,0,2,0,1,0
0,0,1,3,0,0,0,0,13,0,0,1,0,0,0
0,0,1,3,0,0,0,0,13,0,0,1,1,0,0
0,0,1,2,0,0,0,0,9,2,0,1,0,0,0
0,0,1,3,0,0,0,0,13,0,0,2,0,1,0
0,0,1,2,0,0,0,0,12,0,0,1,1,0,0
0,0,1,2,0,0,0,0,8,0,0,1,1,0,0
0,0,1,3,0,0,0,0,17,0,0,1,1,0,0
0,0,1,5,0,0,0,0,12,0,0,1,1,0,0
0,0,1,2,0,0,0,0,12,0,0,1,1,0,0
0,0,1,4,0,0,0,0,11,0,0,1,1,0,0
0,0,1,7,0,0,0,0,6,0,0,1,0,0,0
0,0,1,4,0,0,0,0,14,0,0,1,1,0,0
0,0,1,4,0,0,0,0,6,0,0,1,1,0,0
0,0,1,7,0,0,1,0,9,0,0,2,0,1,0
0,0,1,2,0,0,0,0,10,0,0,1,0,0,0
0,0,1,3,0,0,1,0,10,0,0,1,1,0,0
0,0,1,2,0,0,0,0,16,0,0,1,1,0,0
0,0,1,2,0,0,0,0,16,0,0,1,1,0,0
0,0,1,1,0,0,0,0,17,0,0,1,1,0,0
0,0,1,6,0,0,0,0,13,0,0,1,1,0,0
0,0,1,1,0,0,0,0,11,0,0,1,1,0,0
0,0,1,1,0,0,0,0,21,0,0,1,1,0,0
0,0,1,2,0,0,0,0,15,0,0,1,1,0,0
0,0,1,2,0,0,0,0,12,0,0,1,1,0,0
0,0,1,2,0,0,0,0,11,0,0,1,1,0,0
0,0,1,3,0,0,0,0,12,0,0,1,1,0,0
0,0,1,3,0,0,1,0,10,0,0,1,1,0,0
0,0,1,4,0,0,0,0,14,0,0,1,1,0,0
0,0,1,3,0,0,0,0,14,0,0,1,1,0,0
0,0,1,1,0,0,0,0,10,0,0,1,0,0,0
0,0,1,5,0,0,0,0,12,0,0,1,1,0,0
0,0,1,5,0,0,0,0,6,0,0,1,0,0,0
0,0,1,3,0,0,0,0,12,0,0,1,1,0,0
0,0,1,1,0,0,0,0,17,0,0,1,1,0,0
0,0,1,6,0,0,0,0,14,0,0,1,1,0,0
0,0,1,2,0,0,0,0,10,0,0,1,1,0,0
0,0,1,4,0,0,0,0,7,0,0,1,1,0,0
0,0,1,1,0,0,0,0,11,0,0,1,1,0,0
0,0,1,2,0,0,0,0,8,0,0,1,1,0,0
0,0,1,2,0,0,0,0,13,0,0,1,1,0,0
0,0,1,2,0,0,0,0,11,0,0,1,1,0,0
0,0,1,1,0,0,0,0,11,0,0,1,1,0,0
0,0,1,3,0,0,0,0,7,0,0,1,0,0,0
0,0,1,1,0,0,0,0,12,0,0,1,0,0,0
0,0,1,3,0,0,0,0,6,0,0,1,0,0,0
0,0,1,4,0,0,0,0,9,0,0,1,1,0,0
0,0,1,1,0,0,0,0,10,0,0,1,0,0,0
0,0,1,2,0,0,0,0,12,0,0,1,1,0,0
0,0,1,7,0,0,1,0,9,0,0,2,0,1,0
0,0,1,3,0,0,1,0,15,0,0,1,1,0,0
0,0,1,4,0,0,0,0,14,0,0,1,1,0,0
0,0,1,2,0,0,0,0,15,0,0,1,1,0,0
0,0,1,6,0,0,0,0,19,0,0,3,0,2,0
0,0,1,7,0,0,0,0,6,0,0,1,0,0,0
0,0,1,1,0,0,0,0,20,0,0,1,1,0,0
0,0,1,3,0,0,0,0,15,0,0,1,0,0,0
0,0,1,4,0,0,0,0,11,0,0,2,0,1,0
0,0,1,3,0,0,0,0,7,0,0,1,1,0,0
0,0,1,2,0,0,0,0,10,0,0,1,1,0,0
0,0,1,3,0,0,0,0,14,0,0,2,0,1,0
0,0,1,3,0,0,0,0,15,0,0,1,0,0,0
0,0,1,2,0,0,0,0,13,0,0,1,0,0,0
0,0,1,3,0,0,0,0,10,0,0,1,1,0,0
0,0,1,3,0,0,0,0,6,0,0,1,0,0,0
0,0,1,1,0,0,0,0,11,0,0,1,0,0,0
0,0,1,3,0,0,0,0,9,0,0,1,1,0,0
0,0,1,2,0,0,0,0,8,0,0,1,1,0,0
0,0,1,4,0,0,0,0,13,0,0,1,1,0,0
0,0,1,1,0,0,0,0,20,0,0,1,1,0,0
0,0,1,1,0,0,0,0,9,3,0,1,1,0,0
0,0,1,2,0,0,0,0,15,0,0,2,0,1,0
0,0,1,4,0,0,0,0,16,1,0,2,0,1,0
0,0,1,3,0,0,0,0,7,1,0,1,1,0,0
0,0,1,4,0,0,1,0,10,0,0,1,1,0,0
0,0,1,1,0,0,0,0,11,0,0,1,1,0,0
0,0,1,1,0,0,0,0,11,0,0,1,1,0,0
0,0,1,1,0,0,0,0,15,3,0,1,1,0,0
0,0,1,6,0,0,0,0,13,0,0,1,1,0,0
0,0,1,3,0,0,0,0,7,0,0,1,1,0,0
0,0,1,2,0,0,0,0,12,0,0,1,1,0,0
0,0,1,2,0,0,0,0,12,0,0,1,1,0,0
0,0,1,3,0,0,0,0,17,0,0,1,1,0,0
0,0,1,3,0,0,0,0,8,4,0,1,0,0,0
0,0,1,6,0,0,0,0,12,0,0,1,1,0,0
0,0,1,4,0,0,0,0,9,0,0,1,1,0,0
0,0,1,2,0,0,0,0,12,0,0,1,1,0,0
0,0,1,3,0,0,0,0,17,0,0,1,1,0,0
0,0,1,3,0,0,1,0,6,0,0,1,1,0,0
0,0,1,2,0,0,0,0,10,0,0,1,1,0,0
0,0,1,4,0,0,0,0,7,0,0,1,1,0,0
0,0,1,4,0,0,0,0,14,0,0,1,1,0,0
0,0,1,1,0,0,0,0,12,0,0,1,0,0,0
0,0,1,4,0,0,0,0,10,0,0,1,0,0,0
0,0,1,5,0,0,0,0,13,0,0,1,1,0,0
0,0,1,4,0,0,1,0,7,0,0,1,1,0,0
0,0,1,2,0,0,0,0,11,0,0,1,1,0,0
0,0,1,2,0,0,0,0,11,0,0,1,1,0,0
0,0,1,4,0,0,0,0,15,0,0,1,1,0,0
0,0,1,2,0,0,0,0,10,0,0,1,1,0,0
0,0,1,4,0,0,0,0,7,0,0,1,1,0,0
0,0,1,3,0,0,0,0,17,0,0,1,1,0,0
0,0,1,4,0,0,0,0,9,0,0,1,1,0,0
0,0,1,4,0,0,1,0,15,0,0,1,1,0,0
0,0,1,1,0,0,0,0,11,0,0,1,1,0,0
0,0,1,0,0,0,0,0,14,0,0,1,1,0,0
0,0,1,6,0,0,0,0,15,0,0,1,1,0,0
0,0,1,3,0,0,0,0,7,0,0,1,1,0,0
0,0,1,4,0,0,0,0,11,0,0,1,1,0,0
0,0,1,5,0,0,0,0,9,0,0,1,1,0,0
0,0,1,4,0,0,0,0,9,0,0,1,1,0,0
0,0,1,1,0,0,0,0,11,0,0,1,1,0,0
0,0,1,14,0,0,0,0,13,0,0,2,0,1,0
0,0,1,2,0,0,0,0,12,0,0,1,1,0,0
0,0,1,4,0,0,0,0,11,0,0,1,1,0,0
0,0,1,1,0,0,0,0,10,0,0,1,1,0,0
0,0,1,4,0,0,0,0,14,0,0,1,1,0,0
0,0,1,4,0,0,0,0,16,1,0,2,0,1,0
0,0,1,4,0,0,1,0,7,0,0,1,1,0,0
0,0,1,2,0,0,1,0,9,0,0,2,0,1,0
0,0,1,10,0,0,0,0,15,0,0,1,1,0,0
0,0,1,3,0,0,0,0,8,0,0,1,1,0,0
0,0,1,2,0,0,0,0,15,0,0,2,0,1,0
0,0,1,6,0,0,0,0,14,0,0,1,1,0,0
0,0,1,1,0,0,0,0,12,0,0,1,0,0,0
0,0,1,4,0,0,0,0,16,1,0,2,0,1,0
0,0,1,6,0,0,0,0,14,0,0,1,1,0,0
0,0,1,2,0,0,0,0,15,0,0,2,0,1,0
0,0,1,3,0,0,0,0,6,0,0,1,0,0,0
0,0,1,2,0,0,0,0,13,0,0,1,1,0,0
0,0,1,6,0,0,0,0,10,3,0,1,1,0,0
0,0,1,6,0,0,0,0,14,0,0,1,1,0,0
0,0,1,1,0,0,0,0,12,0,0,1,1,0,0
0,0,1,2,0,0,0,0,17,0,0,1,1,0,0
0,0,1,1,0,0,0,0,11,0,0,1,1,0,0
0,0,1,10,0,0,0,0,15,0,0,1,1,0,0
0,0,1,3,0,0,0,0,7,1,0,1,0,0,0
0,0,1,2,0,0,0,0,10,0,0,1,1,0,0
0,0,1,3,0,0,0,1,13,0,1,1,1,0,0
0,0,1,1,0,0,0,0,12,0,0,1,1,0,0
0,0,1,10,0,0,0,0,15,0,0,1,1,0,0
0,0,1,1,0,0,0,0,21,0,0,1,1,0,0
0,0,1,1,0,0,0,0,12,0,0,1,0,0,0
0,0,1,2,0,0,0,0,10,0,0,1,1,0,0
0,0,1,6,0,0,0,0,14,0,0,1,1,0,0
0,0,1,3,0,0,0,0,8,0,0,1,1,0,0
0,0,1,2,0,0,0,0,11,0,0,1,1,0,0
0,0,1,2,0,0,0,0,8,0,0,1,1,0,0
0,0,1,1,0,0,0,0,13,2,0,1,1,0,0
0,0,1,3,0,0,0,0,14,0,0,1,1,0,0
0,0,1,7,0,0,0,0,6,0,0,1,0,0,0
0,0,1,4,0,0,1,0,10,0,0,1,1,0,0
0,0,1,0,0,0,0,0,14,0,0,1,1,0,0
0,0,1,7,1,0,0,0,18,0,0,1,1,0,0
0,0,1,2,0,0,0,0,9,0,0,1,0,0,0
0,0,1,4,0,0,0,0,12,0,0,1,1,0,0
0,0,1,4,0,0,0,0,14,0,0,1,1,0,0
0,0,1,3,0,0,0,0,6,0,0,1,0,0,0
0,0,1,4,0,0,0,0,6,0,0,1,1,0,0
0,0,1,4,0,0,0,0,14,0,0,1,1,0,0
0,0,1,5,0,0,0,0,6,0,0,1,0,0,0
0,0,1,3,0,0,0,0,12,0,0,1,1,0,0
0,0,1,4,0,0,0,0,17,0,0,1,1,0,0
0,0,1,3,0,0,0,0,17,0,0,1,1,0,0
0,0,1,3,0,0,0,0,13,0,0,2,0,1,0
0,0,1,4,0,0,0,0,15,0,0,2,0,1,0
0,0,1,3,0,0,0,0,6,0,0,1,0,0,0
0,0,1,3,0,0,0,0,7,0,0,1,0,0,0
0,0,1,3,0,0,1,0,7,0,0,1,1,0,0
0,0,1,2,0,0,0,0,17,0,0,1,1,0,0
0,0,1,1,0,0,0,0,12,0,0,1,1,0,0
0,0,1,1,0,0,0,0,13,2,0,1,1,0,0
0,0,1,6,0,0,0,0,19,0,0,3,0,2,0
0,1,1,2,0,0,0,0,10,0,0,1,1,0,0
0,0,1,3,0,0,0,0,17,0,0,1,1,0,0
0,0,1,3,0,0,0,0,10,0,0,1,0,0,0
0,0,1,2,0,0,0,0,13,0,0,1,1,0,0
0,0,1,3,0,0,0,0,11,0,0,1,1,0,0
0,0,1,3,0,0,0,0,15,0,0,1,0,0,0
0,0,1,6,0,0,0,0,12,0,0,1,1,0,0
0,0,1,2,0,0,0,0,6,0,0,1,1,0,0
0,0,1,3,0,0,0,0,9,0,0,1,1,0,0
0,0,1,4,0,0,0,0,17,0,0,1,1,0,0
0,0,1,1,0,0,0,0,11,0,0,1,1,0,0
0,0,1,4,0,0,1,0,10,0,0,1,1,0,0
0,0,1,2,0,0,0,0,12,0,0,1,1,0,0
0,0,1,1,0,0,1,0,11,0,0,1,1,0,0
0,0,1,1,0,0,0,0,11,0,0,1,1,0,0
0,0,1,3,0,0,0,0,13,0,0,2,0,1,0
0,0,1,6,0,0,0,0,14,0,0,1,1,0,0
0,0,1,2,0,0,0,0,12,0,0,1,0,0,0
0,0,1,6,0,0,0,0,10,3,0,1,1,0,0
0,0,1,3,0,0,0,0,13,0,0,2,0,1,0
0,0,1,4,0,0,0,0,17,0,0,1,1,0,0
0,0,1,7,0,0,0,0,6,0,0,1,0,0,0
0,0,1,5,0,0,0,0,10,0,0,1,1,0,0
0,0,1,2,0,0,0,0,12,0,0,1,1,0,0
0,0,1,5,0,0,0,0,14,0,0,1,1,0,0
0,0,1,2,0,0,0,0,17,0,0,1,1,0,0
0,0,1,2,0,0,0,0,6,0,0,1,0,0,0
0,0,1,2,0,0,0,0,13,0,0,1,0,0,0
0,0,1,4,0,0,0,0,6,0,0,1,0,0,0
0,0,1,2,0,0,0,0,10,0,0,1,1,0,0
0,0,1,4,0,0,0,0,17,0,0,1,1,0,0
0,0,1,3,0,0,0,0,14,0,0,1,1,0,0
0,0,1,3,0,0,0,0,11,0,0,1,0,0,0
0,0,1,4,0,0,0,0,15,0,0,1,1,0,0
0,0,1,1,1,0,1,0,13,0,0,1,1,0,0
0,0,1,4,0,0,0,0,11,0,0,1,1,0,0
0,0,1,3,0,0,0,1,13,0,1,1,1,0,0
0,0,1,10,1,0,0,0,18,0,0,1,1,0,0
0,0,1,2,0,0,0,0,8,0,0,1,1,0,0
0,0,1,4,0,0,0,0,17,0,0,1,1,0,0
0,0,1,4,0,0,0,0,13,0,0,1,1,0,0
0,0,1,3,0,0,0,0,9,0,0,1,1,0,0
0,0,1,2,0,0,0,0,15,0,0,2,0,1,0
0,0,1,2,0,0,0,0,13,0,0,1,0,0,0
0,0,1,3,0,0,0,0,7,0,0,1,1,0,0
0,0,1,2,0,0,0,0,9,0,0,1,0,0,0
0,0,1,1,0,0,0,0,21,0,0,1,1,0,0
0,0,1,2,0,0,0,0,10,0,0,1,0,0,0
0,0,1,2,0,0,0,0,10,0,0,1,0,0,0
0,0,1,1,0,0,0,0,17,0,0,1,1,0,0
0,0,1,3,0,0,0,0,17,0,0,1,1,0,0
0,0,1,3,0,0,0,0,7,1,0,1,0,0,0
0,0,1,2,0,0,0,0,12,0,0,1,1,0,0
0,0,1,1,0,0,0,0,17,0,0,1,1,0,0
0,0,1,3,0,0,0,0,10,0,0,1,0,0,0
0,0,1,4,0,0,0,0,17,0,0,1,1,0,0
0,0,1,10,0,0,0,0,15,0,0,1,1,0,0
0,0,1,2,0,0,0,0,10,0,0,1,1,0,0
0,0,1,2,0,0,0,0,9,2,0,1,0,0,0
0,0,1,3,0,0,0,0,13,0,0,2,0,1,0
0,0,1,4,0,0,0,0,9,0,0,1,1,0,0
0,0,1,4,0,0,0,0,16,1,0,2,0,1,0
0,0,1,4,0,0,0,0,6,0,0,1,0,0,0
0,0,1,2,0,0,0,0,12,0,0,1,1,0,0
0,0,1,4,0,0,0,0,14,0,0,1,1,0,0
0,0,1,5,0,0,0,0,15,0,0,1,0,0,0
0,0,1,3,0,0,0,0,13,0,0,1,1,0,0
0,0,1,4,0,0,0,0,6,0,0,1,0,0,0
0,0,1,5,0,0,0,0,11,0,0,1,1,0,0
0,0,1,2,0,0,0,0,12,0,0,1,1,0,0
0,0,1,1,0,0,0,0,10,0,0,1,0,0,0
0,0,1,3,0,0,0,0,14,0,0,2,1,1,0
0,0,1,3,0,0,0,0,13,0,0,1,1,0,0
0,0,1,3,0,0,0,0,16,0,0,1,1,0,0
0,0,1,2,0,0,0,0,13,0,0,1,1,0,0
0,0,1,2,0,0,0,0,13,0,0,1,1,0,0
0,0,1,3,0,0,0,0,12,0,0,1,1,0,0
0,0,1,2,0,0,0,0,11,0,0,1,0,0,0
0,0,1,2,0,0,0,0,11,0,0,1,1,0,0
0,0,1,8,1,0,0,0,18,0,0,1,1,0,0
0,0,1,3,0,0,0,0,6,0,0,1,0,0,0
0,0,1,3,0,0,0,0,8,0,0,1,1,0,0
0,0,1,3,0,0,0,0,8,0,0,1,1,0,0
0,0,1,4,0,0,0,0,11,0,0,1,1,0,0
0,0,1,7,0,0,1,0,9,0,0,2,0,1,0
0,0,1,7,0,0,1,0,9,0,0,2,0,1,0
0,0,1,2,0,0,0,0,12,0,0,1,1,0,0
0,0,1,2,0,0,0,0,15,0,0,2,0,1,0
0,0,1,1,0,0,0,0,20,0,0,1,1,0,0
0,0,1,6,0,0,0,0,13,0,0,1,1,0,0
0,0,1,3,0,0,0,0,7,0,0,1,1,0,0
0,0,1,3,0,0,0,0,17,0,0,1,1,0,0
0,0,1,3,0,0,1,0,10,0,0,1,1,0,0
0,0,1,5,0,0,0,0,12,2,0,1,1,0,0
0,0,1,4,0,0,0,0,9,0,0,1,1,0,0
0,0,1,3,0,0,1,0,6,0,0,1,1,0,0
0,0,1,7,0,0,0,0,10,0,0,1,0,0,0
0,0,1,2,0,0,0,0,13,0,0,1,1,0,0
0,0,1,3,0,0,1,0,10,0,0,1,1,0,0
0,0,1,2,0,0,0,0,10,0,0,1,0,0,0
0,0,1,3,0,0,0,0,15,0,0,1,1,0,0
0,0,1,3,0,0,0,0,14,0,0,1,1,0,0
0,0,1,4,0,0,0,0,7,0,0,1,1,0,0
0,0,1,1,0,0,0,0,12,0,0,1,0,0,0
0,0,1,9,0,0,0,0,9,0,0,1,1,0,0
0,0,1,4,0,0,0,0,9,0,0,1,1,0,0
0,0,1,2,0,0,0,0,13,0,0,1,1,0,0
0,0,1,10,0,0,0,0,15,0,0,1,1,0,0
0,0,1,1,0,0,0,0,12,0,0,1,1,0,0
0,0,1,1,0,0,0,0,10,0,0,1,1,0,0
0,0,1,4,0,0,0,0,6,0,0,1,0,0,0
0,0,1,4,0,0,0,0,12,0,0,1,1,0,0
0,0,1,14,0,0,0,0,13,0,0,2,0,1,0
0,0,1,3,0,0,0,0,13,0,0,2,0,1,0
0,0,1,1,0,0,0,0,11,0,0,1,1,0,0
0,0,1,1,0,0,1,0,11,0,0,1,1,0,0
0,0,1,4,0,0,0,0,17,0,0,1,1,0,0
0,0,1,3,0,0,1,0,10,0,0,1,1,0,0
0,0,1,5,0,0,0,0,12,2,0,1,1,0,0
0,0,1,2,0,0,0,0,17,0,0,1,1,0,0
0,0,1,1,0,0,0,0,7,1,0,1,1,0,0
0,0,1,2,0,0,0,0,12,0,0,1,1,0,0
0,0,1,2,0,0,0,0,13,0,0,1,0,0,0
0,0,1,2,0,0,0,0,13,0,0,1,1,0,0
0,0,1,2,0,0,1,0,9,0,0,1,1,0,0
0,0,1,3,0,0,0,0,15,0,0,1,1,0,0
0,0,1,3,0,0,0,0,17,0,0,1,1,0,0
0,0,1,3,0,0,0,0,13,0,0,2,0,1,0
0,0,1,1,0,0,0,0,12,0,0,1,0,0,0
0,0,1,3,0,0,0,0,13,0,0,1,1,0,0
0,0,1,4,0,0,0,0,11,0,0,2,0,1,0
0,0,1,4,0,0,0,0,17,0,0,1,1,0,0
0,0,1,4,0,0,0,0,9,0,0,1,1,0,0
0,0,1,3,0,0,0,0,7,0,0,1,1,0,0
0,0,1,4,0,0,0,0,11,0,0,2,0,1,0
0,0,1,2,0,0,0,0,8,0,0,1,1,0,0
0,0,1,2,0,0,0,0,13,0,0,1,1,0,0
0,0,1,2,0,0,0,0,8,0,0,1,1,0,0
0,0,1,1,0,0,0,0,10,0,0,1,0,0,0
0,0,1,2,0,0,0,0,10,0,0,1,1,0,0
0,0,1,4,0,0,0,0,7,0,0,1,1,0,0
0,0,1,3,0,0,1,0,10,0,0,1,1,0,0
0,0,1,4,0,0,0,0,14,0,0,1,1,0,0
0,0,1,3,0,0,0,0,13,0,0,1,1,0,0
0,0,1,3,0,0,1,0,10,0,0,1,1,0,0
0,0,1,2,0,0,0,0,13,0,0,1,0,0,0
0,0,1,3,0,0,0,0,11,0,0,1,1,0,0
0,0,1,2,0,0,0,0,15,0,0,1,1,0,0
0,0,1,5,0,0,0,0,10,0,0,2,1,1,0
0,0,1,5,0,0,0,0,15,0,0,2,0,1,0
0,0,1,5,0,0,0,0,15,0,0,1,0,0,0
0,0,1,2,0,0,0,0,8,0,0,1,1,0,0
0,0,1,2,0,0,0,0,12,0,0,1,1,0,0
0,0,1,4,0,0,0,0,6,0,0,1,1,0,0
0,0,1,2,0,0,0,0,8,0,0,1,1,0,0
0,0,1,1,0,0,0,0,11,0,0,1,1,0,0
0,0,1,2,0,0,0,0,10,0,0,1,0,0,0
0,0,1,3,0,0,0,0,7,0,0,1,0,0,0
0,0,1,4,0,0,0,0,15,0,0,2,0,1,0
0,0,1,5,0,0,0,0,15,0,0,1,1,0,0
0,0,1,2,0,0,0,0,12,0,0,1,1,0,0
0,0,1,2,0,0,0,0,13,0,0,1,1,0,0
0,0,1,4,0,0,0,0,6,0,0,1,1,0,0
0,0,1,3,0,0,1,0,7,0,0,1,1,0,0
0,0,1,3,0,0,0,0,6,0,0,1,0,0,0
0,0,1,3,0,0,0,0,15,0,0,1,0,0,0
0,0,1,2,0,0,0,0,10,0,0,1,1,0,0
0,0,1,1,0,0,0,0,12,0,0,1,1,0,0
0,0,1,2,0,0,1,0,12,0,0,1,1,0,0
0,0,1,2,0,0,0,0,6,0,0,1,1,0,0
0,0,1,3,0,0,0,0,15,0,0,1,0,0,0
0,0,1,2,0,0,0,0,9,2,0,1,0,0,0
0,0,1,4,0,0,0,0,14,0,0,1,1,0,0
0,0,1,2,0,0,0,0,8,0,0,1,1,0,0
0,0,1,4,0,0,0,0,14,0,0,1,1,0,0
0,0,1,3,0,0,0,0,15,0,0,1,0,0,0
0,0,1,4,0,0,0,0,17,0,0,1,1,0,0
0,0,1,4,0,0,0,0,12,0,0,1,1,0,0
0,0,1,2,0,0,0,0,12,0,0,1,1,0,0
0,0,1,4,0,0,0,0,7,0,0,1,1,0,0
0,0,1,3,0,0,0,0,15,0,0,2,0,1,0
0,0,1,2,0,0,0,0,12,0,0,1,1,0,0
0,0,1,2,0,0,0,0,12,0,0,1,1,0,0
0,0,1,5,0,0,0,0,10,0,0,1,1,0,0
0,0,1,3,0,0,1,0,10,0,0,1,1,0,0
0,0,1,4,0,0,0,0,6,0,0,1,0,0,0
0,0,1,2,0,0,0,0,13,0,0,1,1,0,0
0,0,1,3,0,0,0,0,9,0,0,1,0,0,0
0,0,1,7,0,0,0,0,6,0,0,1,0,0,0
0,0,1,2,0,0,0,0,10,0,0,1,1,0,0
0,0,1,3,0,0,0,0,12,0,0,1,1,0,0
0,0,1,3,0,0,0,0,13,0,0,1,1,0,0
0,0,1,1,0,0,0,0,17,0,0,1,1,0,0
0,0,1,2,0,0,0,0,15,0,0,2,0,1,0
0,0,1,3,0,0,0,0,10,0,0,1,1,0,0
0,0,1,1,0,0,0,0,11,0,0,1,1,0,0
0,0,1,3,0,0,1,0,9,3,0,1,1,0,0
0,0,1,2,0,0,0,0,6,0,0,1,0,0,0
0,0,1,3,0,0,0,0,13,0,0,1,0,0,0
0,0,1,1,0,0,0,0,15,3,0,1,1,0,0
0,0,1,3,0,0,0,0,7,0,0,1,1,0,0
0,0,1,6,0,0,0,0,6,0,0,1,0,0,0
0,0,1,1,0,0,0,0,15,3,0,1,1,0,0
0,0,1,4,0,0,0,0,7,0,0,1,1,0,0
0,0,1,14,0,0,0,0,13,0,0,2,0,1,0
0,0,1,2,0,0,0,0,12,0,0,1,1,0,0
0,0,1,2,0,0,0,0,7,1,0,1,1,0,0
0,0,1,4,0,0,1,0,10,0,0,1,1,0,0
0,0,1,2,0,0,0,0,15,0,0,2,0,1,0
0,0,1,3,0,0,0,0,13,0,0,1,1,0,0
0,0,1,3,0,0,0,0,9,0,0,1,0,0,0
0,0,1,1,0,0,0,0,15,3,0,1,1,0,0
0,0,1,2,0,0,0,0,17,0,0,1,1,0,0
0,0,1,4,0,0,0,0,17,0,0,1,1,0,0
0,0,1,4,0,0,0,0,14,0,0,1,1,0,0
0,0,1,14,0,0,0,0,13,0,0,2,0,1,0
0,0,1,2,0,0,0,0,8,0,0,1,1,0,0
0,0,1,4,0,0,0,0,11,0,0,2,0,1,0
0,0,1,7,0,0,1,0,9,0,0,2,0,1,0
0,0,1,4,0,0,0,0,14,0,0,1,1,0,0
0,0,1,2,0,0,0,0,15,0,0,1,1,0,0
0,0,1,3,0,0,0,0,13,0,0,1,1,0,0
0,0,1,3,0,0,0,0,13,0,0,1,1,0,0
0,0,1,2,0,0,0,0,13,0,0,1,1,0,0
0,0,1,9,0,0,0,0,9,0,0,1,1,0,0
0,0,1,4,0,0,0,0,11,0,0,1,1,0,0
0,0,1,3,0,0,0,0,11,0,0,1,1,0,0
0,0,1,1,1,0,0,0,9,0,0,1,0,0,0
0,0,1,10,0,0,0,0,15,0,0,1,1,0,0
0,0,1,4,0,0,0,0,11,0,0,1,1,0,0
0,0,1,4,0,0,0,0,11,0,0,1,1,0,0
0,0,1,2,0,0,0,0,13,0,0,1,1,0,0
0,0,1,2,0,0,0,0,10,0,0,1,0,0,0
0,0,1,1,0,0,0,0,11,0,0,1,1,0,0
0,0,1,4,0,0,0,0,6,0,0,1,1,0,0
0,0,1,4,0,0,0,0,15,0,0,2,0,1,0
0,0,1,7,0,0,1,0,9,0,0,2,0,1,0
0,0,1,6,0,0,0,0,12,0,0,1,1,0,0
0,0,1,14,0,0,0,0,13,0,0,2,0,1,0
0,0,1,3,0,0,0,0,12,0,0,1,1,0,0
0,0,1,4,0,0,0,0,17,0,0,1,1,0,0
0,0,1,5,0,0,0,0,17,0,0,1,1,0,0
0,0,1,2,0,0,1,0,9,0,0,2,0,1,0
0,0,1,2,0,0,0,0,13,0,0,1,0,0,0
0,0,1,3,0,0,0,0,12,0,0,1,1,0,0
0,0,1,4,0,0,0,0,15,0,0,2,0,1,0
0,0,1,3,0,0,0,0,17,0,0,1,1,0,0
0,0,1,3,0,0,0,0,13,0,0,1,1,0,0
0,0,1,3,0,0,0,0,13,0,0,1,1,0,0
0,0,1,4,0,0,0,0,11,0,0,1,1,0,0
0,0,1,1,0,0,0,0,11,0,0,1,1,0,0
0,0,1,2,0,0,0,0,6,0,0,1,0,0,0
0,0,1,2,0,0,0,0,10,0,0,1,1,0,0
0,0,1,4,0,0,1,0,15,0,0,1,1,0,0
0,0,1,1,0,0,0,0,23,0,0,1,1,0,0
0,0,1,2,0,0,0,0,6,0,0,1,1,0,0
0,0,1,4,0,0,1,0,10,0,0,1,1,0,0
0,0,1,1,0,0,0,0,10,0,0,1,1,0,0
0,0,1,4,0,0,0,0,11,0,0,2,0,1,0
0,0,1,3,0,0,0,0,9,0,0,1,1,0,0
0,0,1,3,0,0,0,0,10,0,0,1,0,0,0
0,0,1,3,0,0,1,0,15,0,0,1,1,0,0
0,0,1,4,0,0,1,0,15,0,0,1,1,0,0
0,0,1,2,0,0,0,0,13,0,0,1,1,0,0
0,0,1,2,0,0,0,0,13,0,0,1,1,0,0
0,0,1,7,0,0,0,0,11,0,0,2,1,1,0
0,0,1,1,0,0,0,0,17,0,0,1,1,0,0
0,0,1,5,0,0,0,0,12,2,0,1,1,0,0
0,0,1,4,0,0,0,0,15,0,0,2,0,1,0
0,0,1,2,0,0,0,0,13,0,0,1,1,0,0
0,0,1,8,0,0,0,0,11,0,0,2,1,1,0
0,0,1,3,0,0,0,0,17,0,0,2,1,1,0
0,0,1,2,0,0,0,0,9,0,0,1,0,0,0
0,0,1,2,0,0,0,0,12,0,0,1,1,0,0
0,0,1,3,0,0,0,0,9,0,0,1,1,0,0
0,0,1,3,0,0,0,0,11,0,0,1,1,0,0
0,0,1,4,0,0,0,0,9,0,0,1,1,0,0
0,0,1,3,0,0,0,0,15,0,0,1,1,0,0
0,0,1,2,0,0,0,0,13,0,0,2,0,1,0
0,0,1,2,0,0,0,0,12,0,0,1,0,0,0
0,0,1,2,0,0,0,0,13,0,0,1,1,0,0
0,0,1,3,0,0,0,0,7,0,0,1,1,0,0
0,0,1,6,0,0,0,0,14,0,0,1,1,0,0
0,0,1,3,0,0,0,0,13,0,0,1,1,0,0
0,0,1,4,0,0,1,0,9,0,0,2,0,1,0
0,0,1,8,0,0,0,0,11,0,0,2,1,1,0
0,0,1,1,0,0,0,0,11,0,0,1,0,0,0
0,0,1,3,0,0,0,0,9,0,0,1,1,0,0
0,0,1,4,0,0,0,0,13,0,0,1,0,0,0
0,0,1,4,0,0,0,0,13,0,0,1,1,0,0
0,0,1,1,0,0,0,0,15,0,0,1,1,0,0
0,0,1,3,0,0,0,0,12,0,0,1,1,0,0
0,0,1,3,0,0,0,0,15,0,0,2,0,1,0
0,0,1,3,0,0,0,0,13,0,0,1,1,0,0
0,0,1,3,0,0,0,0,8,4,0,1,0,0,0
0,0,1,4,0,0,0,0,17,0,0,1,1,0,0
0,0,1,4,0,0,0,0,14,0,0,1,1,0,0
0,0,1,5,0,0,0,0,11,0,0,1,0,0,0
0,0,1,6,0,0,0,0,12,0,0,2,0,1,0
0,0,1,2,0,0,0,0,13,0,0,1,0,0,0
0,0,1,3,0,0,0,0,13,0,0,2,0,1,0
0,0,1,2,0,0,0,0,12,0,0,1,1,0,0
0,0,1,3,0,0,0,0,10,0,0,1,0,0,0
0,0,1,5,0,0,0,0,14,0,0,1,1,0,0
0,0,1,4,0,0,0,0,11,0,0,1,1,0,0
0,0,1,3,0,0,0,0,8,0,0,1,1,0,0
0,0,1,4,0,0,1,0,10,0,0,1,1,0,0
0,0,1,2,0,0,0,0,8,0,0,1,1,0,0
0,0,1,4,0,0,0,0,9,0,0,1,1,0,0
0,0,1,1,0,0,0,0,17,0,0,1,1,0,0
0,0,1,4,0,0,0,0,11,0,0,2,0,1,0
0,0,1,2,0,0,0,0,13,0,0,1,0,0,0
0,0,1,10,0,0,0,0,15,0,0,1,1,0,0
0,0,1,2,0,0,0,0,15,0,0,2,0,1,0
0,0,1,1,0,0,0,1,14,0,1,1,1,0,0
0,0,1,1,0,0,0,0,15,3,0,1,1,0,0
0,0,1,2,0,0,0,0,10,0,0,1,0,0,0
0,0,1,2,0,0,0,0,12,0,0,1,1,0,0
0,0,1,1,0,0,0,0,11,0,0,1,1,0,0
0,0,1,1,0,0,0,0,12,0,0,1,0,0,0
0,0,1,1,0,0,0,0,21,0,0,1,1,0,0
0,0,1,1,1,0,0,0,9,0,0,1,0,0,0
0,0,1,4,0,0,0,0,7,0,0,1,0,0,0
0,0,1,2,0,0,0,0,9,0,0,1,0,0,0
0,0,1,3,0,0,0,0,9,0,0,1,1,0,0
0,0,1,4,0,0,0,0,9,0,0,1,1,0,0
0,0,1,4,0,0,0,0,6,0,0,1,1,0,0
0,0,1,3,0,0,0,0,15,0,0,1,1,0,0
0,0,1,5,0,0,0,0,12,0,0,1,1,0,0
0,0,1,3,0,0,0,0,8,0,0,1,1,0,0
0,0,1,2,0,0,0,0,8,0,0,1,1,0,0
0,0,1,4,0,0,0,0,13,0,0,1,1,0,0
0,0,1,1,0,0,0,0,11,0,0,1,1,0,0
0,0,1,6,0,0,0,0,14,0,0,1,1,0,0
0,0,1,10,0,0,0,0,15,0,0,1,1,0,0
0,0,1,5,0,0,0,0,10,0,0,1,1,0,0
0,0,1,6,0,0,0,0,12,0,0,1,1,0,0
0,0,1,1,0,0,0,0,15,3,0,1,1,0,0
0,0,1,1,0,0,0,0,21,0,0,1,1,0,0
0,0,1,1,0,0,0,0,11,0,0,1,1,0,0
0,0,1,3,0,0,0,0,13,0,0,1,1,0,0
0,0,1,1,0,0,0,0,11,0,0,1,0,0,0
0,0,1,1,0,0,0,0,12,0,0,1,1,0,0
0,0,1,10,0,0,0,0,15,0,0,1,1,0,0
0,0,1,2,0,0,0,0,9,2,0,1,0,0,0
0,0,1,5,0,0,0,0,15,0,0,1,1,0,0
0,0,1,5,0,0,0,0,12,2,0,1,1,0,0
0,0,1,5,0,0,0,0,11,0,0,1,1,0,0
0,0,1,3,0,0,0,0,13,0,0,1,1,0,0
0,0,1,3,0,0,0,0,12,0,0,1,1,0,0
0,0,1,4,0,0,0,0,9,0,0,1,1,0,0
0,0,1,5,0,0,0,0,10,0,0,1,1,0,0
0,0,1,1,0,0,0,0,11,0,0,1,1,0,0
0,0,1,3,0,0,0,0,14,0,0,1,1,0,0
0,0,1,6,0,0,0,0,14,0,0,1,1,0,0
0,0,1,4,0,0,0,0,9,0,0,1,1,0,0
0,0,1,4,0,0,0,0,13,0,0,1,1,0,0
0,0,1,7,0,0,0,0,12,0,0,1,1,0,0
0,0,1,3,0,0,0,0,13,0,0,2,0,1,0
0,0,1,5,0,0,0,0,6,0,0,1,0,0,0
0,0,1,2,0,0,0,0,6,0,0,1,1,0,0
0,0,1,5,0,0,0,0,11,0,0,1,1,0,0
0,0,1,7,0,0,0,0,6,0,0,1,0,0,0
0,0,1,2,0,0,0,0,11,0,0,1,0,0,0
0,0,1,4,0,0,0,0,11,0,0,1,1,0,0
0,0,1,4,0,0,0,0,12,0,0,1,1,0,0
0,0,1,4,0,0,0,0,6,0,0,1,1,0,0
0,0,1,7,0,0,0,0,6,0,0,1,0,0,0
0,0,1,5,0,0,0,0,11,0,0,1,1,0,0
0,0,1,2,0,0,0,0,12,0,0,1,1,0,0
0,0,1,2,0,0,0,0,7,0,0,1,0,0,0
0,0,1,5,0,0,0,0,15,0,0,2,0,1,0
0,0,1,2,0,0,0,0,13,0,0,1,0,0,0
0,0,1,10,0,0,0,0,15,0,0,1,1,0,0
0,0,1,2,0,0,0,0,12,0,0,1,1,0,0
0,0,1,10,0,0,0,0,15,0,0,1,1,0,0
0,0,1,2,0,0,0,0,9,2,0,1,0,0,0
0,0,1,2,0,0,0,0,13,0,0,1,1,0,0
0,0,1,4,0,0,0,0,11,0,0,2,0,1,0
0,0,1,3,0,0,1,0,18,0,0,1,1,0,0
0,0,1,4,0,0,0,0,15,0,0,1,1,0,0
0,0,1,4,0,0,0,0,6,0,0,1,1,0,0
0,0,1,8,1,0,0,0,18,0,0,1,1,0,0
0,0,1,2,0,0,0,0,7,0,0,1,0,0,0
0,0,1,1,0,0,0,0,17,0,0,1,1,0,0
0,0,1,2,0,0,0,0,12,0,0,1,1,0,0
0,0,1,10,0,0,0,0,15,0,0,1,1,0,0
0,0,1,2,0,0,0,0,10,0,0,1,1,0,0
0,0,1,10,0,0,0,0,15,0,0,1,1,0,0
0,0,1,2,0,0,0,0,8,0,0,1,1,0,0
0,0,1,2,0,0,0,0,12,0,0,1,1,0,0
0,0,1,2,0,0,0,0,12,0,0,1,1,0,0
0,0,1,3,0,0,0,0,17,0,0,1,1,0,0
0,0,1,4,0,0,0,0,17,0,0,1,1,0,0
0,0,1,2,0,0,0,0,12,0,0,1,1,0,0
0,0,1,3,0,0,0,0,9,0,0,1,1,0,0
0,0,1,2,0,0,0,0,13,0,0,1,1,0,0
0,0,1,10,0,0,0,0,15,0,0,1,1,0,0
0,0,1,2,0,0,1,0,18,0,0,1,1,0,0
0,0,1,2,0,0,0,0,12,0,0,1,1,0,0
0,0,1,3,0,0,0,0,15,0,0,1,1,0,0
0,0,1,3,0,0,0,0,7,0,0,1,1,0,0
0,0,1,3,0,0,0,0,17,0,0,1,1,0,0
0,0,1,2,0,0,0,0,10,0,0,1,1,0,0
0,0,1,2,0,0,0,0,6,0,0,1,1,0,0
0,0,1,4,0,0,0,0,11,0,0,1,1,0,0
0,0,1,5,0,0,0,0,6,0,0,1,0,0,0
0,0,1,2,0,0,0,0,9,2,0,1,0,0,0
0,0,1,2,0,0,0,0,6,0,0,1,1,0,0
0,0,1,5,0,0,0,0,14,0,0,1,1,0,0
0,0,1,2,0,0,0,0,10,0,0,1,1,0,0
0,0,1,6,0,0,0,0,14,0,0,1,1,0,0
0,0,1,4,0,0,0,0,6,0,0,1,1,0,0
0,0,1,3,0,0,0,0,8,0,0,1,1,0,0
0,0,1,3,0,0,0,0,13,0,0,1,1,0,0
0,0,1,5,0,0,0,0,15,0,0,2,0,1,0
0,0,1,1,0,0,0,0,11,0,0,1,0,0,0
0,0,1,3,0,0,0,0,15,0,0,1,0,0,0
0,0,1,2,0,0,0,0,10,0,0,1,1,0,0
0,0,1,3,0,0,0,0,6,0,0,1,0,0,0
0,0,1,6,0,0,0,0,14,0,0,1,1,0,0
0,0,1,3,0,0,0,0,11,0,0,1,1,0,0
0,0,1,1,0,0,0,0,15,0,0,1,1,0,0
0,0,1,5,0,0,0,0,11,0,0,1,1,0,0
0,0,1,5,0,0,0,0,11,0,0,1,1,0,0
0,0,1,4,0,0,0,0,11,0,0,1,1,0,0
0,0,1,1,0,0,0,0,21,0,0,1,1,0,0
0,0,1,1,0,0,0,0,12,0,0,1,0,0,0
0,0,1,2,0,0,0,0,6,0,0,1,0,0,0
0,0,1,1,0,0,0,0,11,0,0,1,1,0,0
0,0,1,3,0,0,0,0,7,0,0,1,1,0,0
0,0,1,2,0,0,0,0,13,0,0,1,1,0,0
0,0,1,3,0,0,0,0,15,0,0,2,0,1,0
0,0,1,1,1,0,1,0,13,0,0,1,1,0,0
0,0,1,4,0,0,1,0,7,0,0,1,1,0,0
0,0,1,4,0,0,0,0,9,0,0,1,1,0,0
0,0,1,2,0,0,0,0,13,0,0,1,1,0,0
0,0,1,1,0,0,0,0,17,0,0,1,1,0,0
0,0,1,3,0,0,0,0,7,0,0,1,1,0,0
0,0,1,3,0,0,0,0,14,0,0,1,1,0,0
0,0,1,3,0,0,1,0,10,0,0,1,1,0,0
0,0,1,5,0,0,0,0,13,0,0,1,0,0,0
0,0,1,3,0,0,0,0,15,0,0,1,0,0,0
0,0,1,2,0,0,0,0,12,0,0,1,1,0,0
0,0,1,4,0,0,0,1,13,0,1,1,1,0,0
0,0,1,1,0,0,0,0,11,0,0,1,1,0,0
0,0,1,6,0,0,0,0,14,0,0,1,1,0,0
0,0,1,2,0,0,0,0,8,0,0,1,1,0,0
0,0,1,1,1,0,0,0,7,0,0,1,0,0,0
0,0,1,10,0,0,0,0,15,0,0,1,1,0,0
0,0,1,1,0,0,0,0,11,0,0,1,1,0,0
0,0,1,3,0,0,0,0,13,0,0,1,1,0,0
0,0,1,4,0,0,0,0,11,0,0,2,0,1,0
0,0,1,2,0,0,0,0,12,0,0,1,1,0,0
0,0,1,8,0,0,0,0,6,0,0,1,0,0,0
0,0,1,2,0,0,0,0,13,0,0,1,1,0,0
0,0,1,2,0,0,0,0,12,0,0,1,1,0,0
0,0,1,1,0,0,0,0,9,3,0,1,1,0,0
0,0,1,5,0,0,0,0,15,0,0,1,1,0,0
0,0,1,2,0,0,0,0,6,0,0,1,1,0,0
0,0,1,1,0,0,0,0,12,0,0,1,1,0,0
0,0,1,3,0,0,0,0,9,0,0,1,0,0,0
0,0,1,5,0,0,0,0,14,0,0,1,1,0,0
0,0,1,2,0,0,0,0,10,0,0,1,0,0,0
0,0,1,2,0,0,0,0,13,0,0,1,1,0,0
0,0,1,1,0,0,0,0,17,0,0,1,1,0,0
0,0,1,3,0,0,0,0,15,0,0,1,0,0,0
0,0,1,3,0,0,0,0,9,0,0,1,0,0,0
0,0,1,2,0,0,0,0,15,0,0,1,1,0,0
0,0,1,3,0,0,0,0,7,0,0,1,1,0,0
0,0,1,2,0,0,0,0,15,0,0,1,1,0,0
0,0,1,3,0,0,0,0,7,0,0,1,1,0,0
0,0,1,3,0,0,0,0,15,0,0,1,0,0,0
0,0,1,4,0,0,0,0,6,0,0,1,1,0,0
0,0,1,3,0,0,0,0,15,0,0,2,0,1,0
0,0,1,4,0,0,0,0,16,1,0,2,0,1,0
0,0,1,2,0,0,0,0,12,0,0,1,1,0,0
0,0,1,2,0,0,0,0,10,0,0,1,1,0,0
0,0,1,1,0,0,0,0,20,0,0,1,1,0,0
0,0,1,5,0,0,0,0,11,0,0,1,1,0,0
0,0,1,2,0,0,0,0,11,0,0,1,1,0,0
0,0,1,4,0,0,0,0,7,0,0,1,1,0,0
0,0,1,3,0,0,0,0,8,0,0,1,1,0,0
0,0,1,5,0,0,0,0,9,0,0,1,1,0,0
0,0,1,14,0,0,0,0,13,0,0,2,0,1,0
0,0,1,4,0,0,0,0,11,0,0,2,0,1,0
0,0,1,1,0,0,0,0,20,0,0,1,1,0,0
0,0,1,2,0,0,0,0,12,0,0,1,1,0,0
0,0,1,4,0,0,0,0,9,0,0,1,1,0,0
0,0,1,3,0,0,0,0,13,0,0,2,0,1,0
0,0,1,3,0,0,0,0,13,0,0,2,0,1,0
0,0,1,3,0,0,1,0,15,0,0,1,1,0,0
0,0,1,2,1,0,0,0,9,0,0,1,1,0,0
0,0,1,10,0,0,0,0,15,0,0,1,1,0,0
0,0,1,3,0,0,0,0,15,0,0,1,0,0,0
0,0,1,3,0,0,1,0,10,0,0,1,1,0,0
0,0,1,2,0,0,0,0,10,0,0,1,1,0,0
0,0,1,4,0,0,0,0,15,0,0,1,1,0,0
0,0,1,2,0,0,0,0,6,0,0,1,1,0,0
0,0,1,2,0,0,0,0,6,0,0,1,0,0,0
0,0,1,3,0,0,0,0,13,0,0,1,0,0,0
0,0,1,4,0,0,0,0,14,0,0,1,1,0,0
0,0,1,6,0,0,0,0,14,0,0,2,0,1,0
0,0,1,3,0,0,0,0,13,0,0,1,0,0,0
0,0,1,4,0,0,0,0,14,0,0,1,1,0,0
0,0,1,4,0,0,0,0,7,0,0,1,1,0,0
0,0,1,3,0,0,0,0,17,0,0,1,1,0,0
0,0,1,4,0,0,0,0,13,0,0,1,1,0,0
0,0,1,1,0,0,0,0,20,0,0,1,1,0,0
0,0,1,2,0,0,0,0,12,0,0,1,1,0,0
0,0,1,3,0,0,1,0,6,0,0,1,1,0,0
0,0,1,2,0,0,0,0,10,0,0,1,1,0,0
0,0,1,1,0,0,0,0,11,0,0,1,0,0,0
0,0,1,10,0,0,0,0,15,0,0,1,1,0,0
0,0,1,3,0,0,0,0,12,0,0,1,1,0,0
0,0,1,1,0,0,0,0,15,0,0,1,1,0,0
0,0,1,4,0,0,0,0,9,0,0,1,1,0,0
0,0,1,2,0,0,0,0,12,0,0,1,1,0,0
0,0,1,3,0,0,0,0,8,0,0,1,1,0,0
0,0,1,4,0,0,0,0,14,0,0,1,1,0,0
0,0,1,2,0,0,0,0,13,0,0,1,0,0,0
0,0,1,3,0,0,0,0,9,0,0,1,1,0,0
0,0,1,4,0,0,0,0,11,0,0,2,0,1,0
0,0,1,1,0,0,0,0,12,0,0,1,0,0,0
0,0,1,3,0,0,0,0,8,0,0,1,1,0,0
0,0,1,2,0,0,0,0,13,0,0,1,1,0,0
0,0,1,3,0,0,0,0,9,0,0,1,1,0,0
0,0,1,5,0,0,0,0,11,0,0,1,1,0,0
0,0,1,4,0,0,0,0,6,0,0,1,1,0,0
0,0,1,4,0,0,0,0,14,0,0,1,1,0,0
0,0,1,4,0,0,0,0,14,0,0,1,0,0,0
0,0,1,4,0,0,0,0,9,0,0,1,1,0,0
0,0,1,2,0,0,0,0,10,0,0,1,1,0,0
0,0,1,10,0,0,0,0,15,0,0,1,1,0,0
0,0,1,3,0,0,0,0,13,0,0,1,1,0,0
0,0,1,1,0,0,0,0,11,0,0,1,1,0,0
0,0,1,2,0,0,0,0,12,0,0,1,1,0,0
0,0,1,2,0,0,0,0,11,0,0,1,1,0,0
0,0,1,3,0,0,1,0,10,0,0,1,1,0,0
0,0,1,3,0,0,0,0,13,0,0,1,1,0,0
0,0,1,4,0,0,0,0,6,0,0,1,1,0,0
0,0,1,2,0,0,0,0,10,0,0,1,0,0,0
0,0,1,2,0,0,0,0,9,2,0,1,0,0,0
0,0,1,4,0,0,0,0,14,0,0,1,1,0,0
0,0,1,2,0,0,0,0,6,0,0,1,1,0,0
0,0,1,2,0,0,0,0,16,2,0,1,1,0,0
0,0,1,3,0,0,0,0,7,0,0,1,1,0,0
0,0,1,2,0,0,0,0,8,0,0,1,1,0,0
0,0,1,3,0,0,0,0,14,0,0,1,1,0,0
0,0,1,4,0,0,0,0,6,0,0,1,0,0,0
0,0,1,5,0,0,1,0,9,0,0,2,0,1,0
0,0,1,3,0,0,0,0,7,0,0,1,0,0,0
0,0,1,2,0,0,0,0,9,2,0,1,0,0,0
0,0,1,3,0,0,0,0,14,0,0,1,1,0,0
0,0,1,3,0,0,0,0,11,0,0,1,1,0,0
0,0,1,3,0,0,0,0,8,0,0,1,1,0,0
0,0,1,4,0,0,1,0,10,0,0,1,1,0,0
0,0,1,3,0,0,0,0,9,0,0,1,0,0,0
0,0,1,3,0,0,0,0,7,0,0,1,1,0,0
0,0,1,2,0,0,0,0,9,2,0,1,0,0,0
0,0,1,1,0,0,0,0,11,0,0,1,1,0,0
0,0,1,2,0,0,0,0,9,2,0,1,0,0,0
0,0,1,3,0,0,0,0,17,0,0,1,1,0,0
0,0,1,3,0,0,0,0,7,0,0,1,1,0,0
0,0,1,3,0,0,0,0,13,0,0,1,1,0,0
0,0,1,2,0,0,0,0,12,0,0,1,1,0,0
0,0,1,2,0,0,0,0,12,0,0,1,1,0,0
0,0,1,1,0,0,0,0,10,0,0,1,1,0,0
0,0,1,2,0,0,0,0,10,0,0,1,1,0,0
0,0,1,5,0,0,0,0,14,0,0,1,1,0,0
0,0,1,3,0,0,1,0,10,0,0,1,1,0,0
0,0,1,5,0,0,0,0,11,1,0,1,1,0,0
0,0,1,2,0,0,0,0,12,0,0,1,1,0,0
0,0,1,5,0,0,0,0,6,0,0,1,0,0,0
0,0,1,17,0,0,0,0,8,1,0,1,1,0,0
0,0,1,2,0,0,0,0,12,0,0,1,1,0,0
0,0,1,2,0,0,0,0,15,0,0,1,1,0,0
0,0,1,10,0,0,0,0,15,0,0,1,1,0,0
0,0,1,2,0,0,0,0,10,0,0,1,1,0,0
0,0,1,7,0,0,0,0,6,0,0,1,0,0,0
0,0,1,4,0,0,0,0,7,0,0,1,1,0,0
0,0,1,1,0,0,0,0,20,0,0,1,1,0,0
0,0,1,5,0,0,0,0,10,0,0,1,1,0,0
0,0,1,3,0,0,0,0,17,0,0,1,1,0,0
0,0,1,1,0,0,0,0,12,0,0,1,1,0,0
0,0,1,10,0,0,0,0,15,0,0,1,1,0,0
0,0,1,4,0,0,0,0,11,0,0,2,0,1,0
0,0,1,3,0,0,0,0,15,0,0,2,0,1,0
0,0,1,4,0,0,0,0,11,0,0,2,0,1,0
0,0,1,6,0,0,0,0,13,0,0,1,1,0,0
0,0,1,2,0,0,0,0,10,0,0,1,0,0,0
0,0,1,1,0,0,0,0,11,0,0,1,1,0,0
0,0,1,4,0,0,0,0,13,0,0,1,1,0,0
0,0,1,2,0,0,0,0,12,0,0,1,1,0,0
0,0,1,3,0,0,0,0,15,0,0,1,1,0,0
0,0,1,4,0,0,0,0,6,0,0,1,1,0,0
0,0,1,1,0,0,0,0,11,0,0,1,1,0,0
0,0,1,3,0,0,0,0,14,0,0,1,0,0,0
0,0,1,1,0,0,0,0,11,0,0,1,1,0,0
0,0,1,3,0,0,0,0,7,0,0,1,1,0,0
0,0,1,1,0,0,0,0,11,0,0,1,0,0,0
0,0,1,2,0,0,0,0,12,0,0,1,1,0,0
0,0,1,3,0,0,0,0,13,0,0,1,1,0,0
0,0,1,4,0,0,0,0,17,0,0,1,1,0,0
0,0,1,6,0,0,0,0,14,0,0,1,1,0,0
0,0,1,3,0,0,0,0,13,0,0,1,1,0,0
0,0,1,1,0,0,0,0,11,0,0,1,1,0,0
0,0,1,2,0,0,0,0,6,0,0,1,0,0,0
0,0,1,2,0,0,0,0,9,2,0,1,0,0,0
0,0,1,3,0,0,0,0,9,0,0,1,0,0,0
0,0,1,1,0,0,0,0,15,3,0,1,1,0,0
0,0,1,4,0,0,0,0,14,0,0,1,1,0,0
0,0,1,8,1,0,0,0,18,0,0,1,1,0,0
0,0,1,2,0,0,0,0,13,0,0,1,1,0,0
0,0,1,6,0,0,0,0,6,0,0,1,0,0,0
0,0,1,3,0,0,0,0,17,0,0,1,1,0,0
0,0,1,1,0,0,0,0,15,0,0,1,1,0,0
0,0,1,2,0,0,0,0,12,0,0,1,1,0,0
0,0,1,4,0,0,0,0,10,0,0,1,0,0,0
0,0,1,4,0,0,0,0,6,0,0,1,1,0,0
0,0,1,2,0,0,0,0,11,0,0,1,1,0,0
0,0,1,3,0,0,0,0,15,0,0,1,0,0,0
0,0,1,5,0,0,0,0,15,0,0,1,0,0,0
0,0,1,2,0,0,0,0,13,0,0,1,0,0,0
0,0,1,3,0,0,0,0,8,0,0,1,0,0,0
0,0,1,5,0,0,0,0,13,0,0,1,0,0,0
0,0,1,2,0,0,0,0,12,0,0,1,1,0,0
0,0,1,4,0,0,0,0,17,0,0,1,1,0,0
0,0,1,4,0,0,0,0,15,0,0,1,1,0,0
0,0,1,4,0,0,1,0,10,0,0,1,1,0,0
0,0,1,3,0,0,0,0,15,0,0,1,0,0,0
0,0,1,3,0,0,0,0,7,1,0,1,1,0,0
0,0,1,3,0,0,0,0,14,0,0,1,1,0,0
0,0,1,2,0,0,0,0,11,0,0,1,1,0,0
0,0,1,3,0,0,1,0,10,0,0,1,1,0,0
0,0,1,6,0,0,0,0,14,0,0,1,1,0,0
0,0,1,1,0,0,0,0,11,0,0,1,1,0,0
0,0,1,3,0,0,0,0,8,4,0,1,0,0,0
0,0,1,2,0,0,0,0,9,2,0,1,0,0,0
0,0,1,4,0,0,0,0,15,0,0,1,1,0,0
0,0,1,3,0,0,0,0,15,0,0,1,0,0,0
0,0,1,3,0,0,1,0,10,0,0,1,1,0,0
0,0,1,7,0,0,0,0,19,0,0,3,0,2,0
0,0,1,2,0,0,0,0,11,0,0,1,1,0,0
0,0,1,4,0,0,0,0,10,0,0,1,0,0,0
0,0,1,1,0,0,0,0,10,0,0,1,0,0,0
0,0,1,2,0,0,0,0,10,0,0,1,1,0,0
0,0,1,2,0,0,0,0,9,0,0,1,0,0,0
0,0,1,3,0,0,0,0,13,0,0,2,0,1,0
0,0,1,2,0,0,0,0,13,0,0,1,1,0,0
0,0,1,3,0,0,0,0,7,0,0,1,1,0,0
0,0,1,1,0,0,0,0,12,0,0,1,1,0,0
0,0,1,1,0,0,0,0,11,0,0,1,1,0,0
0,0,1,5,0,0,0,0,8,0,0,1,0,0,0
0,0,1,2,0,0,0,0,13,0,0,1,0,0,0
0,0,1,4,0,0,0,0,6,0,0,1,1,0,0
0,0,1,3,0,0,0,1,13,0,1,1,1,0,0
0,0,1,5,0,0,0,0,15,0,0,1,1,0,0
0,0,1,2,0,0,0,0,14,0,0,1,1,0,0
0,0,1,1,0,0,0,0,11,0,0,1,1,0,0
0,0,1,5,0,0,1,0,9,0,0,2,0,1,0
0,0,1,2,0,0,0,0,15,0,0,2,0,1,0
0,0,1,4,0,0,0,0,6,0,0,1,1,0,0
0,0,1,3,0,0,0,0,7,0,0,1,1,0,0
0,0,1,4,0,0,0,0,6,0,0,1,1,0,0
0,0,1,3,0,0,0,0,15,0,0,2,0,1,0
0,0,1,2,0,0,0,0,13,0,0,1,0,0,0
0,0,1,2,0,0,0,0,16,0,0,1,1,0,0
0,0,1,3,0,0,0,0,9,0,0,1,0,0,0
0,1,1,2,0,0,0,0,10,0,0,1,1,0,0
0,0,1,3,0,0,0,0,9,0,0,1,1,0,0
0,0,1,4,0,0,0,0,17,0,0,1,1,0,0
0,0,1,3,0,0,0,0,7,0,0,1,1,0,0
0,0,1,1,0,0,0,0,15,3,0,1,1,0,0
0,0,1,3,0,0,0,0,15,0,0,1,1,0,0
0,0,1,2,0,0,0,0,10,0,0,1,1,0,0
0,0,1,1,0,0,0,0,11,0,0,1,1,0,0
0,0,1,3,0,0,0,0,13,0,0,2,0,1,0
0,0,1,7,0,0,0,0,12,0,0,1,0,0,0
0,0,1,3,0,0,0,0,6,0,0,1,0,0,0
0,0,1,3,0,0,0,0,12,0,0,1,1,0,0
0,0,1,10,0,0,0,0,15,0,0,1,1,0,0
0,0,1,7,0,0,0,0,6,0,0,1,0,0,0
0,0,1,4,0,0,0,0,13,0,0,1,1,0,0
0,0,1,3,0,0,0,0,11,0,0,1,1,0,0
0,0,1,2,0,0,0,0,10,0,0,1,0,0,0
0,0,1,2,0,0,1,0,18,0,0,1,1,0,0
0,0,1,4,0,0,0,0,14,0,0,1,1,0,0
0,0,1,3,0,0,0,0,8,0,0,1,1,0,0
0,0,1,4,0,0,0,0,14,0,0,1,1,0,0
0,0,1,4,0,0,0,0,9,0,0,1,1,0,0
0,0,1,4,0,0,0,0,11,0,0,1,1,0,0
0,0,1,3,0,0,0,0,13,0,0,1,1,0,0
0,0,1,5,0,0,0,0,19,0,0,3,0,2,0
0,0,1,4,0,0,0,0,12,0,0,1,1,0,0
0,1,1,2,0,0,0,0,10,0,0,1,1,0,0
0,0,1,3,0,0,0,0,8,0,0,1,1,0,0
0,0,1,4,0,0,0,0,11,0,0,1,1,0,0
0,0,1,3,0,0,1,0,10,0,0,1,1,0,0
0,0,1,3,0,0,0,0,7,1,0,1,1,0,0
0,0,1,2,0,0,0,0,8,0,0,1,1,0,0
0,0,1,2,0,0,0,0,13,0,0,1,0,0,0
0,0,1,2,0,0,0,0,10,0,0,1,1,0,0
0,0,1,2,0,0,1,0,12,0,0,1,1,0,0
0,0,1,2,0,0,0,0,12,0,0,1,1,0,0
0,0,1,4,0,0,0,0,13,0,0,1,1,0,0
0,0,1,5,0,0,0,0,9,0,0,1,1,0,0
0,0,1,2,0,0,0,0,6,0,0,1,0,0,0
0,0,1,0,0,0,0,0,9,0,0,1,0,0,0
0,0,1,4,0,0,0,0,11,0,0,1,1,0,0
0,0,1,7,0,0,1,0,9,0,0,2,0,1,0
0,0,1,8,0,0,0,0,12,0,0,1,1,0,0
0,0,1,2,0,0,0,0,13,0,0,1,1,0,0
0,0,1,5,0,0,0,0,14,0,0,1,1,0,0
0,0,1,3,0,0,0,0,17,0,0,1,1,0,0
0,0,1,3,0,0,0,0,12,0,0,1,1,0,0
0,0,1,0,0,0,0,0,9,0,0,1,0,0,0
0,0,1,4,0,0,0,0,6,0,0,1,0,0,0
0,0,1,3,0,0,0,0,8,0,0,1,1,0,0
0,0,1,2,0,0,0,0,13,0,0,1,0,0,0
0,0,1,2,0,0,0,0,12,0,0,1,1,0,0
0,0,1,5,0,0,0,0,11,0,0,1,1,0,0
0,0,1,2,0,0,0,0,8,0,0,1,1,0,0
0,0,1,2,0,0,0,0,10,0,0,1,1,0,0
0,0,1,8,0,0,0,0,10,0,0,1,1,0,0
0,0,1,3,0,0,0,0,11,0,0,1,1,0,0
0,0,1,1,0,0,0,0,11,0,0,1,1,0,0
0,0,1,2,0,0,0,0,13,0,0,1,1,0,0
0,0,1,14,0,0,0,0,13,0,0,2,0,1,0
0,0,1,2,0,0,0,0,10,0,0,1,1,0,0
0,0,1,4,0,0,1,0,10,0,0,1,1,0,0
0,0,1,10,0,0,0,0,15,0,0,1,1,0,0
0,0,1,6,0,0,0,0,14,0,0,1,1,0,0
0,0,1,2,0,0,0,0,13,0,0,1,0,0,0
0,0,1,4,0,0,0,0,14,0,0,1,1,0,0
0,0,1,5,0,0,0,0,15,0,0,1,1,0,0
0,0,1,3,0,0,0,0,15,0,0,1,0,0,0
0,0,1,3,0,0,0,1,13,0,1,1,1,0,0
0,0,1,5,0,0,0,0,12,0,0,1,1,0,0
0,0,1,5,0,0,0,0,6,0,0,1,0,0,0
0,0,1,2,0,0,0,0,12,0,0,1,1,0,0
0,0,1,1,0,0,0,0,10,0,0,1,0,0,0
0,0,1,3,0,0,1,0,15,0,0,1,1,0,0
0,0,1,6,0,0,0,0,19,0,0,3,0,2,0
0,0,1,3,0,0,0,0,10,0,0,1,0,0,0
0,0,1,3,0,0,0,0,15,0,0,1,0,0,0
0,0,1,4,0,0,0,0,9,0,0,1,1,0,0
0,0,1,2,0,0,0,0,6,0,0,1,1,0,0
0,0,1,1,0,0,0,0,21,0,0,1,1,0,0
0,0,1,1,0,0,0,0,17,0,0,1,1,0,0
0,0,1,2,0,0,0,0,9,2,0,1,0,0,0
0,0,1,1,0,0,0,0,20,0,0,1,1,0,0
0,0,1,4,0,0,0,0,15,0,0,2,0,1,0
0,0,1,3,0,0,0,0,15,0,0,1,0,0,0
0,0,1,7,0,0,0,0,6,0,0,1,0,0,0
0,0,1,2,0,0,0,0,12,0,0,1,1,0,0
0,0,1,5,0,0,0,0,11,0,0,1,1,0,0
0,0,1,3,0,0,0,0,8,0,0,1,1,0,0
0,0,1,4,0,0,0,0,9,0,0,1,1,0,0
0,1,1,2,0,0,0,0,10,0,0,1,1,0,0
0,0,1,10,0,0,0,0,15,0,0,1,1,0,0
0,0,1,3,0,0,0,0,15,0,0,1,0,0,0
0,0,1,2,0,0,0,0,9,0,0,1,0,0,0
0,0,1,6,0,0,0,0,13,0,0,1,1,0,0
0,0,1,1,0,0,0,0,15,3,0,1,1,0,0
0,0,1,1,0,0,0,0,12,0,0,1,1,0,0
0,0,1,3,0,0,0,0,13,0,0,1,1,0,0
0,0,1,5,0,0,0,0,14,0,0,1,1,0,0
0,0,1,4,0,0,0,0,13,0,0,1,1,0,0
0,0,1,2,0,0,0,0,9,2,0,1,0,0,0
0,0,1,3,0,0,0,0,8,0,0,1,1,0,0
0,0,1,3,0,0,0,0,17,0,0,1,1,0,0
0,0,1,7,0,0,0,0,6,0,0,1,0,0,0
0,0,1,2,0,0,0,0,10,0,0,1,1,0,0
0,0,1,1,0,0,0,0,10,0,0,1,1,0,0
0,0,1,4,0,0,0,0,17,0,0,1,1,0,0
0,0,1,2,0,0,0,0,13,0,0,1,1,0,0
0,0,1,1,0,0,0,0,11,0,0,1,1,0,0
0,0,1,2,0,0,0,0,12,0,0,1,0,0,0
0,0,1,3,0,0,0,0,10,0,0,1,0,0,0
0,0,1,1,0,0,0,0,17,0,0,1,1,0,0
0,0,1,3,0,0,1,0,10,0,0,1,1,0,0
0,0,1,3,0,0,0,0,6,0,0,1,0,0,0
0,0,1,3,0,0,0,0,15,0,0,1,0,0,0
0,0,1,5,0,0,0,0,15,0,0,1,1,0,0
0,0,1,2,0,0,0,0,8,0,0,1,1,0,0
0,0,1,2,0,0,0,0,9,2,0,1,0,0,0
0,0,1,4,0,0,0,0,12,0,0,1,1,0,0
0,0,1,3,0,0,0,0,8,4,0,1,0,0,0
0,0,1,2,0,0,1,0,9,0,0,2,0,1,0
0,0,1,3,0,0,0,0,9,0,0,1,0,0,0
0,0,1,14,0,0,0,0,13,0,0,2,0,1,0
0,0,1,3,0,0,0,0,7,0,0,1,1,0,0
0,0,1,3,0,0,0,0,13,0,0,1,1,0,0
0,0,1,10,0,0,0,0,15,0,0,1,1,0,0
0,0,1,3,0,0,0,0,12,0,0,1,1,0,0
0,0,1,4,0,0,0,0,14,0,0,1,1,0,0
0,0,1,2,1,0,0,0,9,0,0,1,1,0,0
0,0,1,6,0,0,0,0,13,0,0,1,1,0,0
0,0,1,7,0,0,0,0,6,0,0,1,0,0,0
0,0,1,1,0,0,0,0,11,0,0,1,1,0,0
0,0,1,3,0,0,0,0,6,0,0,1,0,0,0
0,0,1,4,0,0,0,0,12,0,0,1,1,0,0
0,0,1,3,0,0,0,0,12,0,0,1,1,0,0
0,0,1,6,0,0,0,0,12,0,0,1,1,0,0
0,0,1,3,0,0,0,0,13,0,0,1,0,0,0
0,0,1,1,0,0,0,0,6,0,0,1,0,0,0
0,0,1,5,0,0,0,0,14,0,0,1,1,0,0
0,0,1,4,0,0,0,0,14,0,0,1,0,0,0
0,0,1,2,0,0,1,0,18,0,0,1,1,0,0
0,0,1,6,0,0,0,0,13,0,0,1,1,0,0
0,0,1,4,0,0,0,0,10,0,0,1,0,0,0
0,0,1,3,0,0,0,0,9,0,0,1,1,0,0
0,0,1,2,0,0,0,0,10,0,0,1,1,0,0
0,0,1,4,0,0,0,0,12,0,0,1,1,0,0
0,0,1,1,0,0,0,0,11,0,0,1,1,0,0
0,0,1,3,0,0,0,0,10,0,0,1,0,0,0
0,0,1,2,0,0,0,0,17,0,0,1,1,0,0
0,0,1,3,0,0,0,0,11,0,0,1,0,0,0
0,0,1,3,0,0,0,0,17,0,0,1,1,0,0
0,0,1,4,0,0,0,0,12,0,0,1,1,0,0
0,0,1,4,0,0,0,0,15,0,0,1,1,0,0
0,0,1,2,0,0,0,0,12,0,0,1,1,0,0
0,0,1,2,0,0,0,0,6,0,0,1,1,0,0
0,0,1,7,0,0,0,0,11,0,0,2,1,1,0
0,0,1,3,0,0,0,0,15,0,0,1,0,0,0
0,0,1,2,0,0,0,0,10,0,0,1,0,0,0
0,0,1,7,0,0,1,0,9,0,0,2,0,1,0
0,0,1,2,0,0,0,0,13,0,0,1,1,0,0
0,0,1,2,0,0,0,0,8,0,0,1,1,0,0
0,0,1,3,0,0,0,0,13,0,0,2,0,1,0
0,0,1,2,0,0,0,0,13,0,0,1,0,0,0
0,0,1,4,0,0,0,0,11,0,0,1,1,0,0
0,0,1,2,0,0,1,0,14,0,0,1,1,0,0
0,0,1,1,0,0,0,0,15,0,0,1,1,0,0
0,0,1,3,0,0,0,0,17,0,0,1,1,0,0
0,0,1,2,0,0,1,0,12,0,0,1,1,0,0
0,0,1,2,0,0,0,0,15,0,0,2,0,1,0
0,0,1,5,0,0,0,0,6,0,0,1,0,0,0
0,0,1,3,0,0,0,0,13,0,0,1,1,0,0
0,0,1,7,0,0,0,0,6,0,0,1,0,0,0
0,0,1,3,0,0,0,0,15,0,0,1,0,0,0
0,0,1,4,0,0,0,0,11,0,0,1,1,0,0
0,0,1,4,0,0,0,0,9,0,0,1,1,0,0
0,0,1,6,0,0,0,0,14,0,0,1,1,0,0
0,0,1,2,0,0,0,0,6,0,0,1,0,0,0
0,0,1,2,0,0,0,0,12,0,0,1,1,0,0
0,0,1,1,0,0,0,0,17,0,0,1,1,0,0
0,0,1,3,0,0,0,0,7,0,0,1,0,0,0
0,0,1,2,0,0,0,0,13,0,0,1,1,0,0
0,0,1,3,0,0,0,0,13,0,0,1,1,0,0
0,0,1,10,0,0,0,0,15,0,0,1,1,0,0
0,0,1,5,0,0,0,0,10,0,0,1,1,0,0
0,0,1,5,0,0,0,0,13,0,0,1,1,0,0
0,0,1,6,0,0,0,0,14,0,0,1,1,0,0
0,0,1,3,0,0,0,0,6,0,0,1,0,0,0
0,0,1,4,0,0,0,0,14,0,0,1,1,0,0
0,0,1,2,0,0,0,0,15,0,0,2,0,1,0
0,0,1,1,0,0,0,0,12,0,0,1,0,0,0
0,0,1,1,1,0,1,0,13,0,0,1,1,0,0
0,0,1,4,0,0,0,0,6,0,0,1,1,0,0
0,0,1,3,0,0,0,0,15,0,0,1,1,0,0
0,0,1,2,0,0,0,0,8,0,0,1,1,0,0
0,0,1,10,1,0,0,0,11,0,0,1,1,0,0
0,0,1,2,0,0,0,0,10,0,0,1,1,0,0
0,0,1,1,0,0,0,0,15,0,0,1,1,0,0
0,0,1,4,0,0,0,0,9,0,0,1,1,0,0
0,0,1,2,0,0,1,0,9,0,0,2,0,1,0
0,0,1,3,0,0,1,0,6,0,0,1,1,0,0
0,0,1,3,0,0,0,0,6,0,0,1,0,0,0
0,0,1,5,0,0,0,0,15,0,0,1,1,0,0
0,0,1,3,0,0,0,0,7,0,0,1,0,0,0
0,0,1,3,0,0,0,0,7,0,0,1,1,0,0
0,0,1,3,0,0,0,0,7,1,0,1,0,0,0
0,0,1,4,0,0,0,0,14,0,0,1,1,0,0
0,0,1,2,0,0,0,0,12,0,0,1,1,0,0
0,0,1,2,0,0,0,0,14,0,0,1,1,0,0
0,0,1,2,0,0,0,0,13,0,0,1,1,0,0
0,0,1,3,0,0,0,0,15,0,0,2,0,1,0
0,0,1,3,0,0,0,0,13,0,0,1,1,0,0
0,0,1,4,0,0,0,0,11,0,0,1,1,0,0
0,0,1,2,0,0,0,0,10,1,0,1,1,0,0
0,0,1,4,0,0,0,0,9,0,0,1,1,0,0
0,0,1,7,0,0,1,0,9,0,0,2,0,1,0
0,0,1,1,0,0,0,0,11,0,0,1,1,0,0
0,0,1,4,0,0,0,0,16,1,0,2,0,1,0
0,0,1,3,0,0,0,0,13,0,0,1,1,0,0
0,0,1,7,0,0,1,0,9,0,0,2,0,1,0
0,0,1,3,0,0,0,0,7,0,0,1,1,0,0
0,0,1,5,0,0,0,0,6,0,0,1,0,0,0
0,0,1,2,0,0,0,0,12,0,0,1,1,0,0
0,0,1,2,0,0,0,0,10,0,0,1,1,0,0
0,0,1,3,0,0,0,0,13,0,0,1,0,0,0
0,0,1,3,0,0,0,0,7,0,0,1,1,0,0
0,0,1,3,0,0,0,0,7,0,0,1,1,0,0
0,0,1,1,0,0,0,0,11,0,0,1,1,0,0
0,0,1,4,0,0,0,0,14,0,0,1,1,0,0
0,0,1,2,0,0,0,0,13,0,0,1,0,0,0
0,0,1,2,0,0,0,0,13,0,0,1,1,0,0
0,0,1,10,0,0,0,0,15,0,0,1,1,0,0
0,0,1,3,0,0,0,0,17,0,0,1,1,0,0
0,0,1,2,0,0,0,0,12,0,0,1,1,0,0
0,0,1,3,0,0,0,0,7,0,0,1,1,0,0
0,0,1,2,0,0,1,0,18,0,0,1,1,0,0
0,0,1,3,0,0,0,0,13,0,0,1,0,0,0
0,0,1,4,0,0,0,0,13,0,0,1,1,0,0
0,0,1,4,0,0,0,0,11,0,0,1,1,0,0
0,0,1,4,0,0,0,0,11,0,0,2,0,1,0
0,0,1,4,0,0,0,0,6,0,0,1,0,0,0
0,0,1,1,1,0,1,0,13,0,0,1,1,0,0
0,0,1,2,0,0,0,0,15,0,0,2,0,1,0
0,0,1,1,0,0,0,0,11,0,0,1,1,0,0
0,0,1,4,0,0,0,0,15,0,0,1,1,0,0
0,0,1,0,0,0,0,0,11,0,0,1,0,0,0
0,0,1,3,0,0,1,0,15,0,0,1,1,0,0
0,0,1,6,0,0,0,0,14,0,0,1,1,0,0
0,0,1,3,0,0,0,0,7,1,0,1,0,0,0
0,0,1,1,0,0,0,0,15,0,0,1,1,0,0
0,0,1,4,0,0,0,0,11,0,0,1,1,0,0
0,0,1,4,0,0,1,0,10,0,0,1,1,0,0
0,1,1,2,0,0,0,0,10,0,0,1,1,0,0
0,0,1,2,0,0,0,0,12,0,0,1,1,0,0
0,0,1,4,0,0,0,0,15,0,0,1,1,0,0
0,0,1,1,0,0,0,0,12,0,0,1,1,0,0
0,0,1,3,0,0,0,1,13,0,1,1,1,0,0
0,0,1,2,0,0,0,0,8,0,0,1,1,0,0
0,0,1,1,0,0,0,0,10,0,0,1,0,0,0
0,0,1,2,0,0,0,0,15,0,0,2,0,1,0
0,0,1,1,0,0,0,0,20,0,0,1,1,0,0
0,0,1,3,0,0,0,0,15,0,0,1,0,0,0
0,0,1,2,0,0,0,0,14,0,0,1,1,0,0
0,0,1,1,0,0,0,0,17,0,0,1,1,0,0
0,0,1,2,0,0,0,0,9,0,0,1,0,0,0
0,0,1,2,0,0,0,0,9,0,0,1,0,0,0
0,0,1,2,0,0,0,0,13,0,0,1,1,0,0
0,0,1,7,0,0,0,0,14,0,0,1,1,0,0
0,0,1,4,0,0,0,0,6,0,0,1,0,0,0
0,0,1,2,0,0,0,0,10,0,0,1,1,0,0
0,0,1,2,0,0,0,0,12,0,0,1,1,0,0
0,0,1,4,0,0,0,0,10,0,0,1,0,0,0
0,0,1,4,0,0,0,0,9,0,0,1,1,0,0
0,0,1,4,0,0,0,0,6,0,0,1,0,0,0
0,0,1,4,0,0,0,0,10,0,0,1,0,0,0
0,0,1,3,0,0,0,0,12,0,0,1,1,0,0
0,0,1,4,0,0,0,0,9,0,0,1,1,0,0
0,0,1,2,0,0,0,0,10,0,0,1,1,0,0
0,0,1,1,0,0,0,0,17,0,0,1,1,0,0
0,0,1,1,0,0,0,0,11,0,0,1,0,0,0
0,0,1,3,0,0,0,0,14,0,0,1,1,0,0
0,0,1,4,0,0,0,0,9,0,0,1,1,0,0
0,0,1,2,0,0,0,0,9,2,0,1,0,0,0
0,0,1,2,0,0,0,0,10,0,0,1,1,0,0
0,0,1,8,0,0,0,0,9,0,0,1,1,0,0
0,0,1,2,0,0,0,0,16,0,0,1,1,0,0
0,0,1,2,0,0,0,0,12,0,0,1,1,0,0
0,0,1,10,0,0,0,0,15,0,0,1,1,0,0
0,0,1,1,0,0,0,0,10,0,0,1,0,0,0
0,0,1,0,0,0,0,0,9,0,0,1,0,0,0
0,0,1,3,0,0,0,0,13,0,0,1,1,0,0
0,0,1,2,0,0,0,0,9,0,0,1,1,0,0
0,0,1,4,0,0,0,0,6,0,0,1,1,0,0
0,0,1,2,0,0,0,0,6,0,0,1,1,0,0
0,0,1,1,0,0,0,0,10,0,0,1,1,0,0
0,0,1,2,0,0,0,0,6,0,0,1,1,0,0
0,0,1,2,0,0,0,0,13,0,0,1,0,0,0
0,0,1,1,0,0,0,0,11,0,0,1,0,0,0
0,0,1,4,0,0,0,0,11,0,0,1,1,0,0
0,0,1,3,0,0,0,0,13,0,0,1,1,0,0
0,0,1,4,0,0,0,0,12,0,0,1,1,0,0
0,0,1,1,0,0,0,0,11,0,0,1,1,0,0
0,0,1,3,0,0,0,0,15,0,0,1,1,0,0
0,0,1,3,0,0,1,0,6,0,0,1,1,0,0
0,0,1,2,0,0,0,0,11,0,0,1,1,0,0
0,0,1,2,0,0,0,0,12,0,0,1,1,0,0
0,0,1,2,0,0,0,0,16,0,0,1,1,0,0
0,0,1,1,0,0,0,0,12,0,0,1,0,0,0
0,0,1,4,0,0,0,0,9,0,0,1,1,0,0
0,0,1,4,0,0,0,0,11,0,0,1,1,0,0
0,0,1,4,0,0,0,0,13,0,0,1,0,0,0
0,0,1,2,0,0,0,0,13,0,0,1,1,0,0
0,0,1,4,0,0,0,0,9,0,0,1,1,0,0
0,0,1,5,0,0,0,0,10,0,0,1,1,0,0
0,0,1,5,0,0,0,0,14,0,0,1,1,0,0
0,0,1,2,0,0,0,0,13,0,0,1,1,0,0
0,0,1,3,0,0,0,0,14,0,0,1,1,0,0
0,0,1,3,0,0,0,0,13,0,0,2,0,1,0
0,0,1,4,0,0,0,0,12,0,0,2,0,1,0
0,0,1,3,0,0,0,0,10,0,0,1,1,0,0
0,0,1,2,0,0,0,0,10,0,0,1,1,0,0
0,0,1,3,0,0,0,0,13,0,0,1,1,0,0
0,0,1,1,0,0,0,0,17,0,0,1,1,0,0
0,0,1,3,0,0,1,0,10,0,0,1,1,0,0
0,0,1,3,0,0,0,0,15,0,0,2,0,1,0
0,0,1,4,0,0,0,0,15,0,0,2,0,1,0
0,0,1,2,1,0,0,0,13,0,0,1,1,0,0
0,0,1,6,0,0,0,0,14,0,0,1,1,0,0
0,0,1,4,0,0,0,1,13,0,1,1,1,0,0
0,0,1,3,0,0,0,0,9,0,0,1,1,0,0
0,0,1,7,0,0,0,0,6,0,0,1,0,0,0
0,0,1,3,0,0,0,0,15,0,0,1,0,0,0
0,0,1,4,0,0,0,0,6,0,0,1,1,0,0
0,0,1,5,0,0,0,0,6,0,0,1,0,0,0
0,0,1,3,0,0,0,0,13,0,0,1,1,0,0
0,0,1,4,0,0,0,0,11,0,0,1,1,0,0
0,0,1,4,0,0,0,0,17,0,0,1,1,0,0
0,0,1,3,0,0,0,0,17,0,0,1,1,0,0
0,0,1,3,0,0,0,0,9,0,0,1,0,0,0
0,0,1,10,0,0,0,0,15,0,0,1,1,0,0
0,0,1,2,0,0,0,0,10,0,0,1,1,0,0
0,0,1,2,0,0,0,0,12,0,0,1,0,0,0
0,0,1,3,0,0,0,0,11,0,0,1,1,0,0
0,0,1,2,0,0,0,0,13,0,0,1,0,0,0
0,0,1,3,0,0,0,0,11,0,0,1,1,0,0
0,0,1,2,0,0,0,0,9,0,0,1,0,0,0
0,0,1,3,0,0,0,0,13,0,0,1,0,0,0
0,0,1,1,0,0,0,0,11,0,0,1,1,0,0
0,0,1,4,0,0,0,0,14,0,0,1,1,0,0
0,0,1,5,0,0,0,0,6,0,0,1,0,0,0
0,0,1,4,0,0,0,0,11,0,0,2,0,1,0
0,0,1,2,0,0,0,0,13,0,0,1,1,0,0
0,0,1,2,0,0,0,0,9,2,0,1,0,0,0
0,0,1,4,0,0,0,0,6,0,0,1,0,0,0
0,0,1,3,0,0,0,0,13,0,0,1,1,0,0
0,0,1,2,0,0,0,0,13,0,0,1,1,0,0
0,0,1,5,0,0,0,0,11,0,0,1,1,0,0
0,0,1,3,0,0,0,0,8,4,0,1,0,0,0
0,0,1,4,0,0,0,0,12,0,0,1,1,0,0
0,0,1,3,0,0,0,0,13,0,0,2,0,1,0
0,0,1,5,0,0,0,0,15,0,0,1,0,0,0
0,0,1,2,0,0,0,0,12,0,0,1,1,0,0
0,0,1,3,0,0,0,0,6,0,0,1,0,0,0
0,0,1,4,0,0,0,0,17,0,0,1,1,0,0
0,0,1,4,0,0,0,0,14,0,0,1,1,0,0
0,0,1,3,0,0,0,0,15,0,0,1,0,0,0
0,0,1,2,0,0,0,0,10,0,0,1,1,0,0
0,0,1,7,0,0,1,0,9,0,0,2,0,1,0
0,0,1,1,0,0,0,0,12,0,0,1,1,0,0
0,0,1,10,0,0,0,0,15,0,0,1,1,0,0
0,0,1,4,0,0,0,0,15,0,0,1,1,0,0
0,0,1,6,0,0,0,0,12,0,0,1,1,0,0
0,0,1,3,0,0,0,0,10,0,0,1,1,0,0
0,0,1,3,0,0,0,0,15,0,0,1,0,0,0
0,0,1,3,0,0,0,0,13,0,0,1,1,0,0
0,0,1,2,0,0,0,0,10,0,0,1,1,0,0
0,0,1,5,0,0,0,0,12,2,0,1,1,0,0
0,0,1,1,0,0,0,0,10,0,0,1,1,0,0
0,0,1,4,0,0,0,0,15,0,0,1,1,0,0
0,0,1,2,0,0,0,0,8,0,0,1,1,0,0
0,0,1,3,0,0,0,0,6,0,0,1,0,0,0
0,0,1,2,0,0,0,0,8,0,0,1,1,0,0
0,0,1,4,0,0,0,0,6,0,0,1,1,0,0
0,0,1,3,0,0,1,0,10,0,0,1,1,0,0
0,0,1,3,0,0,0,0,13,0,0,2,0,1,0
0,0,1,3,0,0,0,0,15,0,0,1,1,0,0
0,0,1,3,0,0,0,0,10,0,0,1,0,0,0
0,0,1,2,0,0,0,0,17,0,0,1,1,0,0
0,0,1,6,0,0,0,0,12,0,0,1,1,0,0
0,0,1,2,0,0,0,0,6,0,0,1,0,0,0
0,0,1,3,0,0,0,0,15,0,0,1,1,0,0
0,0,1,4,0,0,0,0,14,0,0,1,1,0,0
0,0,1,1,0,0,0,0,11,0,0,1,1,0,0
0,0,1,2,0,0,0,0,12,0,0,1,1,0,0
0,0,1,4,0,0,0,0,13,0,0,1,1,0,0
0,0,1,3,0,0,1,0,10,0,0,1,1,0,0
0,0,1,6,0,0,0,0,6,0,0,1,0,0,0
0,0,1,2,0,0,0,0,10,0,0,1,1,0,0
0,0,1,2,0,0,0,0,13,0,0,1,0,0,0
0,0,1,14,0,0,0,0,13,0,0,2,0,1,0
0,0,1,2,0,0,0,0,8,0,0,1,1,0,0
0,0,1,6,0,0,0,0,14,0,0,1,1,0,0
0,0,1,5,0,0,0,0,11,0,0,1,1,0,0
0,0,1,3,0,0,0,0,6,0,0,1,0,0,0
0,0,1,2,0,0,0,0,12,0,0,1,1,0,0
0,0,1,2,0,0,0,0,8,0,0,1,1,0,0
0,0,1,4,0,0,0,0,14,0,0,1,1,0,0
0,0,1,1,0,0,0,0,10,0,0,1,0,0,0
0,0,1,3,0,0,0,0,13,0,0,1,0,0,0
0,0,1,3,0,0,0,0,15,0,0,1,1,0,0
0,0,1,4,0,0,0,0,7,0,0,1,1,0,0
0,0,1,4,0,0,0,0,13,0,0,1,1,0,0
0,0,1,5,0,0,0,0,6,0,0,1,0,0,0
0,0,1,4,0,0,0,0,11,0,0,1,1,0,0
0,0,1,3,0,0,0,0,11,0,0,1,1,0,0
0,0,1,4,0,0,0,0,15,0,0,1,1,0,0
0,0,1,3,0,0,0,0,7,0,0,1,0,0,0
0,0,1,5,0,0,0,0,11,0,0,1,1,0,0
0,0,1,1,0,0,0,0,11,0,0,1,1,0,0
0,0,1,4,0,0,0,0,13,0,0,1,1,0,0
0,0,1,3,0,0,0,0,6,0,0,1,0,0,0
0,0,1,3,0,0,0,0,8,0,0,1,1,0,0
0,0,1,4,0,0,0,0,14,0,0,1,1,0,0
0,0,1,1,0,0,0,0,15,0,0,1,1,0,0
0,0,1,3,0,0,0,0,7,1,0,1,0,0,0
0,0,1,1,0,0,0,0,17,0,0,1,1,0,0
0,0,1,4,0,0,0,0,7,0,0,1,1,0,0
0,0,1,4,0,0,0,0,6,0,0,1,1,0,0
0,0,1,2,0,0,0,0,13,0,0,2,0,1,0
0,0,1,3,0,0,0,0,14,0,0,1,1,0,0
0,0,1,3,0,0,0,0,13,0,0,2,0,1,0
0,0,1,8,0,0,0,0,6,0,0,1,0,0,0
0,0,1,3,0,0,0,0,17,0,0,1,1,0,0
0,0,1,4,0,0,0,0,7,0,0,1,1,0,0
0,0,1,4,0,0,0,0,15,0,0,2,0,1,0
0,0,1,2,0,0,0,0,8,0,0,1,1,0,0
0,0,1,2,0,0,0,0,9,2,0,1,0,0,0
0,0,1,6,0,0,0,0,12,0,0,1,1,0,0
0,0,1,5,0,0,0,0,6,0,0,1,0,0,0
0,0,1,1,0,0,0,0,11,0,0,1,0,0,0
0,0,1,4,0,0,0,0,7,0,0,1,1,0,0
0,0,1,10,0,0,0,0,15,0,0,1,1,0,0
0,0,1,3,0,0,0,0,7,0,0,1,1,0,0
0,0,1,1,0,0,0,0,10,0,0,1,0,0,0
0,0,1,4,0,0,0,0,9,0,0,1,1,0,0
0,0,1,1,0,0,0,0,15,0,0,1,1,0,0
0,0,1,2,0,0,0,0,9,2,0,1,0,0,0
0,0,1,2,0,0,0,0,12,0,0,1,1,0,0
0,0,1,2,0,0,0,0,10,0,0,1,0,0,0
0,0,1,3,0,0,0,0,6,0,0,1,0,0,0
0,0,1,1,0,0,0,0,21,0,0,1,1,0,0
0,0,1,1,0,0,0,0,11,0,0,1,1,0,0
0,0,1,10,0,0,0,0,15,0,0,1,1,0,0
0,0,1,2,0,0,0,0,9,2,0,1,0,0,0
0,0,1,3,0,0,0,0,15,0,0,2,0,1,0
0,0,1,2,0,0,0,0,8,0,0,1,1,0,0
0,0,1,5,0,0,0,0,12,2,0,1,1,0,0
0,0,1,6,0,0,0,0,6,0,0,1,0,0,0
0,0,1,5,0,0,0,0,11,0,0,1,1,0,0
0,0,1,3,0,0,0,0,13,0,0,1,1,0,0
0,0,1,5,0,0,0,0,6,0,0,1,0,0,0
0,0,1,4,0,0,0,0,9,0,0,1,1,0,0
0,0,1,3,0,0,0,0,13,0,0,2,0,1,0
0,0,1,3,0,0,0,0,13,0,0,2,0,1,0
0,0,1,10,0,0,0,0,15,0,0,1,1,0,0
0,0,1,1,0,0,0,0,12,0,0,1,1,0,0
0,0,1,4,0,0,0,0,16,1,0,2,0,1,0
0,0,1,1,0,0,0,0,15,3,0,1,1,0,0
0,0,1,6,0,0,0,0,13,0,0,1,1,0,0
0,0,1,5,0,0,0,0,14,0,0,2,0,1,0
0,0,1,2,0,0,0,0,10,0,0,1,1,0,0
0,0,1,4,0,0,0,0,7,0,0,1,0,0,0
0,0,1,4,0,0,0,0,16,1,0,2,0,1,0
0,0,1,2,0,0,0,0,8,0,0,1,1,0,0
0,0,1,2,0,0,0,0,13,0,0,1,1,0,0
0,0,1,3,0,0,0,0,6,0,0,1,0,0,0
0,0,1,2,0,0,0,0,12,0,0,1,1,0,0
0,0,1,4,0,0,1,0,10,0,0,1,1,0,0
0,0,1,8,0,0,0,0,18,0,0,3,0,2,0
0,0,1,4,0,0,0,0,7,0,0,1,0,0,0
0,0,1,3,0,0,0,0,7,0,0,1,1,0,0
0,0,1,10,0,0,0,0,15,0,0,1,1,0,0
0,0,1,4,0,0,0,0,7,0,0,1,1,0,0
0,0,1,4,0,0,0,0,12,0,0,1,1,0,0
0,0,1,1,1,0,1,0,13,0,0,1,1,0,0
0,0,1,7,0,0,0,0,6,0,0,1,0,0,0
0,1,1,2,0,0,0,0,10,0,0,1,1,0,0
0,0,1,6,0,0,0,0,14,0,0,1,1,0,0
0,0,1,2,0,0,0,0,17,0,0,1,1,0,0
0,0,0,4,0,0,0,0,8,0,0,1,0,0,1
0,0,0,1,0,0,0,1,23,0,1,3,0,2,1
0,0,0,0,0,0,0,0,12,0,0,1,0,0,1
0,0,0,1,0,0,0,1,17,0,1,1,1,0,1
0,0,0,2,0,0,0,0,13,0,0,1,1,0,1
1,0,0,0,0,0,0,0,13,10,0,3,0,2,1
0,0,1,1,0,0,0,0,17,0,0,1,1,0,1
0,0,0,3,0,0,0,0,20,3,0,1,1,0,1
0,1,1,5,0,0,1,0,30,0,0,2,1,1,1
0,0,1,5,0,0,0,0,22,0,0,1,1,0,1
0,0,0,1,0,0,0,0,22,0,0,2,0,1,1
0,0,0,3,0,0,0,0,12,0,0,1,1,0,1
0,0,0,1,0,0,0,0,6,0,0,1,0,0,1
0,0,0,1,0,0,1,0,4,0,0,1,0,0,1
0,0,0,3,0,0,0,0,9,0,0,1,0,0,1
0,0,0,2,0,0,0,0,26,0,0,1,0,0,1
0,0,1,4,0,0,0,0,54,0,0,4,1,3,1
0,0,0,1,0,0,0,1,23,0,1,3,0,2,1
0,0,0,3,0,0,0,0,27,0,0,3,0,2,1
0,0,0,0,0,0,0,1,18,0,1,1,1,0,1
0,0,1,5,0,0,0,0,16,0,0,1,1,0,1
0,0,1,8,0,0,0,0,14,0,0,1,1,0,1
0,0,1,3,0,0,0,0,23,0,0,1,1,0,1
0,0,1,1,0,0,0,1,29,0,2,2,1,1,1
0,0,1,6,0,0,0,0,15,0,0,1,1,0,1
0,0,0,2,0,0,0,1,10,0,1,1,0,0,1
0,0,1,3,0,0,0,0,12,0,0,1,1,0,1
0,0,0,0,0,0,1,0,27,3,0,2,1,1,1
0,0,1,6,0,0,0,1,43,16,4,3,1,2,1
0,0,0,4,0,0,0,0,12,0,0,1,0,0,1
0,0,0,0,0,0,0,0,12,0,0,1,0,0,1
0,0,0,1,0,0,0,1,35,0,1,3,0,2,1
0,0,0,2,0,0,0,0,18,0,0,2,1,1,1
0,0,0,1,0,0,0,0,17,0,0,2,1,1,1
0,0,1,6,0,0,0,0,12,3,0,1,1,0,1
0,0,1,2,0,0,1,0,15,0,0,1,1,0,1
0,0,1,4,1,0,0,1,13,0,1,1,1,0,1
0,0,0,1,0,0,0,0,23,2,0,1,1,0,1
0,1,1,2,0,0,1,0,18,0,0,2,1,1,1
0,0,1,5,0,0,0,0,18,0,0,1,0,0,1
0,0,1,5,0,0,0,0,18,0,0,1,1,0,1
0,0,0,1,0,0,0,0,12,0,0,1,1,0,1
0,0,1,2,1,0,0,0,13,0,0,1,1,0,1
0,0,0,2,0,0,0,0,11,0,0,1,1,0,1
0,0,1,2,0,0,1,0,11,0,0,1,1,0,1
0,0,0,2,0,0,0,0,11,0,0,1,1,0,1
0,0,1,5,0,0,0,0,15,0,0,2,1,1,1
0,0,1,4,0,0,1,0,22,0,0,1,1,0,1
0,0,1,3,0,0,0,0,24,1,0,3,0,2,1
0,1,1,8,0,0,0,0,24,0,0,1,1,0,1
0,0,1,2,0,0,0,0,16,0,0,2,1,1,1
0,0,1,3,0,0,0,0,16,0,0,2,1,1,1
0,0,1,2,0,0,1,0,19,0,0,1,1,0,1
0,0,0,1,0,0,0,0,15,0,0,1,0,0,1
0,0,1,2,0,0,0,0,18,3,0,1,1,0,1
0,0,0,1,0,0,0,0,17,0,0,1,0,0,1
0,0,1,8,0,0,0,0,11,0,0,2,0,1,1
0,0,0,3,0,0,0,0,16,0,0,2,1,1,1
0,0,0,1,0,0,0,0,15,0,0,1,1,0,1
0,0,0,3,0,0,0,0,18,0,0,1,1,0,1
0,0,0,1,0,0,0,0,18,0,0,1,1,0,1
0,0,1,5,0,0,0,0,15,0,0,2,1,1,1
0,0,1,5,0,0,0,0,15,0,0,2,1,1,1
0,0,1,2,0,0,0,0,34,1,0,4,1,3,1
0,0,1,4,0,0,0,0,17,0,0,1,1,0,1
0,0,1,7,0,0,0,0,13,0,0,1,1,0,1
0,0,1,6,0,0,0,0,31,0,0,2,1,1,1
0,0,1,2,0,0,0,1,14,0,1,1,1,0,1
0,0,1,0,0,0,0,1,68,11,3,7,1,6,1
0,0,0,1,0,0,0,0,24,0,0,2,1,1,1
0,0,0,0,0,0,0,0,20,0,0,1,0,0,1
0,0,0,1,0,0,0,0,8,1,0,1,1,0,1
0,0,1,6,0,0,0,0,13,0,0,1,1,0,1
0,0,0,2,0,0,0,0,16,0,0,2,0,1,1
0,0,0,1,0,0,0,0,10,0,0,1,0,0,1
0,0,1,2,0,0,0,0,33,2,0,2,0,1,1
0,0,1,1,0,0,0,0,29,0,0,2,0,1,1
0,0,1,7,0,0,0,0,13,0,0,1,1,0,1
0,0,0,5,0,0,0,0,14,0,0,1,1,0,1
0,0,0,1,0,0,0,0,13,0,0,2,0,1,1
0,0,1,7,0,0,1,1,31,0,1,2,1,1,1
0,0,1,4,0,0,0,0,25,0,0,1,1,0,1
0,0,1,5,0,0,0,0,16,0,0,1,1,0,1
0,0,0,3,0,0,0,0,16,0,0,1,1,0,1
0,0,1,7,0,0,0,0,27,0,0,1,1,0,1
0,0,1,3,0,0,0,0,20,0,0,1,1,0,1
0,0,1,5,0,0,0,0,17,0,0,1,1,0,1
0,0,0,2,0,0,0,0,16,0,0,1,1,0,1
0,0,0,0,0,0,1,0,16,0,0,3,1,2,1
0,0,1,6,0,0,0,0,11,0,0,1,1,0,1
0,0,1,4,0,0,0,0,20,0,0,2,0,1,1
0,0,1,6,0,0,0,0,31,0,0,2,1,1,1
0,0,1,5,0,0,0,0,15,0,0,2,1,1,1
0,0,0,0,0,0,1,1,25,0,1,2,1,1,1
0,0,0,0,0,0,0,1,26,0,2,1,1,0,1
0,0,0,3,0,0,0,0,10,0,0,1,1,0,1
0,0,0,1,0,0,0,0,16,0,0,1,0,0,1
0,0,1,3,0,0,0,0,20,0,0,2,0,1,1
0,0,1,5,0,0,0,0,19,0,0,1,1,0,1
0,0,0,3,0,0,0,0,15,0,0,2,0,1,1
0,0,0,1,0,0,0,0,14,0,0,1,0,0,1
0,1,1,3,0,0,0,0,18,0,0,1,0,0,1
0,0,0,2,0,0,0,0,19,0,0,1,1,0,1
0,1,0,1,0,0,1,0,18,0,0,1,1,0,1
1,0,0,1,0,0,0,0,13,10,0,3,0,2,1
0,0,0,0,0,0,0,0,18,2,0,2,0,1,1
0,0,0,1,0,0,1,0,4,0,0,1,1,0,1
0,0,0,1,0,0,0,0,22,0,0,1,1,0,1
0,0,0,2,0,0,0,0,23,0,0,1,1,0,1
0,0,0,2,0,0,0,0,28,0,0,2,1,1,1
0,0,0,2,0,0,0,0,10,0,0,1,1,0,1
0,0,0,0,0,0,0,0,31,0,0,2,1,1,1
0,0,1,6,0,0,0,0,17,0,0,1,1,0,1
0,0,1,6,0,0,0,0,16,0,0,1,1,0,1
0,0,0,0,0,0,0,0,31,3,0,2,1,1,1
0,0,1,5,0,0,0,0,15,0,0,2,1,1,1
0,0,1,1,0,0,0,0,45,1,0,5,1,4,1
0,0,0,4,0,0,0,0,14,0,0,2,0,1,1
0,0,0,1,0,0,0,1,19,0,1,1,1,0,1
0,0,0,0,0,0,0,0,19,0,0,1,1,0,1
0,0,1,6,0,0,0,0,22,2,0,2,0,1,1
0,0,0,3,0,0,0,0,16,0,0,1,1,0,1
0,1,1,4,0,0,0,0,19,0,0,1,0,0,1
0,0,1,2,0,0,1,0,24,0,0,1,1,0,1
0,0,1,5,0,0,0,1,26,0,1,2,1,1,1
0,0,1,2,0,0,0,0,16,0,0,1,0,0,1
0,1,0,0,0,0,0,0,20,0,0,2,0,1,1
0,0,0,0,0,0,0,1,19,0,1,1,1,0,1
0,0,0,2,0,0,0,0,16,0,0,1,1,0,1
0,0,0,1,0,0,0,0,4,0,0,1,0,0,1
0,0,1,6,0,0,0,0,19,0,0,1,1,0,1
0,0,1,4,0,0,0,0,7,0,0,1,1,0,1
0,0,1,6,0,0,0,0,17,0,0,1,1,0,1
0,0,1,2,0,0,0,1,32,5,4,2,0,1,1
0,0,1,1,0,0,0,1,46,0,3,2,1,1,1
0,0,0,1,0,0,0,0,10,0,0,1,0,0,1
0,1,1,2,0,0,1,0,18,0,0,1,1,0,1
0,0,1,5,0,0,0,1,14,0,1,1,0,0,1
0,0,1,5,0,0,0,0,24,0,0,2,0,1,1
0,0,1,4,0,0,0,0,17,0,0,2,0,1,1
0,0,1,5,0,0,0,0,22,0,0,1,1,0,1
0,0,0,1,0,0,0,0,19,1,0,2,1,1,1
0,0,1,5,0,0,1,1,27,0,1,2,1,1,1
0,0,0,1,0,0,0,1,17,0,1,1,1,0,1
0,0,1,2,0,0,0,0,16,0,0,2,1,1,1
0,0,0,1,0,0,1,0,6,0,0,1,0,0,1
0,0,0,1,0,0,0,1,14,1,1,1,1,0,1
0,0,1,5,0,0,0,0,15,0,0,2,1,1,1
0,0,1,4,0,0,0,0,15,0,0,1,1,0,1
0,0,0,1,0,0,0,0,20,0,0,1,1,0,1
0,0,1,2,0,0,0,1,34,0,1,2,1,1,1
0,0,0,1,0,0,0,0,9,0,0,1,0,0,1
0,0,0,3,0,0,0,0,21,3,0,2,1,1,1
0,0,0,1,0,0,0,0,20,0,0,1,1,0,1
0,0,0,1,0,0,0,0,25,1,0,2,1,1,1
0,1,1,0,0,0,0,0,25,0,0,1,1,0,1
0,0,0,2,0,0,0,0,17,0,0,1,1,0,1
0,0,1,5,0,0,0,0,15,0,0,2,1,1,1
0,0,0,3,0,0,0,0,16,0,0,1,1,0,1
0,0,0,1,0,0,0,0,22,0,0,1,1,0,1
0,0,0,3,0,0,0,0,20,3,0,1,1,0,1
0,0,0,0,0,0,0,0,17,0,0,2,0,1,1
0,0,1,5,0,0,0,0,19,0,0,2,0,1,1
0,0,1,2,0,0,0,0,20,0,0,1,0,0,1
0,0,1,6,0,0,0,0,17,0,0,1,1,0,1
0,0,1,5,0,0,0,0,15,0,0,2,1,1,1
0,0,1,5,0,0,0,0,13,0,0,1,1,0,1
0,0,0,1,0,0,0,0,12,0,0,1,1,0,1
0,0,0,1,0,0,1,0,6,0,0,1,0,0,1
0,0,1,1,1,0,0,0,7,0,0,1,0,0,1
0,0,1,6,0,0,1,0,15,0,0,1,1,0,1
0,0,0,0,0,0,0,1,26,0,1,2,1,1,1
0,0,1,9,0,0,0,0,21,0,0,1,1,0,1
0,0,0,1,0,0,0,0,16,2,0,2,0,1,1
0,0,1,6,0,0,0,0,18,0,0,1,1,0,1
0,0,0,1,0,0,0,0,12,0,0,1,1,0,1
0,0,1,6,0,0,0,0,19,0,0,1,0,0,1
0,0,1,5,0,0,0,0,9,0,0,1,0,0,1
0,0,1,4,0,0,0,0,19,1,0,3,0,2,1
0,1,1,6,0,0,0,0,11,0,0,1,1,0,1
0,0,1,4,0,0,0,0,16,0,0,1,1,0,1
0,0,1,5,0,0,0,1,14,0,2,1,0,0,1
0,0,1,8,0,0,0,0,10,0,0,2,0,1,1
0,0,1,7,0,0,0,0,7,0,0,1,0,0,1
0,0,1,2,0,0,0,0,11,0,0,1,1,0,1
0,0,1,5,0,0,1,1,33,7,1,2,1,1,1
0,0,1,4,1,0,0,0,15,0,0,1,1,0,1
0,0,0,0,0,0,0,0,24,0,0,2,0,1,1
0,0,0,2,0,0,0,0,15,0,0,1,1,0,1
0,0,0,1,0,0,0,0,14,0,0,1,0,0,1
0,0,1,2,0,0,0,0,28,0,0,1,1,0,1
0,0,1,3,0,0,0,0,18,0,0,1,0,0,1
0,1,1,1,0,0,1,0,26,3,0,4,1,3,1
0,0,1,3,0,0,0,0,19,0,0,1,0,0,1
0,0,0,3,0,0,0,0,21,0,0,1,1,0,1
0,0,0,1,0,0,0,0,4,0,0,1,0,0,1
0,0,1,5,0,0,0,0,18,0,0,1,1,0,1
0,0,0,1,0,0,0,0,18,0,0,1,1,0,1
0,0,1,4,0,0,0,0,15,0,0,2,0,1,1
0,0,1,4,0,0,0,0,20,4,0,2,0,1,1
0,0,0,2,0,0,0,0,17,0,0,1,1,0,1
0,0,1,7,0,0,0,0,21,0,0,2,0,1,1
0,0,1,6,0,0,0,0,20,0,0,1,1,0,1
0,0,1,3,0,0,0,0,29,0,0,1,1,0,1
0,0,1,4,0,0,0,0,20,0,0,1,1,0,1
0,0,1,4,0,0,0,0,18,0,0,2,0,1,1
0,0,1,5,0,0,1,1,33,0,1,2,1,1,1
0,0,0,3,0,0,0,0,20,0,0,1,1,0,1
0,0,0,1,0,0,0,0,12,0,0,1,1,0,1
0,0,1,2,0,0,1,0,15,0,0,1,1,0,1
0,0,1,7,0,0,0,1,23,0,1,1,1,0,1
0,0,1,3,0,0,1,0,20,0,0,2,1,1,1
0,0,1,5,0,0,0,0,15,0,0,2,1,1,1
0,0,1,4,0,0,1,0,14,0,0,1,1,0,1
0,0,1,4,0,0,0,0,26,0,0,1,1,0,1
0,0,1,6,0,0,0,0,14,0,0,3,0,2,1
0,0,0,1,0,0,0,1,24,0,1,1,0,0,1
0,0,0,4,0,0,0,0,14,0,0,1,0,0,1
0,0,0,1,0,0,0,0,14,1,0,2,0,1,1
0,0,1,9,0,0,0,0,13,0,0,1,1,0,1
0,0,1,5,0,0,0,0,22,0,0,1,1,0,1
0,0,1,1,0,0,0,1,61,22,4,2,1,1,1
0,0,0,2,0,0,1,0,12,0,0,1,1,0,1
0,0,1,3,0,0,0,0,15,0,0,1,1,0,1
0,0,0,0,0,0,1,0,31,0,0,4,0,3,1
0,0,1,3,0,0,0,0,18,0,0,1,1,0,1
0,0,1,4,0,0,0,0,20,0,0,1,1,0,1
0,0,0,0,0,0,0,1,24,0,1,3,0,2,1
0,0,0,4,0,0,0,0,21,0,0,1,1,0,1
0,0,0,0,0,0,0,1,31,0,1,3,1,2,1
0,0,0,2,0,0,0,0,11,0,0,1,1,0,1
0,0,1,5,0,0,0,0,19,7,0,2,1,1,1
0,0,0,1,0,0,0,0,13,0,0,1,1,0,1
0,0,1,2,0,0,0,0,42,0,0,3,0,2,1
0,0,0,1,0,0,0,0,29,6,0,2,1,1,1
0,0,1,5,0,0,0,0,34,0,0,1,1,0,1
0,0,0,1,0,0,0,0,24,3,0,2,1,1,1
0,0,0,3,0,0,0,0,17,0,0,1,1,0,1
0,1,1,5,0,0,1,0,30,0,0,2,1,1,1
0,0,0,3,0,0,1,0,16,0,0,2,0,1,1
0,0,1,7,0,0,0,0,15,0,0,1,1,0,1
0,0,1,5,0,0,0,0,19,0,0,2,0,1,1
0,0,0,0,0,0,0,1,24,0,1,1,1,0,1
0,0,0,0,0,0,1,0,14,0,0,1,1,0,1
0,0,1,4,0,0,0,0,29,0,0,2,1,1,1
0,0,0,1,0,0,0,0,14,2,0,2,0,1,1
0,0,0,2,0,0,0,0,9,0,0,1,1,0,1
0,0,1,4,0,0,0,0,21,0,0,1,1,0,1
0,0,1,3,0,0,0,0,10,0,0,1,1,0,1
0,0,0,2,0,0,1,0,15,1,0,1,1,0,1
0,0,0,1,0,0,1,0,16,0,0,1,1,0,1
0,0,0,2,0,0,0,0,18,0,0,1,1,0,1
0,0,0,3,0,0,0,0,21,0,0,2,1,1,1
0,0,0,2,0,0,0,0,16,1,0,1,1,0,1
0,0,0,1,0,0,0,1,7,0,1,1,0,0,1
0,0,1,3,0,0,0,0,20,0,0,1,1,0,1
0,0,0,0,0,0,0,0,9,3,0,1,1,0,1
0,0,0,0,0,0,0,0,19,0,0,1,1,0,1
0,0,0,2,0,0,0,1,14,0,1,1,1,0,1
0,0,1,4,0,0,0,0,21,0,0,1,1,0,1
0,0,0,4,0,0,0,0,11,0,0,1,1,0,1
0,0,1,2,0,0,0,1,35,0,2,3,1,2,1
0,0,1,6,0,0,0,0,19,0,0,1,1,0,1
0,1,1,3,0,0,0,1,26,0,1,3,1,2,1
0,0,1,2,0,0,0,0,20,0,0,1,1,0,1
0,0,1,5,0,0,0,0,14,0,0,1,1,0,1
0,0,0,2,0,0,0,0,10,0,0,1,1,0,1
0,0,0,0,0,0,0,1,16,0,1,1,1,0,1
0,0,0,4,0,0,0,0,17,0,0,1,1,0,1
0,0,1,3,0,0,0,0,34,3,0,2,0,1,1
0,0,1,4,0,0,0,0,11,0,0,1,0,0,1
0,0,0,3,0,0,0,0,9,1,0,1,0,0,1
0,0,0,1,0,0,0,0,23,0,0,1,1,0,1
0,0,1,4,0,0,0,0,14,0,0,1,0,0,1
0,0,1,5,0,0,1,1,32,0,1,2,1,1,1
0,0,0,2,0,0,0,0,17,3,0,1,0,0,1
0,0,0,0,0,0,0,0,20,0,0,2,0,1,1
0,0,1,1,0,0,0,0,32,6,0,2,1,1,1
0,0,0,1,0,0,0,0,29,1,0,6,0,5,1
0,0,0,0,0,0,0,0,24,0,0,2,1,1,1
0,0,0,4,0,0,0,0,10,0,0,2,0,1,1
0,1,1,3,0,0,0,0,12,0,0,1,1,0,1
0,0,1,6,0,0,0,0,13,0,0,1,1,0,1
0,0,0,2,0,0,0,0,13,0,0,1,1,0,1
0,1,1,2,0,0,0,0,13,0,0,1,1,0,1
0,0,0,2,0,0,0,0,28,0,0,1,1,0,1
0,0,0,4,0,0,0,0,15,0,0,1,1,0,1
0,0,0,0,0,0,0,0,14,0,0,1,1,0,1
0,0,0,1,0,0,0,0,11,3,0,1,1,0,1
0,0,1,4,0,0,0,0,13,0,0,2,0,1,1
1,0,0,1,0,0,0,0,15,12,0,3,0,2,1
0,0,0,3,0,0,0,0,16,0,0,1,1,0,1
0,0,0,1,0,0,0,1,29,3,1,2,1,1,1
0,0,0,3,0,0,0,0,12,0,0,1,1,0,1
0,0,0,0,0,0,0,1,35,0,1,1,1,0,1
0,0,0,0,0,0,0,0,25,0,0,1,1,0,1
0,0,0,1,0,0,1,0,6,0,0,1,0,0,1
0,0,1,8,0,0,0,0,14,0,0,1,1,0,1
0,0,1,2,0,0,1,0,15,0,0,1,1,0,1
0,0,1,13,0,0,0,0,34,3,0,4,1,3,1
0,0,0,2,0,0,0,0,21,0,0,1,1,0,1
1,0,0,3,0,0,0,0,14,11,0,3,0,2,1
0,0,0,3,0,0,0,0,16,0,0,1,1,0,1
0,0,0,2,0,0,0,0,12,0,0,1,1,0,1
0,0,1,11,0,0,0,0,19,0,0,1,1,0,1
0,1,1,2,0,0,0,0,12,0,0,2,0,1,1
0,0,1,2,0,0,0,0,22,0,0,2,1,1,1
0,0,0,1,0,0,0,0,14,2,0,2,0,1,1
0,0,0,1,0,0,0,0,19,0,0,1,1,0,1
0,0,1,11,0,0,0,0,15,0,0,1,1,0,1
0,0,0,1,0,0,0,0,20,0,0,1,0,0,1
0,0,0,2,0,0,0,0,13,0,0,1,1,0,1
0,0,0,2,0,0,0,0,26,0,0,2,0,1,1
0,0,1,5,0,0,0,0,14,2,0,1,1,0,1
0,1,1,1,0,0,0,1,18,0,1,1,1,0,1
0,0,0,0,0,0,0,0,16,1,0,2,1,1,1
0,0,1,4,0,0,0,0,16,0,0,1,0,0,1
0,0,1,8,0,0,0,0,22,0,0,1,1,0,1
0,0,1,5,0,0,0,1,7,0,1,1,0,0,1
0,0,0,4,0,0,0,1,19,0,1,1,0,0,1
0,0,1,5,0,0,0,0,15,0,0,2,1,1,1
0,0,1,5,0,0,1,1,28,0,1,2,1,1,1
0,0,0,1,0,0,0,0,19,0,0,1,1,0,1
0,0,0,1,0,0,0,0,8,0,0,1,0,0,1
0,0,1,4,0,0,0,0,26,0,0,1,1,0,1
0,0,1,6,0,0,1,0,17,0,0,2,1,1,1
0,0,0,0,0,0,0,0,20,0,0,2,1,1,1
0,0,1,5,0,0,0,0,18,0,0,1,1,0,1
0,0,0,2,0,0,0,0,14,0,0,2,0,1,1
0,0,1,6,0,0,0,0,11,0,0,1,1,0,1
0,0,0,1,0,0,0,0,22,0,0,1,1,0,1
0,0,1,6,0,0,0,0,13,0,0,1,1,0,1
0,0,0,2,0,0,0,0,26,0,0,2,0,1,1
0,0,0,2,0,0,0,0,22,0,0,1,0,0,1
0,0,0,1,0,0,0,0,25,2,0,2,1,1,1
0,0,1,6,0,0,0,0,19,1,0,1,1,0,1
0,0,1,3,0,0,0,0,17,0,0,2,0,1,1
0,0,0,0,0,0,0,0,14,0,0,1,0,0,1
0,0,0,1,0,0,0,1,17,0,1,1,1,0,1
0,0,1,2,0,0,0,0,21,0,0,1,1,0,1
0,0,0,3,0,0,0,0,15,0,0,1,0,0,1
0,0,1,4,0,0,1,0,24,2,0,2,1,1,1
0,0,1,6,0,0,0,0,13,0,0,1,1,0,1
0,0,0,1,0,0,0,0,23,0,0,1,1,0,1
0,0,0,3,0,0,0,0,21,0,0,1,1,0,1
0,0,0,2,0,0,0,0,15,0,0,1,1,0,1
0,0,0,2,0,0,0,0,20,0,0,2,0,1,1
0,0,0,1,0,0,0,0,26,0,0,1,1,0,1
0,0,1,5,0,0,0,0,15,0,0,2,1,1,1
0,0,0,3,0,0,0,0,8,0,0,1,0,0,1
0,0,1,7,0,0,0,0,21,0,0,1,1,0,1
0,0,1,2,0,0,0,0,19,0,0,1,1,0,1
0,0,1,2,0,0,1,0,15,0,0,1,1,0,1
0,0,1,2,0,0,0,1,14,0,1,1,1,0,1
0,0,0,2,0,0,0,0,18,0,0,1,1,0,1
0,0,0,2,0,0,0,0,12,3,0,1,1,0,1
0,0,0,3,0,0,0,0,16,0,0,1,1,0,1
0,0,0,2,0,0,0,0,12,0,0,1,1,0,1
0,0,1,3,0,0,0,0,16,0,0,1,1,0,1
0,0,1,7,0,0,0,0,19,1,0,2,0,1,1
0,0,0,4,0,0,0,0,8,0,0,1,0,0,1
0,0,1,4,0,0,0,0,17,0,0,1,1,0,1
0,0,1,5,0,0,0,0,16,0,0,2,0,1,1
0,0,0,3,0,0,0,0,17,0,0,1,1,0,1
0,0,1,10,0,0,0,0,19,0,0,1,1,0,1
0,0,0,1,0,0,0,0,20,0,0,1,1,0,1
0,0,1,1,0,0,0,0,16,0,0,2,0,1,1
0,0,0,3,0,0,0,0,18,0,0,1,1,0,1
0,0,0,2,0,0,0,0,20,0,0,2,0,1,1
0,0,0,0,0,0,0,0,16,0,0,1,1,0,1
0,0,1,4,0,0,0,1,36,3,1,2,1,1,1
0,0,1,5,0,0,0,0,15,0,0,2,1,1,1
0,0,0,3,0,0,0,0,20,0,0,1,1,0,1
0,0,1,3,0,0,0,0,21,0,0,1,1,0,1
0,0,0,0,0,0,0,0,18,1,0,2,0,1,1
0,0,0,3,0,0,0,0,13,0,0,2,0,1,1
0,0,0,0,0,0,0,1,23,0,1,1,0,0,1
0,0,1,2,0,0,0,1,26,0,1,3,0,2,1
0,0,1,2,0,0,0,0,20,0,0,1,0,0,1
0,0,0,1,0,0,0,0,14,0,0,1,1,0,1
0,0,0,1,0,0,0,0,14,3,0,1,0,0,1
0,0,0,1,0,0,0,0,4,1,0,1,0,0,1
0,0,0,0,0,0,0,1,37,3,1,2,1,1,1
0,0,1,1,0,0,0,0,17,0,0,2,1,1,1
0,0,0,2,0,0,0,0,20,0,0,1,1,0,1
0,0,1,2,0,0,0,0,15,0,0,1,1,0,1
0,0,1,3,0,0,0,1,21,0,1,1,0,0,1
0,0,1,0,0,0,0,1,53,0,3,4,0,3,1
0,0,1,6,0,0,0,0,13,0,0,1,0,0,1
0,0,1,7,0,0,0,0,9,0,0,1,1,0,1
0,0,1,12,0,0,1,0,21,0,0,2,1,1,1
0,0,0,3,0,0,0,0,16,0,0,1,1,0,1
0,0,1,4,0,0,0,0,12,0,0,1,1,0,1
0,0,0,1,0,0,0,1,16,0,1,1,1,0,1
0,0,0,1,0,0,0,0,16,0,0,1,1,0,1
0,0,0,2,0,0,0,0,10,0,0,1,1,0,1
0,0,1,0,0,0,0,0,17,5,0,2,0,1,1
0,0,1,2,0,0,0,0,28,0,0,1,1,0,1
0,0,0,4,0,0,1,0,11,0,0,1,1,0,1
0,0,0,2,0,0,1,0,16,0,0,2,0,1,1
0,0,0,1,0,0,0,0,13,0,0,2,0,1,1
0,0,1,6,0,0,0,1,16,0,1,2,0,1,1
0,0,0,1,0,0,0,1,14,0,1,1,1,0,1
0,0,1,3,0,0,0,0,19,0,0,1,1,0,1
0,0,1,4,0,0,0,0,17,0,0,1,1,0,1
0,0,0,2,0,0,0,0,10,2,0,1,1,0,1
0,0,0,3,0,0,0,0,12,0,0,1,1,0,1
0,1,1,2,0,0,0,0,18,0,0,2,0,1,1
0,0,1,4,0,0,0,1,25,0,1,1,0,0,1
0,0,0,3,0,0,0,0,18,0,0,1,0,0,1
0,0,0,0,0,0,1,1,31,0,1,2,1,1,1
0,0,1,2,0,0,0,1,31,0,2,1,1,0,1
0,0,1,7,0,0,0,0,17,0,0,1,1,0,1
0,0,1,6,0,0,0,0,12,0,0,1,0,0,1
0,0,0,4,0,0,0,0,19,0,0,1,1,0,1
0,0,0,3,0,0,0,0,12,0,0,1,0,0,1
0,0,0,0,0,0,0,0,17,1,0,2,0,1,1
1,0,0,2,0,0,0,0,13,10,0,3,0,2,1
0,0,0,1,0,0,0,0,6,0,0,1,0,0,1
0,0,1,5,0,0,1,1,32,0,1,2,1,1,1
0,0,1,4,0,0,0,0,18,0,0,1,1,0,1
0,0,1,7,0,0,0,0,20,0,0,1,1,0,1
0,0,1,0,0,0,0,0,16,0,0,3,0,2,1
0,0,0,1,0,0,0,0,20,0,0,2,0,1,1
0,0,1,3,0,0,0,0,17,0,0,1,0,0,1
0,0,0,1,0,0,0,0,11,0,0,1,1,0,1
0,0,1,6,0,0,0,0,11,0,0,1,1,0,1
0,0,0,0,0,0,0,1,32,0,2,2,1,1,1
0,0,1,2,0,0,0,0,16,0,0,2,0,1,1
0,0,1,4,0,0,0,0,13,0,0,1,1,0,1
0,0,0,1,0,0,1,0,28,0,0,4,1,3,1
0,0,0,0,0,0,0,1,15,0,1,1,0,0,1
0,0,0,1,0,0,0,0,13,0,0,1,1,0,1
0,0,1,8,0,0,0,0,8,1,0,1,1,0,1
0,0,0,2,0,0,0,0,28,3,0,2,1,1,1
0,0,1,1,0,0,0,1,45,9,1,5,0,4,1
0,0,1,4,0,0,0,0,11,0,0,1,1,0,1
0,0,1,2,0,0,0,1,25,0,1,2,1,1,1
0,0,1,1,0,0,0,0,44,0,0,4,0,3,1
0,0,1,2,1,0,0,0,13,0,0,1,1,0,1
0,0,1,4,0,0,0,0,17,0,0,1,1,0,1
0,0,1,3,0,0,0,0,10,0,0,1,0,0,1
0,1,1,5,0,0,0,0,15,0,0,2,0,1,1
0,0,1,2,0,0,0,1,35,9,1,3,1,2,1
0,0,1,5,0,0,1,1,34,0,1,2,1,1,1
0,1,1,4,0,0,0,0,15,0,0,1,1,0,1
0,0,0,0,0,0,0,0,24,0,0,1,1,0,1
0,0,1,4,0,0,0,0,18,0,0,1,1,0,1
0,0,1,3,0,0,0,0,10,0,0,1,0,0,1
0,0,1,5,0,0,0,0,9,0,0,1,1,0,1
0,0,0,1,0,0,1,0,4,0,0,1,1,0,1
0,0,1,5,0,0,0,1,14,0,1,1,0,0,1
0,0,1,7,0,0,0,0,14,0,0,2,0,1,1
0,0,0,0,0,0,0,0,20,0,0,1,1,0,1
0,0,1,5,0,0,0,0,22,0,0,1,1,0,1
0,0,0,0,0,0,0,1,29,0,2,1,1,0,1
0,0,1,1,0,0,1,0,15,1,0,2,1,1,1
0,0,0,0,0,0,0,0,11,0,0,1,1,0,1
0,0,1,2,0,0,1,0,15,0,0,1,1,0,1
0,0,0,0,0,0,0,0,9,0,0,1,0,0,1
0,0,1,5,0,0,0,0,19,7,0,2,1,1,1
0,0,0,1,0,0,0,0,9,0,0,1,0,0,1
0,0,1,5,0,0,0,0,22,0,0,1,1,0,1
0,0,0,0,0,0,0,0,20,0,0,1,1,0,1
0,0,1,3,0,0,0,0,20,0,0,1,1,0,1
0,0,1,4,0,0,0,0,21,0,0,2,0,1,1
0,0,0,0,0,0,0,0,17,0,0,1,1,0,1
0,0,1,7,0,0,0,0,17,0,0,1,0,0,1
0,0,1,4,0,0,1,0,12,0,0,1,1,0,1
0,0,0,3,0,0,0,0,14,0,0,1,1,0,1
0,0,0,1,0,0,0,0,13,0,0,1,1,0,1
0,0,1,4,0,0,0,0,12,0,0,1,1,0,1
0,0,0,3,0,0,0,0,16,0,0,1,0,0,1
0,0,1,2,0,0,0,0,16,0,0,1,1,0,1
0,0,1,5,0,0,0,1,20,0,1,1,1,0,1
0,0,1,8,0,0,0,0,16,0,0,1,1,0,1
0,0,1,2,0,0,0,1,26,0,4,1,1,0,1
0,0,0,1,0,0,0,0,11,0,0,1,0,0,1
0,0,0,0,0,0,0,0,23,0,0,3,0,2,1
0,0,1,5,0,0,0,0,15,0,0,2,1,1,1
0,0,1,4,0,0,1,0,15,0,0,2,0,1,1
0,0,0,2,0,0,0,0,15,0,0,1,1,0,1
0,0,0,3,0,0,0,0,20,0,0,1,1,0,1
0,1,1,3,0,0,1,0,22,0,0,2,1,1,1
0,0,0,1,0,0,0,0,19,0,0,2,0,1,1
0,0,0,0,0,0,1,0,22,1,0,2,1,1,1
0,0,1,3,0,0,0,0,16,0,0,1,1,0,1
0,0,1,0,0,0,0,1,76,23,2,5,0,4,1
0,0,1,5,0,0,0,0,22,0,0,1,1,0,1
0,0,1,0,0,0,0,0,7,0,0,1,0,0,1
0,0,1,3,0,0,0,0,15,2,0,1,1,0,1
0,1,1,7,0,0,0,0,17,0,0,1,0,0,1
0,0,0,3,0,0,0,0,10,2,0,1,1,0,1
0,0,1,5,0,0,0,0,18,0,0,1,1,0,1
0,0,1,11,0,0,0,0,7,0,0,1,0,0,1
0,0,1,2,0,0,1,0,15,0,0,1,1,0,1
0,0,1,4,0,0,0,0,19,0,0,2,0,1,1
0,0,0,2,0,0,0,1,16,0,1,1,1,0,1
0,0,1,4,0,0,0,0,21,0,0,1,1,0,1
0,0,0,1,0,0,0,0,18,0,0,1,1,0,1
0,0,0,2,0,0,0,0,12,0,0,1,1,0,1
0,0,1,6,0,0,0,0,20,0,0,2,0,1,1
0,0,0,0,0,0,0,1,19,0,1,1,1,0,1
0,0,1,5,0,0,0,0,11,0,0,1,1,0,1
0,0,1,6,0,0,0,0,15,0,0,1,1,0,1
0,0,0,1,0,0,0,0,12,0,0,1,1,0,1
0,0,1,6,0,0,0,0,12,0,0,1,1,0,1
0,0,0,0,0,0,0,0,12,0,0,2,0,1,1
0,0,1,3,0,0,0,0,17,0,0,2,0,1,1
0,0,1,5,0,0,0,0,35,2,0,2,1,1,1
0,0,0,1,0,0,0,0,26,0,0,2,1,1,1
0,0,0,1,0,0,0,0,4,0,0,1,0,0,1
0,0,0,1,0,0,0,0,23,0,0,2,0,1,1
0,0,1,3,0,0,0,0,20,0,0,1,1,0,1
0,0,0,1,0,0,0,0,19,0,0,1,1,0,1
0,0,0,2,0,0,0,0,8,0,0,1,1,0,1
0,0,1,2,0,0,0,0,18,0,0,2,1,1,1
0,0,0,2,0,0,0,0,22,0,0,1,1,0,1
0,0,0,3,0,0,0,1,20,0,1,1,1,0,1
0,0,0,2,0,0,0,0,22,0,0,2,0,1,1
0,0,0,1,0,0,0,0,7,0,0,1,0,0,1
0,0,0,2,0,0,0,0,15,0,0,1,1,0,1
0,0,1,5,0,0,0,0,15,0,0,2,1,1,1
0,0,0,0,0,0,0,0,13,0,0,1,1,0,1
0,0,0,3,0,0,0,0,14,0,0,1,1,0,1
0,0,1,2,0,0,1,0,15,0,0,1,1,0,1
0,0,0,2,0,0,0,0,28,0,0,1,1,0,1
0,0,1,2,0,0,0,0,21,0,0,2,0,1,1
0,0,0,1,0,0,0,1,13,0,1,1,1,0,1
0,0,0,2,0,0,0,0,10,0,0,1,1,0,1
0,0,1,0,0,0,0,0,48,3,0,4,0,3,1
0,0,0,0,0,0,0,0,12,0,0,1,1,0,1
0,0,1,6,0,0,0,0,11,0,0,1,1,0,1
0,0,1,5,0,0,0,0,17,0,0,1,1,0,1
0,0,0,1,0,0,1,0,25,0,0,4,1,3,1
0,0,1,5,0,0,0,0,19,0,0,1,1,0,1
0,0,0,0,0,0,0,1,28,0,1,3,0,2,1
0,0,0,1,0,0,0,0,14,9,0,1,0,0,1
0,0,1,3,0,0,0,0,14,0,0,2,0,1,1
0,0,1,6,0,0,1,0,8,1,0,1,1,0,1
0,0,0,3,0,0,0,0,28,9,0,4,0,3,1
0,0,0,1,0,0,0,1,22,0,1,1,1,0,1
0,0,0,1,0,0,0,1,25,0,1,2,0,1,1
0,0,0,1,0,0,0,0,10,0,0,1,0,0,1
0,0,0,1,0,0,0,0,11,0,0,1,1,0,1
0,0,1,1,0,0,1,0,13,0,0,1,0,0,1
0,0,1,1,0,0,0,0,18,4,0,2,1,1,1
0,0,1,2,0,0,0,0,18,0,0,2,1,1,1
0,0,0,0,0,0,0,0,26,0,0,2,1,1,1
0,0,1,3,0,0,0,0,17,0,0,2,0,1,1
0,0,1,5,0,0,0,0,15,0,0,2,1,1,1
0,1,1,3,0,0,0,0,19,2,0,1,1,0,1
0,0,1,7,0,0,1,1,27,0,1,2,1,1,1
0,0,1,2,0,0,0,1,41,0,5,2,0,1,1
0,1,1,4,0,0,0,1,15,0,1,1,1,0,1
0,0,1,4,0,0,1,0,11,0,0,1,1,0,1
0,0,0,2,0,0,0,0,14,0,0,1,0,0,1
0,0,0,4,0,0,0,0,13,0,0,2,0,1,1
0,0,1,3,0,0,0,0,19,0,0,2,1,1,1
0,0,0,2,0,0,0,1,26,0,1,2,0,1,1
0,0,1,1,0,0,0,1,50,0,1,3,0,2,1
0,0,1,10,0,0,0,0,18,0,0,2,0,1,1
0,0,1,2,0,0,0,0,18,0,0,1,0,0,1
0,0,0,1,0,0,0,0,27,0,0,2,0,1,1
0,0,1,5,0,0,0,0,18,0,0,1,1,0,1
0,0,1,4,0,0,0,0,16,0,0,2,0,1,1
0,0,1,7,0,0,0,0,15,0,0,2,1,1,1
0,0,0,0,0,0,1,1,20,0,1,1,1,0,1
0,0,0,0,0,0,0,0,11,0,0,1,0,0,1
0,0,0,0,0,0,0,0,28,2,0,3,0,2,1
0,0,0,1,0,0,0,0,18,0,0,1,1,0,1
0,0,0,1,0,0,0,1,35,0,3,1,0,0,1
0,0,0,0,0,0,0,0,16,0,0,2,0,1,1
0,0,0,0,0,0,0,0,11,0,0,2,0,1,1
0,0,0,0,0,0,0,0,11,1,0,1,1,0,1
0,0,0,3,0,0,0,0,11,0,0,1,1,0,1
0,0,0,2,0,0,0,0,18,0,0,1,0,0,1
0,0,1,7,0,0,0,0,21,0,0,2,0,1,1
0,1,1,2,0,0,0,0,25,0,0,1,1,0,1
0,0,0,3,0,0,1,0,23,0,0,2,1,1,1
0,0,1,5,0,0,0,0,12,0,0,1,1,0,1
0,0,0,1,0,0,0,0,10,1,0,1,1,0,1
0,0,0,2,0,0,0,0,25,0,0,1,1,0,1
0,0,1,5,0,0,0,0,15,0,0,2,1,1,1
0,0,1,6,0,0,0,0,14,0,0,3,0,2,1
0,0,0,0,0,0,0,1,19,0,1,1,1,0,1
0,0,1,5,0,0,0,0,15,0,0,2,1,1,1
0,0,1,3,0,0,0,1,21,0,1,1,0,0,1
0,0,0,2,0,0,0,0,13,0,0,1,1,0,1
0,0,0,0,0,0,1,0,30,0,0,2,1,1,1
1,0,0,3,0,0,0,0,13,10,0,3,0,2,1
0,0,1,5,0,0,0,0,22,0,0,1,1,0,1
1,0,1,4,0,0,0,0,13,10,0,3,0,2,1
0,0,0,0,0,0,0,0,20,0,0,1,1,0,1
0,0,0,0,0,0,0,0,15,0,0,1,0,0,1
0,0,0,0,0,0,0,1,22,0,1,2,1,1,1
0,0,1,5,0,0,1,1,33,0,1,2,1,1,1
0,0,0,4,0,0,0,0,12,0,0,1,1,0,1
0,0,1,6,0,0,0,0,13,0,0,1,1,0,1
0,0,1,5,0,0,0,1,35,2,2,2,0,1,1
0,0,0,1,0,0,0,0,15,1,0,2,1,1,1
0,0,0,0,0,0,0,0,15,0,0,1,1,0,1
0,1,1,5,0,0,1,0,30,0,0,2,1,1,1
0,1,1,3,0,0,1,0,22,0,0,2,1,1,1
0,0,0,1,0,0,0,0,5,0,0,1,0,0,1
0,0,0,2,0,0,1,0,14,0,0,1,1,0,1
0,0,0,0,0,0,0,0,24,0,0,3,0,2,1
0,0,1,4,0,0,0,0,24,0,0,1,0,0,1
0,0,1,4,0,0,0,0,11,0,0,2,0,1,1
0,0,0,3,0,0,0,0,11,0,0,1,1,0,1
0,0,1,2,0,0,0,0,15,0,0,1,1,0,1
0,0,1,2,0,0,0,0,25,0,0,1,1,0,1
0,0,0,2,0,0,0,0,18,0,0,1,1,0,1
0,0,1,3,0,0,0,0,13,0,0,1,1,0,1
0,1,1,5,0,0,0,0,15,0,0,1,1,0,1
0,0,0,0,0,0,0,0,10,0,0,1,0,0,1
0,0,1,3,0,0,0,0,29,0,0,2,0,1,1
0,0,0,0,0,0,0,0,15,3,0,1,0,0,1
0,0,0,3,0,0,0,0,17,0,0,1,1,0,1
0,0,1,5,0,0,0,0,21,0,0,1,1,0,1
0,0,1,1,0,0,0,0,20,0,0,2,1,1,1
0,0,1,5,0,0,0,0,13,0,0,1,1,0,1
0,1,1,5,0,0,0,1,7,0,1,1,0,0,1
0,0,0,1,0,0,0,0,25,0,0,2,0,1,1
0,0,0,0,0,0,0,1,21,0,1,2,0,1,1
0,1,1,6,0,0,0,0,13,0,0,1,1,0,1
0,0,1,5,0,0,0,0,20,0,0,1,1,0,1
0,0,1,2,0,0,0,0,27,0,0,2,0,1,1
0,0,0,2,0,0,0,0,8,0,0,1,1,0,1
0,0,0,0,0,0,0,0,19,0,0,1,1,0,1
0,0,1,4,0,0,0,1,28,0,1,3,1,2,1
0,0,1,5,0,0,1,0,30,0,0,2,1,1,1
0,0,0,1,0,0,0,0,8,0,0,1,0,0,1
0,0,1,5,0,0,0,0,25,0,0,2,0,1,1
0,0,1,2,0,0,0,0,22,0,0,1,1,0,1
0,0,1,6,0,0,0,0,29,0,0,1,1,0,1
0,0,0,3,0,0,0,0,17,0,0,1,0,0,1
0,0,0,1,0,0,0,0,22,0,0,1,1,0,1
0,1,1,5,0,0,1,0,30,0,0,2,1,1,1
0,0,1,7,0,0,0,0,9,0,0,1,0,0,1
0,0,1,5,0,0,0,0,14,0,0,1,1,0,1
0,0,1,2,0,0,0,0,29,0,0,1,1,0,1
0,0,0,0,0,0,0,0,14,0,0,1,1,0,1
0,0,1,1,0,0,0,0,14,0,0,1,1,0,1
0,0,1,1,0,0,0,0,18,1,0,2,1,1,1
0,0,0,1,0,0,0,0,20,0,0,1,1,0,1
0,0,1,4,0,0,0,1,14,0,1,1,0,0,1
0,0,1,2,0,0,0,1,41,2,4,3,1,2,1
0,0,0,1,0,0,0,0,16,0,0,1,1,0,1
0,0,1,7,0,0,0,0,24,2,0,2,1,1,1
0,0,1,6,0,0,0,0,21,0,0,2,1,1,1
0,0,0,2,0,0,0,0,19,0,0,1,1,0,1
0,0,1,6,0,0,0,0,12,0,0,1,0,0,1
0,0,0,2,0,0,0,0,15,0,0,1,0,0,1
0,0,0,0,0,0,0,0,27,0,0,1,1,0,1
0,0,1,2,0,0,1,0,15,0,0,1,1,0,1
0,0,1,7,0,0,1,0,15,0,0,1,1,0,1
0,0,1,1,0,0,0,1,25,0,1,2,0,1,1
0,0,1,1,0,0,0,0,40,1,0,5,1,4,1
0,0,1,1,0,0,0,0,108,26,0,7,1,6,1
0,0,1,5,0,0,0,0,25,0,0,1,1,0,1
0,0,0,2,0,0,0,0,18,0,0,1,0,0,1
0,0,0,1,0,0,0,0,6,0,0,1,0,0,1
0,0,0,2,0,0,0,0,11,7,0,1,1,0,1
0,0,0,2,0,0,0,0,12,0,0,1,0,0,1
0,0,0,0,0,0,0,0,29,1,0,2,1,1,1
0,0,1,1,0,0,0,0,17,0,0,1,1,0,1
0,0,0,0,0,0,0,1,43,5,2,3,1,2,1
0,0,1,3,0,0,0,1,20,0,2,1,1,0,1
0,0,0,1,0,0,0,0,15,0,0,1,1,0,1
0,0,0,1,0,0,0,0,17,0,0,1,1,0,1
0,0,1,2,0,0,0,0,14,0,0,1,0,0,1
0,0,0,1,0,0,0,0,22,1,0,2,1,1,1
0,0,0,1,0,0,0,0,17,0,0,1,1,0,1
1,0,0,1,0,0,0,0,14,11,0,3,0,2,1
0,0,1,9,0,0,0,0,21,7,0,2,0,1,1
0,0,1,2,1,0,0,0,16,0,0,1,1,0,1
0,0,0,0,0,0,0,0,28,3,0,2,1,1,1
0,0,0,3,0,0,0,0,22,0,0,1,1,0,1
0,0,1,1,0,0,0,0,18,0,0,2,1,1,1
0,0,1,5,0,0,0,0,15,0,0,2,1,1,1
0,0,1,5,0,0,1,0,30,0,0,2,1,1,1
0,0,1,4,0,0,0,1,72,11,3,3,1,2,1
0,0,0,0,0,0,0,0,25,0,0,2,1,1,1
0,0,0,0,0,0,0,0,13,0,0,1,1,0,1
0,0,0,1,0,0,0,0,13,0,0,1,1,0,1
0,0,1,2,0,0,0,0,22,12,0,3,1,2,1
0,0,0,2,0,0,0,0,19,0,0,1,1,0,1
0,0,1,5,0,0,0,1,29,7,2,1,1,0,1
0,0,1,6,0,0,1,0,15,0,0,1,1,0,1
0,0,0,1,0,0,0,0,23,3,0,2,1,1,1
0,0,0,3,0,0,0,0,8,0,0,1,0,0,1
0,0,0,0,0,0,0,1,27,3,1,2,1,1,1
0,0,1,5,0,0,1,1,30,0,1,2,1,1,1
0,0,0,0,0,0,1,0,30,0,0,4,1,3,1
0,0,1,5,0,0,1,1,31,0,1,2,1,1,1
0,0,0,2,0,0,0,0,26,0,0,1,1,0,1
0,0,0,2,0,0,0,0,13,1,0,1,1,0,1
0,0,0,4,0,0,0,0,15,0,0,1,1,0,1
0,0,0,0,0,0,1,0,24,8,0,2,1,1,1
0,1,1,5,0,0,0,0,19,0,0,1,0,0,1
0,1,1,2,0,0,0,1,15,0,1,1,1,0,1
0,0,1,4,0,0,0,0,25,0,0,2,0,1,1
0,0,1,3,0,0,0,0,12,0,0,1,1,0,1
0,0,0,1,0,0,0,1,12,0,1,1,1,0,1
0,0,1,1,0,0,0,0,11,2,0,1,0,0,1
0,0,0,0,0,0,0,1,25,0,1,2,0,1,1
0,0,1,6,0,0,0,0,11,0,0,1,1,0,1
0,0,1,5,0,0,0,0,15,0,0,2,1,1,1
0,0,1,4,0,0,0,0,16,3,0,1,1,0,1
0,0,0,1,0,0,0,0,24,0,0,1,1,0,1
0,0,0,1,0,0,0,0,23,0,0,1,1,0,1
0,0,1,4,0,0,0,0,18,0,0,3,0,2,1
0,0,1,5,0,0,0,0,15,0,0,2,1,1,1
0,0,0,2,0,0,1,0,15,0,0,1,1,0,1
0,0,1,5,0,0,0,0,25,0,0,1,1,0,1
0,0,1,1,0,0,0,0,23,0,0,2,1,1,1
0,0,1,2,0,0,1,0,18,0,0,1,1,0,1
0,0,0,2,0,0,0,0,12,0,0,1,1,0,1
0,0,0,0,0,0,0,0,18,0,0,3,0,2,1
0,0,1,3,0,0,0,0,28,0,0,1,1,0,1
0,0,1,4,0,0,0,0,22,0,0,1,1,0,1
0,0,0,0,0,0,0,0,30,9,0,2,1,1,1
0,0,0,1,0,0,0,0,11,0,0,1,1,0,1
0,0,0,2,0,0,0,0,15,0,0,1,1,0,1
0,0,1,5,0,0,0,0,22,0,0,1,1,0,1
0,0,1,8,0,0,0,0,10,0,0,2,0,1,1
0,0,0,0,0,0,0,0,17,0,0,1,0,0,1
0,0,1,5,0,0,0,0,19,0,0,1,1,0,1
0,0,0,5,0,0,0,0,11,2,0,1,1,0,1
0,0,0,0,0,0,0,1,14,0,1,1,1,0,1
0,0,1,8,0,0,0,1,23,0,1,1,0,0,1
0,0,1,1,0,0,0,1,40,8,2,2,1,1,1
0,0,1,3,0,0,0,0,7,0,0,1,0,0,1
0,0,0,0,0,0,0,1,23,0,1,2,1,1,1
0,0,1,6,0,0,0,0,14,0,0,1,1,0,1
0,0,1,3,0,0,0,0,27,7,0,3,0,2,1
0,0,1,3,0,0,0,1,30,0,2,1,1,0,1
0,0,1,5,0,0,0,0,16,0,0,1,1,0,1
0,0,1,5,0,0,0,0,13,0,0,1,1,0,1
0,0,1,5,0,0,0,1,31,3,1,3,1,2,1
0,0,0,1,0,0,1,0,5,0,0,1,0,0,1
1,0,0,2,0,0,0,0,12,9,0,3,0,2,1
0,0,1,4,0,0,0,0,23,0,0,1,1,0,1
0,0,0,3,0,0,1,0,13,0,0,1,1,0,1
0,1,1,2,0,0,0,0,13,0,0,2,0,1,1
0,0,1,1,0,0,1,0,22,6,0,2,1,1,1
0,0,0,1,0,0,0,0,29,1,0,1,1,0,1
0,0,1,6,0,0,0,0,16,0,0,1,0,0,1
0,0,1,2,0,0,1,0,16,0,0,1,1,0,1
0,0,1,9,0,0,0,0,21,0,0,1,1,0,1
0,0,1,3,0,0,0,0,21,0,0,1,1,0,1
0,0,1,6,0,0,0,0,14,0,0,1,1,0,1
0,0,1,5,0,0,0,0,25,0,0,1,1,0,1
0,0,1,5,0,0,0,0,15,0,0,2,1,1,1
0,0,0,1,0,0,1,0,14,0,0,1,1,0,1
0,0,1,9,0,0,0,1,23,1,1,3,0,2,1
0,0,0,0,0,0,0,0,14,0,0,1,0,0,1
0,0,1,3,0,0,0,0,9,1,0,1,0,0,1
0,0,1,4,0,0,0,0,16,0,0,2,1,1,1
0,0,1,3,0,0,0,0,27,0,0,1,0,0,1
0,0,1,3,0,0,0,0,18,0,0,2,0,1,1
0,0,0,1,0,0,0,0,18,0,0,1,1,0,1
0,0,1,6,0,0,0,0,10,0,0,1,0,0,1
0,0,1,3,0,0,0,0,13,0,0,1,1,0,1
0,0,0,0,0,0,0,0,37,2,0,2,1,1,1
0,0,1,6,0,0,0,0,17,0,0,2,0,1,1
0,0,0,1,0,0,0,0,17,0,0,2,1,1,1
0,0,0,2,0,0,0,0,15,0,0,1,1,0,1
0,0,0,0,0,0,1,0,20,0,0,2,1,1,1
0,0,1,4,0,0,0,0,16,0,0,2,1,1,1
0,0,1,5,0,0,0,0,14,0,0,1,1,0,1
0,0,1,5,0,0,1,1,28,0,1,2,1,1,1
0,0,0,0,0,0,0,1,40,2,2,2,1,1,1
0,0,1,6,0,0,0,0,31,0,0,2,1,1,1
0,0,0,2,0,0,0,0,17,0,0,3,0,2,1
0,0,1,2,0,0,0,0,16,0,0,1,0,0,1
0,0,0,0,0,0,0,0,28,0,0,2,1,1,1
0,0,0,1,0,0,0,0,6,0,0,1,0,0,1
0,1,0,1,0,0,0,0,16,0,0,1,0,0,1
0,0,0,1,0,0,0,0,25,0,0,1,1,0,1
0,0,0,0,0,0,0,0,29,2,0,2,1,1,1
0,0,1,9,0,0,0,0,17,0,0,1,1,0,1
0,0,1,3,0,0,0,0,32,0,0,1,1,0,1
0,0,1,10,0,0,0,0,19,0,0,1,1,0,1
0,0,0,2,0,0,0,0,29,4,0,2,1,1,1
0,0,0,0,0,0,0,1,31,2,1,2,1,1,1
0,0,0,2,0,0,0,0,23,3,0,2,1,1,1
0,0,1,6,0,0,0,0,31,0,0,2,1,1,1
0,0,1,6,0,0,0,0,18,0,0,1,1,0,1
0,0,0,2,0,0,0,0,23,0,0,1,1,0,1
0,0,0,3,0,0,0,0,19,0,0,1,1,0,1
0,0,1,2,0,0,1,0,15,0,0,1,1,0,1
0,0,1,2,0,0,0,0,22,0,0,2,1,1,1
0,0,1,2,0,0,0,1,32,0,2,2,1,1,1
0,0,1,5,0,0,0,0,16,0,0,2,0,1,1
0,0,0,3,0,0,1,0,15,0,0,2,0,1,1
0,0,1,1,1,0,0,0,10,0,0,1,0,0,1
0,0,0,2,0,0,0,0,21,0,0,1,1,0,1
0,0,0,2,0,0,0,0,17,0,0,1,1,0,1
0,0,0,1,0,0,0,0,10,0,0,1,0,0,1
0,0,1,0,0,0,0,1,48,2,5,2,0,1,1
0,0,0,3,0,0,0,0,14,0,0,1,1,0,1
0,0,1,1,0,0,0,0,45,4,0,5,1,4,1
0,0,1,3,0,0,0,0,18,0,0,1,1,0,1
0,0,0,0,0,0,0,0,19,0,0,2,1,1,1
0,0,0,2,0,0,0,0,8,0,0,1,1,0,1
0,0,1,5,0,0,0,0,20,0,0,1,0,0,1
0,0,0,3,0,0,0,0,12,0,0,1,1,0,1
0,0,1,2,0,0,0,1,22,0,1,1,1,0,1
0,0,0,0,0,0,0,0,16,0,0,1,1,0,1
0,0,1,4,0,0,0,1,14,0,1,1,0,0,1
0,0,1,3,0,0,0,0,15,0,0,2,1,1,1
0,0,1,2,0,0,0,0,20,0,0,1,1,0,1
0,0,0,0,0,0,0,0,21,0,0,1,1,0,1
0,0,1,0,0,0,0,1,21,5,1,3,0,2,1
0,0,0,1,0,0,0,0,25,8,0,2,1,1,1
0,0,1,1,0,0,0,0,18,0,0,1,1,0,1
0,0,0,0,0,0,0,1,35,0,3,2,0,1,1
0,0,1,3,0,0,0,1,34,0,2,1,1,0,1
0,0,1,6,0,0,0,0,12,0,0,1,0,0,1
0,0,1,4,0,0,0,1,14,0,1,1,0,0,1
0,0,1,2,0,0,1,0,15,0,0,1,1,0,1
0,0,1,3,0,0,0,0,27,7,0,3,0,2,1
0,0,0,2,0,0,0,0,13,0,0,1,1,0,1
0,0,0,1,0,0,0,0,7,0,0,1,0,0,1
0,0,0,2,0,0,0,0,23,2,0,1,0,0,1
0,0,0,2,0,0,0,0,16,0,0,1,1,0,1
0,0,0,1,0,0,0,0,11,0,0,1,1,0,1
0,0,1,3,0,0,0,0,17,0,0,2,1,1,1
0,1,1,3,0,0,0,0,17,0,0,2,0,1,1
0,0,1,6,0,0,0,0,16,0,0,2,0,1,1
0,0,1,3,1,0,0,0,23,1,0,3,1,2,1
0,0,1,6,0,0,0,1,12,0,1,1,1,0,1
0,0,1,5,0,0,1,0,13,0,0,2,1,1,1
0,0,1,1,0,0,0,0,6,0,0,1,1,0,1
0,0,1,3,0,1,0,0,69,0,0,2,0,1,1
0,0,1,5,0,0,0,0,16,0,0,1,1,0,1
0,0,1,5,0,0,1,1,23,0,1,2,1,1,1
0,0,0,1,0,0,0,0,16,0,0,2,0,1,1
0,0,1,0,0,0,0,0,18,0,0,1,1,0,1
0,0,0,4,0,0,0,0,19,0,0,2,1,1,1
0,0,1,5,0,0,1,1,26,0,1,2,1,1,1
0,0,1,0,0,0,1,1,62,0,2,6,1,5,1
0,0,1,4,0,0,0,0,15,0,0,1,1,0,1
0,0,1,3,0,0,0,0,23,0,0,1,1,0,1
0,0,1,5,0,0,0,0,14,0,0,1,1,0,1
0,0,0,3,0,0,0,0,7,0,0,1,0,0,1
0,0,0,1,0,0,1,0,6,0,0,1,0,0,1
0,0,0,3,0,0,0,0,9,0,0,1,1,0,1
0,0,1,4,0,0,0,1,30,0,1,3,0,2,1
0,0,0,0,0,0,0,0,7,0,0,1,0,0,1
0,0,0,0,0,0,0,1,31,0,1,3,1,2,1
0,0,0,0,0,0,1,0,21,1,0,2,1,1,1
0,0,1,4,0,0,0,0,20,0,0,1,0,0,1
0,0,0,0,0,0,0,0,9,0,0,1,0,0,1
0,0,1,2,0,0,1,0,18,0,0,1,1,0,1
0,0,1,2,0,0,0,0,17,0,0,1,1,0,1
0,0,1,1,1,0,0,0,10,0,0,1,1,0,1
0,0,0,1,0,0,0,0,23,0,0,1,1,0,1
0,0,1,3,0,0,0,0,20,0,0,1,1,0,1
0,0,1,3,0,0,0,0,16,0,0,1,1,0,1
0,0,0,1,0,0,0,0,5,0,0,1,0,0,1
0,0,0,1,0,0,0,0,11,0,0,1,1,0,1
0,0,1,2,0,0,0,1,35,0,3,1,1,0,1
0,0,0,1,0,0,0,0,10,0,0,1,0,0,1
0,0,1,5,0,0,0,0,10,0,0,2,0,1,1
0,0,0,2,0,0,0,0,24,0,0,1,1,0,1
0,0,1,6,0,0,0,0,10,0,0,1,1,0,1
0,0,0,1,0,0,1,0,14,0,0,1,1,0,1
0,0,0,2,0,0,1,0,11,0,0,1,1,0,1
0,0,1,5,0,0,0,0,15,0,0,2,1,1,1
0,0,1,5,0,0,0,0,11,1,0,1,0,0,1
0,0,0,1,0,0,0,0,14,0,0,1,0,0,1
0,0,0,1,0,0,0,0,23,2,0,2,1,1,1
0,0,0,2,0,0,0,0,7,0,0,1,0,0,1
0,0,1,2,0,0,0,1,19,0,1,2,0,1,1
0,0,1,2,0,0,0,1,45,3,2,2,1,1,1
0,0,0,2,0,0,0,1,18,0,1,1,0,0,1
0,0,1,6,0,0,0,0,20,0,0,2,0,1,1
1,0,1,1,0,0,0,0,12,9,0,3,0,2,1
0,0,1,5,0,0,0,0,15,0,0,2,1,1,1
0,0,0,2,0,0,0,0,20,0,0,1,1,0,1
0,0,1,2,0,0,0,0,21,0,0,1,1,0,1
0,0,1,5,0,0,0,0,13,0,0,2,0,1,1
0,0,1,10,0,0,0,0,27,0,0,2,1,1,1
0,0,1,5,0,0,0,0,22,0,0,1,1,0,1
0,0,1,2,1,0,0,0,15,0,0,2,1,1,1
0,0,0,0,0,0,0,0,11,0,0,1,0,0,1
0,0,1,1,0,0,0,0,58,1,0,7,0,6,1
0,1,1,3,0,0,0,0,12,0,0,1,0,0,1
0,0,0,0,0,0,0,0,23,3,0,2,1,1,1
0,0,0,2,0,0,0,0,17,0,0,1,0,0,1
0,0,1,1,0,0,0,0,48,19,0,2,1,1,1
0,0,0,0,0,0,0,1,24,0,1,2,0,1,1
0,0,0,3,0,0,0,1,20,0,1,2,1,1,1
0,0,0,0,0,0,0,0,24,0,0,2,0,1,1
0,0,1,3,0,0,0,1,21,0,2,1,1,0,1
0,0,1,5,0,0,0,1,22,0,1,1,0,0,1
0,0,0,2,0,0,0,0,13,0,0,1,0,0,1
0,0,0,1,0,0,0,0,13,0,0,1,0,0,1
0,0,0,2,0,0,0,0,24,0,0,3,0,2,1
0,0,1,3,0,0,0,0,10,0,0,1,0,0,1
0,0,1,3,0,0,0,1,27,0,2,1,0,0,1
0,0,1,1,0,0,0,1,45,9,1,5,0,4,1
0,0,1,4,0,0,0,0,22,0,0,1,1,0,1
0,0,1,8,0,0,0,0,14,0,0,2,0,1,1
0,0,0,0,0,0,0,1,23,2,1,2,0,1,1
0,0,0,1,0,0,0,0,16,0,0,1,1,0,1
0,0,1,7,0,0,0,0,20,0,0,2,0,1,1
0,0,0,2,0,0,0,0,13,0,0,1,1,0,1
0,0,0,0,0,0,0,0,14,0,0,1,1,0,1
0,0,0,2,0,0,0,1,20,0,1,1,1,0,1
0,0,0,1,0,0,0,0,32,0,0,2,1,1,1
0,0,1,5,0,0,0,0,22,0,0,1,1,0,1
0,0,1,3,0,0,0,0,11,0,0,1,1,0,1
0,0,0,1,0,0,0,0,26,3,0,2,1,1,1
1,0,1,4,0,0,0,0,13,10,0,3,0,2,1
0,0,1,6,0,0,0,1,22,0,1,1,0,0,1
0,0,0,1,0,0,0,0,9,0,0,1,0,0,1
0,0,0,3,0,0,0,0,15,0,0,1,1,0,1
0,0,0,3,0,0,0,0,12,0,0,1,1,0,1
0,0,1,5,0,0,1,0,30,0,0,2,1,1,1
0,0,0,0,0,0,1,0,11,0,0,1,1,0,1
0,0,0,1,0,0,0,0,19,0,0,1,1,0,1
0,0,1,3,0,0,0,0,20,0,0,1,1,0,1
0,0,1,2,0,0,0,1,21,0,2,1,1,0,1
0,0,1,2,0,0,0,0,12,0,0,2,1,1,1
0,0,0,2,0,0,0,0,9,0,0,1,0,0,1
0,0,0,2,0,0,0,0,9,0,0,1,1,0,1
0,0,1,6,0,0,0,0,16,0,0,2,0,1,1
0,0,0,0,0,0,1,0,22,0,0,2,1,1,1
0,0,0,0,0,0,1,1,21,0,1,2,1,1,1
0,0,0,2,0,0,0,0,14,0,0,1,1,0,1
0,0,0,1,0,0,0,0,16,0,0,1,1,0,1
0,0,1,3,0,0,0,0,20,0,0,2,0,1,1
0,1,1,2,0,0,0,0,21,0,0,1,0,0,1
0,0,0,1,0,0,0,1,20,0,1,2,0,1,1
0,0,1,5,0,0,0,0,19,7,0,2,1,1,1
0,0,1,2,0,0,0,0,16,0,0,1,1,0,1
0,0,1,4,0,0,0,0,17,0,0,1,1,0,1
0,1,1,5,0,0,1,0,30,0,0,2,1,1,1
0,0,0,0,0,0,0,1,11,0,1,1,0,0,1
0,0,1,8,0,0,0,0,29,0,0,1,1,0,1
0,0,1,7,0,0,0,0,15,0,0,1,1,0,1
0,0,0,1,0,0,0,0,22,0,0,3,0,2,1
0,0,0,1,0,0,0,0,13,0,0,1,0,0,1
0,0,1,2,0,0,1,1,23,0,1,2,1,1,1
0,0,1,9,0,0,0,0,21,0,0,1,1,0,1
0,0,1,2,0,0,0,0,22,0,0,2,1,1,1
0,0,0,0,0,0,0,0,14,0,0,2,0,1,1
0,0,1,7,0,0,0,0,13,0,0,1,1,0,1
0,0,1,2,0,0,0,0,22,0,0,1,1,0,1
0,0,1,4,0,0,0,0,17,0,0,2,0,1,1
0,0,1,5,0,0,0,0,20,0,0,1,1,0,1
0,0,1,4,0,0,1,1,39,3,1,2,0,1,1
0,0,1,6,0,0,0,0,17,0,0,1,1,0,1
0,0,1,1,0,0,1,0,13,0,0,1,0,0,1
0,0,0,3,0,0,0,0,15,0,0,1,1,0,1
0,0,1,3,0,0,0,0,17,0,0,2,0,1,1
0,0,1,5,0,0,0,1,43,2,2,2,0,1,1
0,0,0,0,0,0,0,1,39,2,1,4,0,3,1
0,0,0,0,0,0,0,1,20,1,1,1,1,0,1
0,0,1,1,0,0,0,0,21,0,0,1,1,0,1
0,0,1,6,0,0,0,0,16,0,0,2,1,1,1
0,0,0,1,0,0,0,0,6,0,0,1,0,0,1
0,0,1,5,0,0,0,0,14,0,0,1,1,0,1
0,0,1,5,0,0,1,1,33,7,1,2,1,1,1
0,0,0,0,0,0,0,1,13,0,1,1,1,0,1
0,0,1,5,0,0,0,0,19,0,0,2,0,1,1
0,0,1,4,0,0,0,0,10,0,0,1,1,0,1
0,0,0,0,0,0,0,0,19,0,0,1,1,0,1
0,0,1,7,0,0,0,0,19,1,0,2,0,1,1
0,0,1,5,0,0,1,1,32,0,1,2,1,1,1
0,1,1,4,0,0,1,1,21,0,1,1,0,0,1
0,0,0,0,0,0,0,1,31,0,2,2,0,1,1
0,0,0,1,0,0,0,0,16,0,0,1,1,0,1
0,0,0,0,0,0,0,1,8,0,1,1,0,0,1
0,0,1,2,0,0,0,1,34,0,1,2,1,1,1
0,0,1,6,0,0,0,1,14,0,1,1,0,0,1
0,0,0,3,0,0,0,0,11,4,0,1,1,0,1
0,0,1,2,0,0,0,0,16,0,0,1,0,0,1
0,0,0,2,0,0,0,0,13,0,0,1,1,0,1
0,0,0,1,0,0,0,0,29,0,0,2,0,1,1
0,0,0,2,0,0,0,0,21,0,0,2,1,1,1
0,0,1,5,0,0,0,0,17,1,0,1,0,0,1
0,0,0,2,0,0,0,0,15,0,0,1,0,0,1
0,0,1,2,0,0,1,0,15,0,0,1,1,0,1
0,0,1,5,0,0,0,1,14,0,1,1,0,0,1
0,0,0,3,0,0,0,0,10,0,0,1,1,0,1
0,0,1,4,0,0,0,0,10,0,0,1,1,0,1
0,0,1,2,0,0,0,1,32,5,4,2,0,1,1
0,0,0,2,0,0,0,0,12,0,0,1,1,0,1
0,0,0,3,0,0,0,0,13,0,0,2,0,1,1
0,0,1,4,0,0,0,0,14,0,0,1,1,0,1
0,0,0,1,0,0,0,0,16,0,0,1,0,0,1
0,0,0,4,0,0,0,0,19,7,0,2,1,1,1
0,0,0,1,0,0,0,0,28,0,0,1,1,0,1
0,0,1,5,0,0,0,0,17,0,0,1,1,0,1
0,0,0,0,0,0,0,1,13,0,1,1,1,0,1
0,0,1,8,0,0,0,0,29,0,0,1,1,0,1
0,0,0,2,0,0,0,0,13,0,0,1,1,0,1
0,0,0,0,0,0,0,0,8,0,0,1,0,0,1
0,0,0,2,0,0,0,0,7,1,0,1,0,0,1
0,0,1,8,0,0,0,0,10,0,0,1,1,0,1
0,0,1,4,0,0,0,1,26,0,1,1,1,0,1
0,0,1,5,0,0,0,1,14,0,1,1,0,0,1
0,0,0,0,0,0,0,0,22,3,0,2,1,1,1
0,0,0,1,0,0,0,0,17,0,0,2,1,1,1
0,0,1,6,0,0,0,1,47,26,1,2,0,1,1
0,0,0,4,0,0,0,0,10,0,0,1,0,0,1
0,0,1,4,0,0,1,0,12,0,0,1,1,0,1
0,0,1,4,0,0,0,0,13,0,0,1,1,0,1
0,0,1,1,0,0,0,0,40,0,0,4,1,3,1
0,0,1,4,0,0,0,0,12,0,0,1,0,0,1
0,0,1,3,0,0,0,0,21,0,0,1,1,0,1
0,0,1,6,0,0,0,0,17,0,0,1,1,0,1
0,1,1,4,0,0,0,1,22,0,1,2,0,1,1
0,0,0,0,0,0,0,0,35,0,0,2,1,1,1
0,0,0,1,0,0,0,1,35,0,1,2,1,1,1
0,0,1,4,0,0,0,0,10,0,0,1,1,0,1
0,0,1,4,0,0,0,0,17,0,0,1,1,0,1
0,0,1,7,0,0,0,0,21,0,0,2,0,1,1
0,0,0,1,0,0,0,0,8,2,0,1,0,0,1
0,0,1,4,0,0,0,0,12,0,0,1,1,0,1
0,0,1,5,0,0,1,0,30,0,0,2,1,1,1
0,1,1,5,0,0,0,0,14,4,0,1,1,0,1
0,0,0,0,0,0,0,1,35,0,2,2,0,1,1
0,0,0,0,0,0,1,0,25,0,0,2,1,1,1
0,0,0,0,0,0,0,0,12,0,0,1,1,0,1
0,0,1,4,0,0,0,0,34,3,0,4,1,3,1
0,0,1,1,0,0,0,1,50,3,5,2,1,1,1
0,0,1,4,0,0,0,0,33,2,0,2,0,1,1
0,0,1,7,0,0,0,0,7,0,0,1,0,0,1
0,0,1,3,0,0,0,0,23,0,0,1,1,0,1
0,0,0,0,0,0,0,0,13,0,0,1,1,0,1
0,0,1,11,0,0,0,0,15,0,0,1,1,0,1
0,0,1,5,0,0,0,0,8,1,0,1,1,0,1
0,0,0,1,0,0,0,0,6,1,0,1,0,0,1
0,0,1,7,0,0,0,0,13,0,0,2,0,1,1
0,1,1,5,0,0,0,0,14,0,0,1,0,0,1
0,0,1,1,0,0,0,1,32,0,2,2,0,1,1
0,0,0,1,0,0,0,0,13,0,0,1,1,0,1
0,0,1,2,0,0,0,0,22,0,0,2,1,1,1
0,0,0,3,0,0,0,0,14,0,0,1,0,0,1
0,0,0,3,0,0,0,0,14,0,0,1,0,0,1
0,0,1,2,0,0,0,0,15,0,0,2,1,1,1
0,0,1,1,0,0,0,0,11,0,0,1,1,0,1
0,0,1,1,1,0,0,0,76,7,0,3,1,2,1
0,0,1,2,0,0,0,0,18,3,0,2,0,1,1
0,0,0,0,0,0,0,1,24,6,3,1,0,0,1
0,0,1,6,0,0,1,0,12,0,0,1,1,0,1
0,0,1,5,0,0,0,0,19,0,0,1,0,0,1
0,1,1,7,0,0,0,0,17,0,0,1,0,0,1
0,0,1,3,0,0,1,0,21,0,0,2,1,1,1
0,0,0,1,0,0,0,0,18,0,0,1,1,0,1
0,0,0,1,0,0,0,0,20,0,0,2,0,1,1
0,0,0,2,0,0,0,0,16,0,0,1,1,0,1
0,0,1,5,0,0,1,1,27,0,1,2,1,1,1
0,0,1,5,0,0,1,1,36,0,1,2,1,1,1
0,0,1,3,0,0,0,0,10,0,0,1,0,0,1
0,0,0,1,0,0,0,1,19,0,1,1,1,0,1
0,0,1,2,0,0,0,0,19,0,0,2,1,1,1
0,0,0,2,0,0,0,0,10,0,0,1,1,0,1
0,0,0,5,0,0,0,0,13,0,0,1,1,0,1
0,0,1,5,0,0,0,0,22,0,0,1,1,0,1
0,0,1,4,0,0,0,0,17,0,0,2,0,1,1
0,0,0,4,0,0,0,0,21,0,0,1,1,0,1
0,0,0,1,0,0,0,0,14,5,0,1,0,0,1
0,0,0,1,0,0,0,0,12,0,0,2,0,1,1
0,0,0,1,0,0,1,0,12,0,0,1,1,0,1
0,0,0,0,0,0,0,1,36,2,2,3,0,2,1
0,0,0,3,0,0,0,0,13,0,0,1,1,0,1
0,0,0,0,0,0,0,1,32,3,1,2,1,1,1
0,0,1,5,0,0,0,0,9,0,0,1,1,0,1
0,0,1,3,0,0,0,0,14,0,0,2,0,1,1
0,0,1,1,0,0,0,0,41,17,0,3,0,2,1
0,0,1,6,0,0,0,1,37,2,2,2,1,1,1
0,0,0,1,0,0,0,1,18,0,1,1,1,0,1
0,0,0,1,0,0,0,0,9,0,0,1,0,0,1
0,0,1,4,0,0,0,0,19,0,0,1,1,0,1
0,0,0,1,0,0,0,0,10,0,0,1,1,0,1
0,0,0,1,0,0,0,0,23,0,0,1,1,0,1
0,0,1,3,0,0,0,0,16,1,0,1,1,0,1
0,0,0,2,0,0,0,0,12,0,0,1,1,0,1
0,0,1,2,0,0,0,0,17,0,0,1,1,0,1
0,0,0,3,0,0,0,0,15,0,0,1,1,0,1
0,0,1,2,0,0,0,1,26,0,2,1,1,0,1
0,0,1,3,0,0,0,0,10,0,0,1,1,0,1
0,0,1,5,0,0,0,0,15,0,0,2,1,1,1
0,0,0,2,0,0,0,0,29,5,0,2,1,1,1
0,0,1,5,0,0,1,1,39,0,1,2,1,1,1
0,1,1,5,0,0,0,0,16,0,0,1,0,0,1
0,0,1,6,0,0,0,0,11,0,0,1,1,0,1
0,0,1,2,0,0,0,0,26,0,0,1,1,0,1
0,0,0,3,0,0,0,0,22,0,0,2,1,1,1
0,0,0,5,0,0,0,1,16,0,1,1,1,0,1
0,0,1,2,0,0,0,0,17,0,0,1,1,0,1
0,0,0,2,0,0,0,0,12,0,0,1,1,0,1
0,0,1,5,0,0,1,1,32,0,1,2,1,1,1
0,0,1,5,0,0,0,0,15,0,0,2,1,1,1
0,0,0,0,0,0,0,0,12,0,0,1,0,0,1
0,0,0,1,0,0,1,0,12,0,0,1,1,0,1
0,0,0,1,0,0,0,0,16,0,0,1,1,0,1
0,0,0,2,0,0,0,0,11,0,0,2,0,1,1
0,0,0,3,0,0,0,0,15,1,0,1,1,0,1
0,0,1,5,0,0,0,0,19,0,0,1,1,0,1
0,0,1,5,0,0,0,0,10,0,0,1,1,0,1
0,0,0,0,0,0,0,1,24,2,1,2,0,1,1
0,0,0,0,0,0,0,0,45,3,0,5,1,4,1
0,0,1,2,0,0,0,0,48,19,0,2,0,1,1
0,0,0,2,0,0,0,0,13,0,0,1,1,0,1
0,0,0,3,0,0,1,0,13,0,0,1,1,0,1
0,0,0,0,0,0,0,1,24,0,1,2,1,1,1
0,0,1,3,1,0,0,0,22,1,0,3,1,2,1
0,0,0,4,0,0,0,0,23,0,0,1,1,0,1
0,0,0,2,0,0,0,0,10,0,0,1,0,0,1
0,0,1,1,0,0,0,0,15,0,0,1,0,0,1
0,0,0,0,0,0,0,1,19,0,1,1,1,0,1
0,0,1,7,0,0,1,0,12,0,0,1,1,0,1
0,1,1,0,0,0,0,0,44,5,0,5,1,4,1
0,0,0,2,0,0,0,0,21,2,0,2,1,1,1
0,0,0,2,0,0,0,0,17,0,0,1,1,0,1
0,0,1,5,0,0,1,0,25,0,0,1,1,0,1
0,0,0,2,0,0,0,0,22,0,0,2,0,1,1
0,1,1,4,0,0,0,1,21,0,1,1,0,0,1
0,0,0,1,0,0,0,1,11,0,1,1,1,0,1
0,0,1,3,0,0,0,0,19,0,0,1,1,0,1
0,0,1,8,0,0,0,0,14,0,0,1,1,0,1
0,0,1,2,0,0,0,0,13,0,0,1,1,0,1
0,0,1,2,0,0,0,0,14,0,0,1,1,0,1
0,0,0,3,0,0,0,1,15,0,1,2,0,1,1
0,0,1,4,0,0,0,0,42,8,0,4,1,3,1
0,0,1,5,0,0,0,1,14,0,1,1,0,0,1
0,0,0,1,0,0,0,0,24,2,0,2,0,1,1
0,0,0,0,0,0,0,1,23,2,1,2,0,1,1
0,0,0,1,0,0,0,0,12,0,0,1,0,0,1
0,1,1,1,0,0,0,0,14,2,0,1,0,0,1
0,0,1,9,0,0,0,0,12,0,0,1,1,0,1
0,0,0,3,0,0,0,0,20,0,0,1,0,0,1
0,0,1,4,0,0,0,0,11,0,0,1,1,0,1
0,0,1,2,0,0,0,0,13,0,0,1,1,0,1
0,0,1,3,0,0,0,0,17,0,0,1,1,0,1
0,0,0,5,0,0,0,0,12,0,0,1,0,0,1
0,0,0,4,0,0,0,0,7,0,0,1,0,0,1
0,0,1,4,0,0,0,1,15,0,1,1,1,0,1
0,0,0,1,0,0,0,0,6,0,0,1,0,0,1
0,0,0,0,0,0,0,0,29,0,0,3,0,2,1
0,0,1,1,0,0,0,1,18,0,1,1,1,0,1
0,0,1,4,0,0,0,1,38,15,2,4,0,3,1
0,0,0,1,0,0,0,0,22,0,0,1,0,0,1
1,0,0,0,0,0,0,0,11,8,0,3,0,2,1
0,0,0,0,0,0,0,1,13,0,1,1,0,0,1
0,0,0,2,0,0,0,0,9,0,0,1,1,0,1
0,0,1,5,0,0,0,0,14,0,0,1,0,0,1
0,0,0,1,0,0,0,0,26,0,0,3,0,2,1
0,0,1,6,0,0,1,0,12,0,0,1,1,0,1
0,0,0,3,0,0,0,0,18,0,0,1,1,0,1
0,0,1,5,0,0,0,0,15,0,0,1,1,0,1
0,1,1,8,0,0,0,0,13,0,0,1,1,0,1
0,0,1,2,0,0,0,1,14,0,1,1,1,0,1
0,0,0,2,0,0,0,0,18,0,0,1,1,0,1
0,0,0,0,0,0,0,1,33,3,1,2,1,1,1
0,0,1,3,0,0,0,0,14,0,0,2,0,1,1
0,0,1,5,0,0,1,1,39,0,1,2,1,1,1
0,0,1,2,0,0,0,0,16,0,0,2,1,1,1
0,0,0,1,0,0,0,0,9,0,0,2,0,1,1
0,0,1,4,0,0,0,0,18,0,0,1,1,0,1
0,1,1,3,0,0,0,0,19,2,0,1,1,0,1
0,1,1,2,0,0,0,0,14,0,0,2,0,1,1
0,0,1,5,0,0,0,0,22,0,0,1,1,0,1
0,0,1,3,0,0,0,0,18,1,0,2,0,1,1
0,0,1,3,0,0,0,0,13,0,0,1,0,0,1
0,0,0,2,0,0,0,1,22,0,1,2,0,1,1
0,0,1,2,0,0,0,0,16,0,0,1,1,0,1
0,0,0,0,0,0,1,0,33,0,0,2,1,1,1
0,0,0,1,0,0,0,0,23,0,0,1,1,0,1
0,0,1,2,0,0,0,0,9,0,0,1,0,0,1
0,0,1,2,0,0,0,0,13,0,0,2,0,1,1
0,0,1,5,0,0,0,1,16,0,1,1,1,0,1
0,0,1,0,0,0,0,0,54,0,0,2,1,1,1
0,0,0,1,0,0,0,0,20,1,0,2,1,1,1
0,0,1,5,0,0,0,0,22,0,0,1,1,0,1
0,0,0,1,0,0,0,0,20,0,0,1,1,0,1
0,0,1,5,0,0,0,0,20,0,0,1,1,0,1
0,0,0,0,0,0,0,1,23,0,1,2,1,1,1
0,0,0,2,0,0,0,0,14,0,0,1,0,0,1
0,0,1,4,0,0,0,0,9,0,0,2,0,1,1
0,0,1,6,0,0,0,0,19,0,0,2,0,1,1
0,0,0,1,0,0,1,0,11,0,0,1,1,0,1
0,0,1,7,0,0,1,1,25,0,1,2,1,1,1
0,0,0,0,0,0,0,0,16,0,0,1,1,0,1
0,0,1,0,0,0,0,1,48,2,5,2,0,1,1
0,0,1,5,0,0,0,0,22,0,0,1,1,0,1
0,0,0,3,0,0,0,0,17,0,0,1,1,0,1
0,0,1,3,0,0,0,0,13,0,0,1,1,0,1
0,0,0,2,0,0,0,0,17,0,0,1,1,0,1
0,0,0,1,0,0,1,0,6,0,0,1,0,0,1
0,0,0,2,0,0,0,0,15,0,0,1,0,0,1
0,0,0,1,0,0,1,0,6,0,0,1,0,0,1
0,0,0,0,0,0,0,0,10,0,0,1,1,0,1
0,0,0,4,0,0,0,0,11,0,0,1,1,0,1
0,0,0,1,0,0,0,0,22,0,0,2,0,1,1
0,0,1,2,0,0,0,0,20,0,0,2,0,1,1
0,0,0,1,0,0,0,0,24,0,0,1,1,0,1
0,0,1,2,0,0,0,0,16,0,0,1,1,0,1
0,0,1,1,0,0,0,0,13,0,0,1,1,0,1
0,0,1,7,0,0,0,0,15,0,0,1,1,0,1
0,0,1,1,0,0,0,0,16,0,0,1,0,0,1
0,0,1,7,0,0,1,1,24,0,1,2,1,1,1
0,0,1,7,0,0,0,0,13,0,0,1,1,0,1
0,0,0,1,0,0,0,0,22,0,0,2,0,1,1
0,0,0,0,0,0,1,0,29,0,0,2,1,1,1
0,0,0,0,0,0,0,0,22,2,0,2,0,1,1
0,0,1,5,0,0,1,1,33,7,1,2,1,1,1
0,0,1,7,0,0,0,0,29,0,0,3,0,2,1
0,0,1,3,0,0,0,0,13,0,0,1,1,0,1
0,0,0,2,0,0,0,0,14,0,0,1,0,0,1
0,0,0,3,0,0,0,0,21,0,0,1,1,0,1
0,0,1,2,0,0,0,0,37,0,0,1,1,0,1
0,0,0,0,0,0,1,0,35,0,0,2,1,1,1
0,0,0,0,0,0,0,0,9,0,0,1,0,0,1
0,0,1,2,0,0,0,0,16,0,0,2,1,1,1
0,0,1,1,1,0,0,0,10,0,0,1,1,0,1
0,0,0,4,0,0,0,0,11,0,0,2,0,1,1
0,0,1,1,0,0,0,0,12,0,0,1,0,0,1
0,0,0,2,0,0,0,0,17,0,0,1,1,0,1
0,0,1,8,0,0,0,0,26,0,0,1,1,0,1
0,0,1,7,0,0,1,1,28,0,1,2,1,1,1
0,0,0,1,0,0,0,0,35,0,0,2,1,1,1
0,0,0,1,0,0,0,0,21,0,0,2,0,1,1
0,0,1,7,0,0,0,0,17,0,0,1,1,0,1
0,0,1,0,0,0,0,0,48,1,0,2,1,1,1
0,0,0,1,0,0,0,0,17,0,0,1,1,0,1
0,0,1,6,0,0,0,1,14,0,1,1,0,0,1
0,0,1,3,0,0,0,0,21,0,0,1,1,0,1
0,0,0,3,0,0,0,0,13,0,0,2,0,1,1
0,0,0,0,0,0,0,0,11,0,0,1,1,0,1
0,0,0,1,0,0,0,1,12,0,1,1,1,0,1
0,0,0,5,0,0,0,0,15,0,0,2,0,1,1
0,0,0,0,0,0,0,0,12,0,0,1,1,0,1
0,0,0,0,0,0,0,0,25,9,0,3,1,2,1
0,0,0,1,0,0,0,0,20,0,0,1,1,0,1
0,0,1,5,0,0,0,0,13,0,0,1,1,0,1
0,0,0,4,0,0,0,0,13,0,0,1,1,0,1
0,0,1,2,0,0,0,0,12,0,0,1,0,0,1
0,0,0,0,0,0,0,0,17,0,0,1,0,0,1
0,1,1,2,0,0,0,0,14,0,0,2,0,1,1
0,0,0,3,0,0,0,0,12,0,0,1,1,0,1
0,0,1,3,0,0,0,0,11,0,0,2,0,1,1
0,0,1,3,0,0,0,1,28,0,1,3,1,2,1
0,0,0,1,0,0,0,0,27,3,0,5,0,4,1
0,0,0,2,0,0,0,0,10,0,0,1,1,0,1
0,0,1,3,0,0,0,0,12,0,0,1,1,0,1
0,1,0,1,0,0,0,0,12,0,0,1,1,0,1
0,0,1,2,0,0,1,0,12,0,0,2,0,1,1
0,0,1,5,0,0,0,0,25,0,0,2,0,1,1
0,0,1,1,0,0,0,1,30,0,3,1,1,0,1
0,0,1,3,0,0,0,0,13,0,0,1,1,0,1
0,0,1,1,0,0,0,0,10,0,0,1,0,0,1
0,0,0,0,0,0,0,0,18,0,0,1,1,0,1
0,0,1,5,0,0,0,0,12,0,0,1,1,0,1
0,1,1,5,0,0,1,0,30,0,0,2,1,1,1
0,0,0,0,0,0,0,0,10,0,0,1,1,0,1
0,0,1,6,0,0,0,0,19,0,0,1,0,0,1
0,0,1,5,0,0,1,1,39,0,1,2,1,1,1
0,0,1,4,0,0,0,1,21,0,2,2,1,1,1
0,0,0,1,0,0,0,0,16,0,0,2,0,1,1
0,0,1,0,0,0,1,1,48,0,1,4,1,3,1
0,0,0,1,0,0,0,0,9,1,0,1,0,0,1
0,0,1,3,0,0,0,1,29,0,2,2,1,1,1
0,0,1,4,0,0,0,0,17,0,0,2,1,1,1
0,0,1,4,0,0,0,0,18,0,0,1,1,0,1
0,0,1,5,0,0,0,0,13,0,0,1,1,0,1
0,0,0,0,0,0,0,0,18,0,0,2,0,1,1
0,0,0,0,0,0,0,0,23,1,0,2,0,1,1
0,0,1,3,0,0,0,0,10,0,0,1,0,0,1
0,0,0,0,0,0,0,1,10,0,1,1,0,0,1
0,0,1,13,0,0,0,0,17,0,0,1,1,0,1
0,0,1,4,0,0,0,0,13,0,0,1,1,0,1
0,0,1,5,0,0,0,1,13,0,1,1,1,0,1
0,0,1,2,0,0,0,0,22,0,0,2,1,1,1
0,0,0,0,0,0,0,0,19,0,0,1,1,0,1
1,0,0,2,0,0,0,0,13,10,0,3,0,2,1
0,0,1,1,0,0,0,0,48,0,0,5,1,4,1
0,0,0,1,0,0,0,0,19,0,0,1,1,0,1
0,0,1,3,0,0,0,0,23,0,0,2,0,1,1
0,0,0,0,0,0,1,0,13,0,0,1,1,0,1
0,0,1,3,0,0,0,0,23,0,0,1,1,0,1
0,0,1,1,0,0,0,0,33,10,0,3,1,2,1
0,0,1,1,0,0,0,0,6,0,0,1,1,0,1
0,0,0,0,0,0,0,1,44,3,3,3,1,2,1
0,0,0,1,0,0,0,0,13,0,0,1,1,0,1
0,0,1,3,0,0,0,0,27,0,0,1,1,0,1
0,0,1,6,0,0,0,0,17,0,0,1,1,0,1
0,0,1,0,0,0,0,0,29,5,0,2,1,1,1
0,0,0,1,0,0,0,0,17,0,0,1,1,0,1
0,0,0,1,0,0,0,0,9,0,0,2,1,1,1
0,0,1,5,0,0,0,0,14,0,0,1,1,0,1
0,0,1,7,1,0,1,0,15,0,0,1,1,0,1
0,0,1,5,0,0,1,0,30,0,0,2,1,1,1
0,0,0,2,0,0,0,0,21,0,0,2,1,1,1
0,0,1,1,0,0,0,0,12,1,0,1,0,0,1
0,0,1,2,0,0,0,0,9,0,0,1,1,0,1
1,0,0,3,0,0,0,0,12,9,0,3,0,2,1
0,0,1,2,0,0,0,1,26,0,1,3,0,2,1
0,0,0,4,0,0,0,0,17,0,0,2,0,1,1
0,0,0,1,0,0,1,0,6,0,0,1,0,0,1
0,0,0,1,0,0,0,0,17,0,0,2,1,1,1
0,0,1,1,0,0,0,0,15,0,0,1,1,0,1
0,0,0,2,0,0,0,0,22,0,0,2,1,1,1
0,0,0,3,0,0,0,1,17,0,1,1,0,0,1
0,0,1,6,0,0,0,0,11,0,0,1,1,0,1
0,0,1,3,0,0,0,0,67,5,0,8,0,7,1
0,0,0,0,0,0,0,0,23,4,0,2,0,1,1
1,0,0,3,0,0,0,0,13,10,0,3,0,2,1
0,0,1,6,0,0,0,0,22,0,0,2,0,1,1
0,0,0,3,0,0,0,0,10,0,0,1,1,0,1
0,0,0,0,0,0,0,0,25,7,0,2,0,1,1
0,0,1,7,0,0,0,0,7,0,0,1,0,0,1
0,0,1,5,0,0,0,0,39,2,0,2,1,1,1
0,0,1,5,0,0,0,0,19,0,0,2,0,1,1
0,0,1,4,0,0,0,0,13,0,0,1,0,0,1
0,0,0,1,0,0,0,0,15,0,0,2,0,1,1
0,0,1,6,0,0,0,0,58,8,0,2,1,1,1
0,0,0,2,0,0,0,0,19,0,0,1,1,0,1
0,0,1,0,0,0,1,1,47,0,12,2,1,1,1
0,0,1,2,0,0,0,0,21,0,0,1,1,0,1
0,0,0,1,0,0,0,0,21,0,0,1,1,0,1
0,0,0,2,0,0,0,0,17,0,0,2,0,1,1
0,0,1,10,0,0,0,0,11,0,0,2,0,1,1
0,0,0,0,0,0,0,0,28,0,0,3,1,2,1
0,0,1,5,0,0,0,0,35,2,0,2,1,1,1
0,0,0,2,0,0,0,0,21,0,0,1,1,0,1
0,0,1,1,0,0,0,0,42,0,0,4,1,3,1
0,0,0,1,0,0,0,0,24,0,0,2,0,1,1
0,0,0,1,0,0,0,0,18,0,0,1,0,0,1
0,0,1,4,0,0,0,1,34,4,3,2,1,1,1
0,0,1,7,0,0,0,0,13,0,0,1,1,0,1
0,0,0,3,0,0,0,0,10,0,0,1,1,0,1
0,0,0,0,0,0,0,0,25,0,0,2,1,1,1
0,0,1,3,0,0,0,0,13,0,0,1,1,0,1
0,0,0,0,0,0,0,0,8,1,0,2,1,1,1
0,0,1,5,0,0,1,1,26,0,1,2,1,1,1
0,0,1,6,0,0,0,0,17,0,0,1,1,0,1
0,0,1,5,0,0,0,0,17,0,0,1,1,0,1
0,0,0,2,0,0,0,0,6,0,0,1,0,0,1
0,0,1,5,0,0,0,0,29,0,0,3,0,2,1
0,0,0,0,0,0,0,1,35,0,3,2,0,1,1
0,0,0,0,0,0,0,0,38,0,0,1,0,0,1
0,0,0,1,0,0,0,1,7,0,1,1,0,0,1
0,0,0,0,0,0,0,0,19,0,0,3,0,2,1
0,0,0,1,0,0,0,0,14,0,0,1,1,0,1
0,0,1,5,0,0,1,1,27,0,1,2,1,1,1
0,0,1,5,0,0,0,1,14,0,2,1,0,0,1
0,0,1,1,0,0,0,0,23,0,0,1,1,0,1
0,0,0,1,0,0,0,0,19,0,0,1,1,0,1
0,0,0,1,0,0,0,0,10,0,0,1,0,0,1
0,0,1,2,0,0,0,0,14,0,0,1,1,0,1
0,0,1,4,0,0,0,0,19,0,0,1,1,0,1
0,0,0,3,0,0,0,1,12,0,1,1,0,0,1
0,0,0,3,0,0,0,0,9,0,0,1,0,0,1
0,0,0,2,0,0,0,0,24,0,0,1,0,0,1
0,1,1,3,0,0,0,0,14,0,0,1,1,0,1
0,0,0,3,0,0,0,0,14,0,0,1,0,0,1
1,0,1,3,0,0,0,0,12,9,0,3,0,2,1
0,0,1,1,0,0,0,0,13,0,0,2,0,1,1
0,1,1,2,0,0,0,0,13,0,0,1,0,0,1
0,0,1,3,0,0,0,0,21,0,0,2,1,1,1
0,0,0,1,0,0,1,0,4,0,0,1,1,0,1
0,0,0,4,0,0,0,0,19,7,0,2,1,1,1
0,0,1,3,0,0,0,0,17,0,0,1,1,0,1
0,0,1,9,0,0,0,0,21,0,0,1,1,0,1
0,0,1,7,0,0,0,0,16,0,0,1,1,0,1
0,0,1,6,0,0,0,1,36,3,1,2,1,1,1
0,0,0,1,0,0,0,0,11,0,0,1,1,0,1
0,0,1,5,0,0,0,0,20,0,0,2,0,1,1
0,0,0,0,0,0,0,0,9,0,0,1,0,0,1
0,0,0,0,0,0,0,0,30,7,0,2,1,1,1
0,0,1,4,0,0,0,0,16,0,0,2,1,1,1
0,0,1,4,0,0,0,0,19,0,0,1,1,0,1
0,0,0,4,0,0,0,0,7,0,0,1,0,0,1
0,0,1,5,0,0,0,0,7,0,0,1,0,0,1
0,0,0,0,0,0,0,0,17,5,0,1,0,0,1
0,0,0,0,0,0,0,0,14,0,0,1,0,0,1
0,0,1,0,0,0,0,1,50,4,2,5,0,4,1
0,0,0,3,0,0,0,0,18,0,0,1,1,0,1
0,0,0,1,0,0,1,0,11,0,0,1,1,0,1
0,0,0,2,0,0,0,0,17,0,0,1,1,0,1
0,0,0,1,0,0,0,0,8,0,0,1,0,0,1
0,0,0,1,0,0,0,1,21,6,2,1,1,0,1
0,0,0,0,0,0,0,0,11,0,0,1,0,0,1
0,0,0,1,0,0,0,0,14,0,0,1,1,0,1
0,0,1,3,0,0,0,0,17,0,0,1,0,0,1
0,0,1,7,0,0,0,0,7,0,0,1,0,0,1
0,0,0,0,0,0,0,0,7,0,0,1,1,0,1
0,0,0,0,0,0,0,1,34,4,2,2,1,1,1
0,0,1,2,0,0,0,0,22,0,0,1,1,0,1
0,0,1,3,0,0,0,0,8,0,0,1,0,0,1
0,0,1,2,0,0,0,1,28,0,1,2,1,1,1
0,0,1,3,0,0,0,0,12,0,0,1,1,0,1
0,0,1,3,0,0,0,1,32,0,2,2,1,1,1
0,0,1,8,0,0,0,0,29,0,0,1,1,0,1
0,0,1,1,0,0,0,0,48,19,0,2,1,1,1
0,0,0,1,0,0,0,0,9,0,0,1,0,0,1
0,0,0,2,0,0,0,0,13,0,0,1,0,0,1
0,0,1,1,1,0,0,1,36,0,3,1,0,0,1
0,0,0,1,0,0,0,0,7,0,0,1,0,0,1
0,0,1,5,0,0,0,0,22,0,0,1,1,0,1
0,1,1,7,0,0,0,0,17,0,0,1,0,0,1
0,0,1,11,0,0,0,0,39,0,0,2,1,1,1
0,0,1,4,0,0,0,0,12,0,0,1,1,0,1
0,0,1,1,0,0,0,0,14,0,0,2,0,1,1
0,1,1,2,0,0,0,0,14,0,0,2,0,1,1
0,0,1,2,0,0,0,0,33,0,0,2,0,1,1
0,0,0,3,0,0,0,0,11,0,0,1,1,0,1
0,0,1,5,0,0,0,0,15,0,0,2,1,1,1
0,0,1,3,0,0,0,0,15,0,0,1,1,0,1
0,0,0,3,0,0,0,0,27,0,0,2,1,1,1
0,0,0,0,0,0,0,0,16,0,0,1,0,0,1
0,1,1,4,0,0,0,0,20,0,0,1,1,0,1
0,0,1,5,0,0,0,1,19,0,1,1,0,0,1
0,0,1,3,0,0,0,0,19,0,0,1,1,0,1
0,0,1,7,0,0,0,0,11,0,0,1,1,0,1
0,0,0,3,0,0,0,0,22,3,0,2,1,1,1
0,0,0,1,0,0,0,0,18,1,0,2,1,1,1
0,0,1,8,0,0,0,0,14,0,0,1,0,0,1
0,0,0,2,0,0,0,0,23,0,0,1,1,0,1
0,0,0,3,0,0,0,1,13,0,1,1,1,0,1
0,0,1,4,0,0,0,0,13,0,0,2,1,1,1
0,0,1,5,0,0,0,0,24,0,0,1,1,0,1
0,0,1,4,0,0,0,0,19,7,0,2,1,1,1
0,0,0,3,0,0,0,0,19,3,0,1,1,0,1
0,0,0,1,0,0,0,0,15,1,0,1,1,0,1
0,0,0,1,0,0,0,0,19,0,0,2,0,1,1
0,0,1,4,0,0,0,0,22,0,0,1,1,0,1
0,0,1,4,0,0,0,0,23,0,0,2,0,1,1
0,0,1,5,0,0,0,0,21,0,0,1,1,0,1
0,0,0,4,0,0,0,0,12,0,0,1,1,0,1
0,0,0,2,0,0,0,0,21,0,0,1,1,0,1
0,0,1,2,0,0,0,0,19,0,0,1,1,0,1
0,0,0,0,0,0,0,0,27,0,0,3,1,2,1
0,0,1,0,0,0,0,1,53,0,3,4,0,3,1
0,0,0,0,0,0,0,1,33,0,2,2,0,1,1
0,0,0,1,0,0,1,0,4,0,0,1,1,0,1
0,0,0,1,0,0,0,0,21,0,0,1,1,0,1
1,0,0,0,0,0,0,0,12,9,0,3,0,2,1
0,0,0,2,0,0,0,0,17,0,0,2,0,1,1
0,0,1,4,0,0,0,0,16,0,0,1,0,0,1
0,0,0,0,0,0,0,1,38,0,2,2,1,1,1
0,0,1,6,0,0,0,0,17,0,0,1,1,0,1
0,0,0,1,0,0,0,0,15,0,0,2,0,1,1
0,0,1,6,0,0,0,0,17,0,0,1,1,0,1
0,0,0,2,0,0,0,0,23,0,0,1,1,0,1
0,0,0,0,0,0,0,1,19,0,1,1,1,0,1
0,0,0,1,0,0,0,0,13,0,0,1,0,0,1
0,0,0,0,0,0,0,1,21,0,1,3,1,2,1
0,0,0,2,0,0,0,0,19,0,0,2,0,1,1
0,0,0,3,0,0,0,0,14,0,0,1,0,0,1
0,0,1,1,0,0,0,1,37,11,4,3,1,2,1
0,0,0,2,0,0,0,0,14,0,0,2,0,1,1
0,1,1,2,0,0,1,0,24,0,0,3,1,2,1
0,0,1,5,0,0,1,1,31,0,1,2,1,1,1
0,0,1,4,0,0,0,0,11,0,0,1,1,0,1
0,0,0,0,0,0,0,0,17,3,0,1,1,0,1
0,0,1,6,0,0,0,0,18,0,0,1,1,0,1
0,1,1,7,0,0,0,0,17,0,0,1,0,0,1
0,0,0,2,0,0,0,0,16,0,0,2,1,1,1
0,0,1,2,0,0,0,0,14,0,0,1,1,0,1
0,0,1,11,0,0,0,1,17,0,1,2,0,1,1
0,0,0,1,0,0,0,0,10,0,0,1,1,0,1
0,0,1,8,0,0,0,0,22,0,0,2,0,1,1
0,0,0,1,0,0,0,0,9,3,0,1,0,0,1
0,0,0,0,0,0,0,1,31,1,1,6,0,5,1
0,0,1,5,0,0,0,0,17,0,0,1,1,0,1
0,0,1,5,0,0,0,0,49,2,0,4,1,3,1
0,0,0,1,0,0,0,0,8,0,0,1,0,0,1
0,0,0,1,0,0,0,0,21,0,0,1,1,0,1
0,0,1,2,0,0,0,1,65,0,5,2,1,1,1
0,0,0,2,0,0,1,0,13,3,0,2,1,1,1
0,0,1,0,0,0,0,0,75,12,0,2,1,1,1
0,0,0,2,0,0,0,0,28,0,0,1,0,0,1
0,0,1,1,1,0,1,0,19,0,0,2,1,1,1
0,0,1,10,0,0,0,0,17,0,0,4,0,3,1
0,0,1,2,0,0,0,0,13,0,0,1,1,0,1
0,0,1,10,0,0,1,0,11,0,0,2,0,1,1
0,0,0,2,0,0,0,0,18,0,0,2,0,1,1
0,0,0,1,0,0,0,0,6,0,0,1,0,0,1
0,0,1,5,0,0,0,0,8,0,0,1,0,0,1
0,0,1,6,0,0,0,0,16,0,0,2,0,1,1
0,0,0,0,0,0,0,0,16,0,0,1,1,0,1
0,0,1,7,0,0,0,0,15,0,0,1,0,0,1
0,0,0,2,0,0,0,0,23,0,0,1,1,0,1
0,0,0,2,0,0,0,0,22,0,0,1,1,0,1
0,0,0,1,0,0,1,0,14,0,0,1,1,0,1
0,0,1,1,1,0,0,0,20,0,0,1,1,0,1
0,0,0,2,0,0,0,0,18,0,0,1,1,0,1
0,0,0,3,0,0,0,0,10,0,0,1,1,0,1
1,0,1,3,0,0,0,0,13,10,0,3,0,2,1
0,0,0,0,0,0,1,1,15,0,1,1,1,0,1
0,0,0,4,0,0,0,0,18,0,0,1,1,0,1
0,0,1,4,0,0,0,0,15,0,0,2,1,1,1
0,0,1,7,0,0,0,0,20,0,0,2,0,1,1
0,0,1,4,0,0,0,0,16,0,0,2,0,1,1
0,0,1,5,0,0,0,0,17,0,0,1,1,0,1
0,0,1,3,0,0,0,0,19,0,0,1,0,0,1
0,0,0,4,0,0,0,0,28,9,0,4,0,3,1
0,0,0,2,0,0,0,0,19,0,0,1,1,0,1
0,0,0,1,0,0,0,0,15,0,0,1,1,0,1
0,0,0,1,0,0,0,0,9,0,0,1,0,0,1
0,0,0,1,0,0,0,0,18,0,0,1,1,0,1
0,0,1,3,0,0,0,0,14,0,0,1,0,0,1
0,0,1,5,0,0,0,0,20,0,0,1,1,0,1
0,0,0,0,0,0,0,0,18,1,0,2,1,1,1
0,0,0,0,0,0,0,0,35,0,0,2,1,1,1
0,0,1,8,0,0,0,0,12,4,0,1,1,0,1
0,0,0,3,0,0,0,0,16,0,0,1,1,0,1
0,0,1,4,0,0,0,0,22,0,0,1,1,0,1
0,0,0,2,0,0,0,0,8,0,0,1,0,0,1
0,0,1,7,0,0,0,0,10,0,0,1,1,0,1
0,0,0,2,0,0,0,0,29,0,0,1,1,0,1
0,0,1,2,0,0,0,0,24,0,0,1,1,0,1
0,0,1,2,0,0,0,1,26,0,1,3,0,2,1
0,0,0,0,0,0,0,1,30,0,1,2,1,1,1
0,0,0,1,0,0,0,0,28,0,0,2,0,1,1
0,0,0,1,0,0,0,1,34,3,1,2,1,1,1
0,0,0,1,0,0,0,0,8,0,0,1,0,0,1
0,0,0,3,0,0,0,0,19,0,0,1,1,0,1
0,0,1,5,0,0,1,1,25,0,1,2,1,1,1
0,0,1,8,0,0,0,0,29,0,0,1,1,0,1
0,0,1,3,0,0,0,0,30,7,0,2,1,1,1
0,0,0,1,0,0,1,0,6,0,0,1,0,0,1
0,0,1,5,0,0,1,1,29,0,1,2,1,1,1
0,0,0,0,0,0,0,0,13,1,0,2,0,1,1
0,0,1,2,0,0,1,0,15,0,0,1,1,0,1
0,0,0,2,0,0,0,0,15,0,0,1,1,0,1
0,0,0,2,0,0,0,0,19,0,0,1,0,0,1
0,0,1,2,0,0,0,0,31,12,0,2,0,1,1
0,0,1,1,0,0,0,0,18,4,0,2,1,1,1
0,0,0,2,0,0,0,1,21,0,1,1,0,0,1
0,0,1,3,0,0,0,0,16,1,0,1,1,0,1
0,0,1,4,0,0,0,1,26,2,1,2,1,1,1
0,0,1,7,0,0,0,0,17,0,0,1,1,0,1
0,0,1,3,0,0,0,0,10,0,0,1,0,0,1
0,0,1,2,0,0,0,1,26,0,1,3,0,2,1
0,0,1,8,0,0,0,0,14,0,0,1,1,0,1
0,0,1,2,0,0,0,0,20,0,0,1,0,0,1
0,0,1,4,0,0,0,1,20,0,1,2,1,1,1
0,0,1,3,0,0,0,0,20,0,0,2,0,1,1
0,0,0,2,0,0,0,0,16,0,0,1,1,0,1
0,0,1,2,0,0,0,0,22,0,0,1,1,0,1
0,0,1,5,0,0,1,1,32,0,1,2,1,1,1
0,0,1,3,0,0,0,0,14,0,0,1,0,0,1
0,0,1,9,0,0,0,0,13,0,0,1,1,0,1
0,0,1,4,0,0,0,0,11,0,0,1,1,0,1
0,0,0,1,0,0,0,0,15,0,0,1,1,0,1
0,0,0,3,0,0,0,0,16,0,0,1,1,0,1
0,0,0,2,0,0,0,1,29,0,2,2,1,1,1
0,0,1,7,0,0,1,0,12,0,0,1,1,0,1
0,0,0,4,0,0,0,0,11,0,0,2,0,1,1
0,0,1,4,0,0,0,0,15,0,0,1,1,0,1
0,0,0,0,0,0,0,0,27,0,0,2,1,1,1
0,0,0,0,0,0,0,0,19,0,0,1,1,0,1
0,0,1,3,0,0,0,1,28,0,1,3,1,2,1
0,0,0,1,0,0,0,0,20,0,0,1,1,0,1
0,0,0,1,0,0,0,1,28,0,1,3,1,2,1
0,0,0,0,0,0,0,1,18,0,1,1,1,0,1
0,0,1,5,0,0,1,1,25,3,1,2,1,1,1
0,0,1,4,0,0,0,0,22,0,0,1,1,0,1
0,0,1,3,0,0,0,0,16,0,0,1,1,0,1
0,0,0,0,0,0,0,0,15,0,0,2,0,1,1
0,0,1,2,0,0,0,1,28,0,1,3,0,2,1
0,0,1,1,0,0,0,1,34,1,3,3,1,2,1
0,0,0,3,0,0,0,0,10,0,0,1,1,0,1
0,0,1,4,0,0,0,0,21,0,0,1,1,0,1
0,0,1,11,0,0,0,0,12,0,0,2,0,1,1
0,0,0,1,0,0,0,1,17,0,1,1,1,0,1
0,0,0,0,0,0,0,0,20,0,0,1,1,0,1
0,0,0,1,0,0,0,0,14,1,0,2,0,1,1
0,1,1,3,0,0,1,0,22,0,0,2,1,1,1
0,0,0,1,0,0,0,0,10,0,0,1,0,0,1
0,0,1,5,0,0,0,0,19,0,0,2,0,1,1
0,0,1,5,0,0,1,1,32,0,1,2,1,1,1
0,0,0,2,0,0,0,0,14,0,0,1,1,0,1
0,0,1,3,0,0,0,0,19,0,0,1,1,0,1
0,0,1,2,0,0,0,1,36,0,1,3,1,2,1
0,0,1,7,0,0,0,0,24,2,0,2,1,1,1
0,0,0,3,0,0,0,0,13,0,0,1,1,0,1
0,0,1,5,0,0,0,1,14,0,1,1,1,0,1
0,0,1,5,0,0,1,1,31,1,1,2,1,1,1
0,0,0,0,0,0,0,0,24,0,0,2,1,1,1
0,0,0,1,0,0,0,1,25,0,1,2,0,1,1
0,0,1,2,0,0,0,0,23,2,0,3,1,2,1
0,0,1,7,0,0,0,0,17,0,0,1,1,0,1
0,0,1,2,0,0,0,0,21,0,0,1,1,0,1
0,0,1,2,0,0,0,0,16,0,0,1,1,0,1
0,0,1,0,0,0,0,0,74,12,0,2,1,1,1
0,0,0,3,0,0,0,0,10,0,0,1,1,0,1
0,0,1,7,0,0,0,0,8,0,0,1,0,0,1
0,0,0,1,0,0,0,0,9,0,0,1,0,0,1
0,0,0,2,0,0,0,0,13,0,0,1,1,0,1
0,0,0,1,0,0,0,0,13,0,0,1,1,0,1
0,0,1,3,0,0,0,0,12,0,0,1,1,0,1
0,0,0,4,0,0,0,1,11,0,1,1,1,0,1
0,0,0,2,0,0,0,0,13,1,0,1,1,0,1
0,0,0,1,0,0,0,0,25,8,0,2,1,1,1
0,0,1,5,0,0,0,0,23,0,0,2,0,1,1
0,0,1,2,0,0,0,0,14,0,0,1,1,0,1
0,0,0,0,0,0,1,0,23,3,0,2,1,1,1
0,0,0,0,0,0,1,0,23,3,0,2,1,1,1
0,0,1,5,0,0,0,1,22,0,1,1,0,0,1
0,0,1,5,0,0,0,0,11,0,0,2,0,1,1
0,0,1,5,0,0,0,0,21,0,0,3,1,2,1
0,0,0,0,0,0,0,1,25,0,1,1,0,0,1
0,0,1,2,0,0,0,0,13,1,0,1,1,0,1
0,0,1,2,0,0,0,0,28,0,0,1,1,0,1
0,0,1,5,0,0,0,0,15,0,0,2,1,1,1
0,0,1,3,0,0,0,0,27,7,0,3,0,2,1
0,0,0,0,0,0,1,0,22,2,0,2,1,1,1
0,0,1,5,0,0,0,0,13,0,0,2,0,1,1
0,1,1,7,0,0,1,0,17,0,0,1,0,0,1
0,1,1,1,0,0,0,0,13,0,0,1,1,0,1
0,0,1,5,0,0,0,0,15,0,0,2,1,1,1
0,0,0,1,0,0,0,0,14,0,0,1,1,0,1
0,0,1,6,0,0,0,0,25,6,0,2,0,1,1
0,0,1,2,1,0,0,0,16,0,0,1,1,0,1
0,0,1,5,0,0,0,0,17,0,0,1,1,0,1
0,0,0,1,0,0,0,0,22,0,0,1,0,0,1
0,0,1,4,0,0,0,1,15,0,1,1,1,0,1
0,0,1,4,0,0,1,1,33,0,1,2,1,1,1
0,0,1,7,0,0,0,1,23,0,1,2,0,1,1
0,0,1,5,0,0,0,0,14,0,0,1,1,0,1
0,0,0,1,0,0,0,0,17,0,0,1,0,0,1
0,0,1,1,0,0,0,0,13,0,0,1,0,0,1
0,0,1,4,0,0,0,0,12,0,0,1,1,0,1
0,0,1,4,0,0,0,0,13,0,0,2,0,1,1
0,0,0,4,0,0,0,0,19,0,0,1,1,0,1
0,0,0,1,0,0,1,0,19,0,0,1,1,0,1
0,0,0,1,0,0,1,0,28,0,0,4,1,3,1
0,0,1,5,0,0,0,0,22,0,0,1,1,0,1
0,0,0,0,0,0,0,0,25,0,0,1,1,0,1
0,0,1,6,0,0,0,0,14,0,0,2,0,1,1
0,0,1,5,0,0,0,0,19,0,0,1,0,0,1
0,0,0,1,0,0,0,0,7,0,0,1,0,0,1
0,0,0,1,0,0,0,0,19,5,0,2,0,1,1
0,0,1,4,0,0,0,0,24,0,0,1,1,0,1
0,0,0,0,0,0,0,0,30,0,0,2,0,1,1
0,0,1,3,0,0,0,0,18,0,0,2,0,1,1
0,0,0,2,0,0,0,0,18,0,0,1,0,0,1
0,0,1,5,0,0,1,1,33,2,1,2,1,1,1
0,0,0,0,0,0,0,0,22,0,0,4,1,3,1
0,0,1,3,0,0,0,0,26,0,0,1,1,0,1
0,0,1,4,0,0,0,0,16,0,0,1,1,0,1
1,0,1,5,0,0,0,0,15,12,0,3,0,2,1
0,0,1,7,0,0,0,0,7,0,0,1,0,0,1
0,0,1,2,0,0,0,0,13,0,0,1,1,0,1
0,0,0,1,0,0,1,0,6,0,0,1,0,0,1
0,0,1,5,0,0,0,0,9,2,0,1,0,0,1
0,0,0,1,0,0,0,0,21,0,0,1,1,0,1
0,0,1,5,0,0,0,0,17,0,0,1,1,0,1
0,0,0,1,0,0,0,0,20,0,0,1,1,0,1
0,0,1,4,0,0,0,1,25,0,1,1,0,0,1
0,1,0,0,0,0,1,0,19,0,0,2,0,1,1
0,0,0,2,0,0,0,0,16,0,0,2,1,1,1
0,0,0,1,0,0,0,1,17,0,1,1,1,0,1
0,0,0,3,0,0,0,0,15,0,0,1,1,0,1
0,0,0,1,0,0,0,0,10,0,0,1,0,0,1
0,0,0,1,0,0,0,0,6,0,0,1,0,0,1
0,0,1,3,0,0,0,0,18,0,0,1,1,0,1
0,0,1,5,0,0,0,1,14,0,1,1,0,0,1
0,0,1,5,0,0,1,1,32,0,1,2,1,1,1
0,0,0,0,0,0,0,1,23,2,1,1,1,0,1
0,0,1,2,0,0,0,0,28,0,0,1,1,0,1
0,1,1,2,0,0,1,0,18,0,0,2,1,1,1
0,0,1,4,0,0,1,0,14,0,0,1,1,0,1
0,0,0,2,1,0,0,0,13,0,0,2,0,1,1
0,0,1,3,0,0,0,0,14,0,0,2,0,1,1
0,0,1,0,0,0,1,1,48,0,1,4,1,3,1
0,0,0,0,0,0,0,0,29,18,0,2,1,1,1
0,0,1,5,0,0,0,0,22,0,0,1,1,0,1
0,0,1,1,1,0,0,0,22,0,0,2,1,1,1
0,0,1,5,0,0,0,0,15,0,0,2,1,1,1
0,0,0,2,0,0,0,1,18,0,1,1,1,0,1
0,0,1,6,0,0,0,0,34,0,0,1,1,0,1
0,1,1,3,0,0,0,0,16,0,0,2,0,1,1
0,0,0,0,0,0,0,1,31,0,1,3,1,2,1
0,0,1,5,0,0,0,0,21,0,0,2,0,1,1
0,0,0,2,0,0,0,0,12,0,0,1,1,0,1
0,0,0,1,0,0,0,0,16,0,0,1,1,0,1
0,0,1,2,0,0,0,0,16,0,0,2,1,1,1
0,0,0,0,0,0,0,0,26,0,0,1,1,0,1
0,0,1,5,0,0,1,1,30,0,1,2,1,1,1
0,0,1,5,0,0,0,0,19,0,0,1,1,0,1
0,0,1,7,0,0,0,1,22,0,1,1,1,0,1
0,0,0,1,0,0,0,0,12,0,0,1,0,0,1
0,0,1,5,0,0,0,0,9,0,0,1,0,0,1
0,0,1,5,0,0,0,0,35,2,0,2,1,1,1
0,0,0,2,0,0,0,0,22,0,0,2,1,1,1
0,0,0,0,0,0,0,0,27,0,0,2,0,1,1
0,1,1,7,0,0,0,0,17,0,0,1,0,0,1
0,0,1,1,0,0,0,1,22,0,1,1,1,0,1
0,0,0,0,0,0,0,0,15,0,0,1,1,0,1
0,0,0,0,0,0,0,0,14,0,0,1,1,0,1
0,0,0,1,0,0,0,0,21,0,0,1,1,0,1
0,0,0,0,0,0,0,1,30,0,2,2,0,1,1
0,0,1,2,0,0,0,1,19,0,1,1,1,0,1
0,0,0,0,0,0,0,0,14,3,0,1,1,0,1
0,0,0,0,0,0,0,0,11,0,0,1,0,0,1
0,0,1,3,0,0,0,0,11,0,0,1,0,0,1
0,0,0,2,0,0,1,0,14,0,0,1,1,0,1
0,0,1,5,0,0,1,0,11,0,0,2,0,1,1
0,0,1,3,0,0,0,1,32,0,2,2,1,1,1
0,0,1,8,0,0,0,0,29,0,0,1,1,0,1
0,1,1,4,0,0,1,1,27,0,1,2,1,1,1
0,0,1,2,0,0,0,0,16,0,0,2,1,1,1
0,0,1,6,0,0,0,0,14,0,0,1,1,0,1
0,0,0,0,0,0,0,0,16,5,0,2,0,1,1
1,0,1,2,0,0,0,0,14,11,0,3,0,2,1
0,0,1,6,0,0,0,0,31,0,0,2,1,1,1
0,0,1,2,0,0,0,0,16,0,0,2,1,1,1
0,0,1,3,0,0,0,0,15,0,0,1,1,0,1
0,0,1,1,0,0,0,0,6,0,0,1,1,0,1
0,0,1,4,0,0,0,0,8,0,0,1,1,0,1
0,0,0,2,0,0,0,0,10,0,0,1,0,0,1
0,0,1,10,0,0,0,0,19,0,0,1,1,0,1
0,0,1,5,0,0,0,1,39,4,1,2,1,1,1
0,0,1,2,0,0,0,0,22,0,0,2,1,1,1
0,0,0,1,0,0,0,1,10,0,1,1,1,0,1
0,0,1,6,0,0,0,1,47,26,1,2,0,1,1
0,0,1,2,0,0,0,0,18,0,0,1,1,0,1
0,0,1,3,0,0,0,0,45,0,0,2,1,1,1
0,0,1,5,0,0,0,0,17,1,0,1,0,0,1
0,0,1,4,0,0,0,0,56,2,0,4,1,3,1
0,0,1,7,0,0,1,0,12,0,0,1,1,0,1
0,0,0,2,0,0,0,0,10,0,0,1,1,0,1
0,0,1,5,0,0,0,0,11,0,0,1,1,0,1
0,0,0,2,0,0,0,1,6,0,1,1,0,0,1
0,0,0,3,0,0,0,0,18,0,0,1,1,0,1
0,0,0,3,0,0,0,0,7,0,0,1,0,0,1
0,0,1,8,0,0,0,0,20,1,0,1,1,0,1
0,0,1,5,0,0,0,1,7,0,1,1,0,0,1
0,0,1,5,0,0,1,1,29,1,1,2,1,1,1
0,0,0,0,0,0,0,0,13,0,0,1,1,0,1
0,0,1,2,0,0,0,0,48,19,0,2,0,1,1
0,0,0,1,0,0,0,0,17,0,0,1,1,0,1
0,0,0,2,0,0,0,0,16,0,0,1,1,0,1
0,0,0,0,0,0,0,0,10,0,0,1,1,0,1
0,0,1,2,0,0,0,0,16,0,0,2,1,1,1
0,1,1,2,0,0,0,0,14,0,0,2,0,1,1
0,0,0,1,0,0,1,0,33,0,0,3,1,2,1
0,0,1,3,0,0,0,0,40,0,0,3,1,2,1
0,0,1,3,0,0,0,0,28,7,0,2,1,1,1
0,0,1,4,0,0,0,0,29,0,0,3,0,2,1
0,0,1,2,0,0,0,0,22,0,0,2,1,1,1
0,0,0,1,0,0,0,1,14,0,1,1,1,0,1
0,0,0,2,0,0,0,0,13,2,0,1,1,0,1
0,0,0,1,0,0,0,0,7,0,0,1,0,0,1
0,0,1,1,0,0,1,1,20,0,1,3,0,2,1
0,0,0,1,0,0,0,0,9,3,0,1,0,0,1
0,0,1,2,0,0,0,0,27,0,0,2,0,1,1
0,0,1,5,0,0,0,1,14,0,2,1,0,0,1
0,0,1,8,0,0,0,0,10,0,0,1,1,0,1
0,0,1,2,0,0,0,0,18,2,0,1,1,0,1
0,0,0,2,0,0,0,0,18,0,0,1,1,0,1
0,0,1,6,0,0,0,0,21,3,0,1,0,0,1
0,0,1,5,0,0,0,0,12,0,0,1,1,0,1
0,0,1,4,0,0,0,0,10,0,0,2,0,1,1
0,0,1,5,0,0,0,0,34,0,0,1,1,0,1
0,0,0,0,0,0,0,0,11,0,0,1,1,0,1
0,0,0,0,0,0,0,0,33,3,0,2,1,1,1
0,0,1,6,0,0,0,0,15,0,0,1,1,0,1
0,1,1,5,0,0,0,1,7,0,1,1,0,0,1
0,0,0,2,0,0,0,0,21,0,0,2,0,1,1
0,0,0,1,0,0,0,0,14,1,0,1,1,0,1
0,0,1,5,0,0,0,0,20,0,0,1,1,0,1
0,0,0,3,0,0,0,0,14,0,0,1,0,0,1
0,0,0,2,0,0,0,0,11,0,0,1,0,0,1
0,1,1,4,0,0,0,1,16,0,1,1,0,0,1
0,0,1,3,0,0,0,0,17,0,0,1,1,0,1
0,0,0,1,0,0,0,0,7,0,0,1,0,0,1
0,0,0,0,0,0,0,0,9,0,0,1,0,0,1
0,0,1,3,0,0,0,0,22,0,0,2,1,1,1
0,0,0,3,0,0,0,0,16,0,0,1,1,0,1
0,0,1,1,0,0,0,0,10,0,0,1,1,0,1
0,0,1,2,0,0,0,0,26,2,0,1,0,0,1
0,0,1,6,0,0,0,1,18,0,1,1,1,0,1
0,0,1,6,0,0,0,1,16,0,1,1,0,0,1
0,0,0,2,0,0,0,0,21,0,0,2,0,1,1
0,0,1,7,0,0,0,0,15,0,0,1,1,0,1
0,0,1,2,0,0,0,0,23,0,0,2,0,1,1
0,0,0,2,0,0,0,0,12,1,0,1,1,0,1
0,0,1,7,0,0,0,0,16,0,0,1,1,0,1
0,0,1,2,0,0,0,0,23,0,0,2,0,1,1
0,0,1,5,0,0,0,0,15,0,0,1,1,0,1
0,1,1,7,0,0,0,0,17,0,0,1,0,0,1
0,0,0,3,0,0,0,0,10,0,0,1,0,0,1
0,0,0,4,0,0,0,0,9,0,0,1,0,0,1
0,0,0,3,0,0,0,1,19,0,1,2,1,1,1
0,0,0,3,0,0,0,0,13,0,0,1,1,0,1
0,0,1,1,0,0,0,0,13,0,0,2,0,1,1
0,0,0,3,0,0,0,0,11,0,0,1,1,0,1
0,0,1,3,0,0,0,1,36,0,2,1,1,0,1
0,0,1,1,0,0,0,1,29,11,3,1,0,0,1
0,0,1,6,0,0,0,0,11,0,0,1,1,0,1
0,0,0,0,0,0,0,0,23,3,0,2,1,1,1
0,0,1,5,0,0,0,0,15,0,0,2,1,1,1
0,0,1,4,0,0,1,0,15,0,0,1,1,0,1
0,0,0,3,0,0,0,0,16,0,0,1,1,0,1
0,0,0,3,0,0,0,0,12,0,0,1,1,0,1
0,0,0,3,0,0,0,0,16,0,0,2,0,1,1
0,0,0,0,0,0,0,1,24,0,1,3,0,2,1
0,0,1,1,1,0,0,0,7,0,0,1,0,0,1
0,0,0,1,0,0,0,0,31,4,0,2,0,1,1
0,0,0,3,0,0,0,0,13,0,0,1,1,0,1
0,0,1,6,0,0,0,0,11,0,0,1,1,0,1
0,0,0,3,0,0,0,0,18,0,0,2,1,1,1
0,0,0,2,0,0,0,0,10,0,0,1,0,0,1
0,0,1,8,0,0,0,0,14,2,0,1,0,0,1
0,0,0,3,0,0,0,0,17,0,0,1,0,0,1
0,0,0,2,0,0,0,0,15,0,0,1,1,0,1
0,0,0,1,0,0,1,0,11,0,0,1,1,0,1
0,0,1,2,0,0,0,1,24,0,1,1,0,0,1
0,0,1,6,0,0,0,0,31,0,0,2,1,1,1
0,0,1,3,0,0,0,0,19,0,0,1,1,0,1
0,0,1,0,0,0,0,0,49,0,0,4,0,3,1
0,0,1,4,0,0,0,0,13,0,0,1,0,0,1
0,0,0,2,0,0,0,0,14,0,0,1,1,0,1
0,0,0,0,0,0,0,0,12,0,0,1,0,0,1
0,0,1,4,0,0,0,0,19,7,0,2,1,1,1
0,0,1,6,0,0,0,0,19,0,0,1,1,0,1
0,0,0,2,0,0,0,0,17,0,0,1,0,0,1
0,0,0,0,0,0,0,0,22,0,0,1,1,0,1
0,0,1,2,1,0,0,0,16,0,0,1,1,0,1
0,1,1,7,0,0,0,0,17,0,0,1,0,0,1
0,0,1,1,0,0,0,1,33,7,1,3,1,2,1
0,0,1,5,0,0,1,1,27,0,1,2,1,1,1
0,0,1,7,0,0,0,0,17,0,0,1,1,0,1
0,0,0,2,0,0,0,0,14,0,0,1,1,0,1
0,0,0,0,0,0,0,0,19,0,0,1,1,0,1
0,0,0,2,0,0,0,0,15,0,0,1,1,0,1
0,0,1,0,0,0,0,1,51,0,4,2,1,1,1
0,0,1,2,0,0,0,0,22,0,0,1,0,0,1
0,0,0,0,0,0,0,0,41,5,0,5,0,4,1
0,0,1,5,0,0,0,0,15,0,0,2,1,1,1
0,0,1,6,0,0,0,0,23,0,0,1,1,0,1
0,0,0,3,0,0,0,0,14,1,0,1,0,0,1
0,0,0,1,0,0,0,0,23,0,0,1,1,0,1
0,0,1,3,0,0,0,0,18,0,0,1,0,0,1
0,0,1,4,0,0,0,0,24,0,0,2,0,1,1
0,0,1,5,0,0,0,0,8,1,0,1,1,0,1
0,0,1,3,0,0,0,0,20,0,0,2,0,1,1
0,0,0,2,0,0,0,1,22,0,1,2,0,1,1
0,0,0,1,0,0,0,0,15,0,0,1,1,0,1
0,0,0,3,0,0,0,0,19,0,0,2,1,1,1
0,0,0,2,0,0,0,0,40,0,0,2,1,1,1
0,0,0,2,0,0,0,0,22,0,0,2,1,1,1
0,1,1,1,0,0,1,0,13,0,0,1,1,0,1
0,0,0,2,0,0,0,0,22,0,0,2,1,1,1
0,0,0,1,0,0,0,0,11,0,0,1,0,0,1
0,0,1,5,0,0,0,0,10,0,0,1,1,0,1
0,0,0,0,0,0,0,1,25,0,1,2,1,1,1
0,0,0,2,0,0,0,0,25,2,0,2,1,1,1
0,0,0,2,0,0,0,0,28,0,0,2,0,1,1
0,0,1,5,0,0,0,0,22,0,0,1,1,0,1
0,0,1,7,0,0,0,0,15,0,0,1,1,0,1
0,1,1,3,0,0,0,0,12,0,0,1,0,0,1
0,0,1,2,0,0,0,0,18,0,0,1,1,0,1
0,1,1,2,0,0,0,0,17,0,0,1,1,0,1
0,0,1,2,0,0,0,0,41,0,0,3,1,2,1
0,0,1,6,0,0,0,0,22,0,0,1,0,0,1
0,1,1,2,0,0,1,0,24,0,0,3,1,2,1
0,0,0,0,0,0,1,1,21,0,1,2,1,1,1
0,0,1,7,0,0,0,1,22,0,1,1,1,0,1
0,0,1,6,0,0,0,0,14,0,0,2,0,1,1
0,0,1,3,0,0,0,0,28,0,0,1,1,0,1
0,0,1,1,0,0,0,1,29,11,3,1,0,0,1
0,0,1,4,0,0,0,0,19,0,0,2,1,1,1
0,0,1,2,0,0,0,0,20,0,0,1,1,0,1
0,0,1,2,0,0,0,0,10,0,0,1,0,0,1
0,0,0,1,0,0,0,1,17,0,1,2,0,1,1
0,0,1,2,0,0,0,0,20,0,0,1,1,0,1
0,0,1,6,0,0,0,0,8,2,0,1,1,0,1
0,0,0,0,0,0,0,0,26,11,0,4,0,3,1
0,0,0,2,0,0,1,0,21,0,0,1,1,0,1
0,0,1,3,0,0,0,0,18,0,0,1,1,0,1
0,0,1,5,0,0,0,0,11,2,0,1,1,0,1
0,0,1,7,0,0,0,1,23,0,3,1,1,0,1
0,0,0,0,0,0,0,1,26,0,4,2,1,1,1
0,1,1,4,0,0,1,0,18,0,0,1,1,0,1
0,0,1,5,0,0,0,0,15,0,0,2,1,1,1
0,0,1,4,0,0,0,1,26,2,1,2,1,1,1
0,0,1,2,0,0,0,1,35,9,1,3,1,2,1
0,0,1,2,0,0,0,0,13,0,0,1,1,0,1
0,0,1,5,0,0,0,0,22,0,0,1,1,0,1
0,0,0,1,0,0,1,0,19,0,0,1,1,0,1
0,0,1,6,0,0,0,0,14,0,0,2,0,1,1
0,0,1,4,0,0,0,1,16,0,1,1,0,0,1
0,0,0,3,0,0,1,0,20,0,0,2,1,1,1
0,0,1,1,0,0,0,0,12,0,0,1,0,0,1
0,0,1,6,0,0,0,1,17,0,1,1,0,0,1
0,0,1,2,0,0,0,0,23,2,0,3,1,2,1
0,0,1,4,0,0,0,0,15,0,0,2,1,1,1
0,0,0,1,0,0,0,0,25,8,0,2,1,1,1
0,0,1,2,0,0,0,0,16,0,0,2,1,1,1
0,0,1,2,0,0,0,0,25,0,0,2,1,1,1
0,0,1,3,0,0,0,0,27,1,0,2,1,1,1
0,0,0,0,0,0,0,0,16,0,0,2,0,1,1
0,0,1,4,0,0,0,0,14,0,0,1,1,0,1
0,0,0,3,0,0,0,0,12,0,0,1,0,0,1
0,0,0,1,0,0,1,0,11,0,0,1,1,0,1
0,0,1,3,0,0,0,0,17,0,0,1,1,0,1
0,1,1,5,0,0,0,0,16,0,0,1,1,0,1
0,0,0,1,0,0,1,0,14,0,0,1,1,0,1
0,0,1,7,0,0,0,0,34,0,0,4,0,3,1
0,0,0,0,0,0,1,0,30,0,0,2,1,1,1
0,0,1,3,0,0,0,0,16,0,0,1,1,0,1
0,0,0,0,0,0,0,0,22,0,0,2,0,1,1
0,0,1,2,0,0,0,0,25,0,0,1,1,0,1
0,0,1,4,0,0,0,0,16,0,0,2,1,1,1
0,0,1,2,0,0,0,0,16,0,0,1,1,0,1
0,0,1,2,0,0,0,0,15,0,0,2,0,1,1
0,0,1,3,0,0,1,0,18,0,0,2,0,1,1
0,0,0,1,0,0,0,0,20,0,0,1,1,0,1
0,0,0,1,0,0,0,0,33,0,0,1,1,0,1
0,0,1,2,1,0,0,0,9,0,0,1,0,0,1
0,0,1,4,0,0,0,0,11,0,0,2,0,1,1
0,0,0,0,0,0,0,0,20,1,0,2,1,1,1
0,0,0,6,0,0,0,0,14,0,0,1,1,0,1
0,0,1,9,0,0,0,0,25,0,0,3,0,2,1
0,0,1,6,0,0,0,0,20,0,0,2,0,1,1
0,0,0,3,0,0,0,0,18,0,0,1,0,0,1
0,0,0,2,0,0,0,0,15,0,0,1,1,0,1
0,0,0,2,0,0,0,1,19,0,1,3,0,2,1
0,0,0,0,0,0,0,1,16,1,1,1,0,0,1
0,0,1,3,0,0,0,0,16,0,0,1,0,0,1
0,0,0,0,0,0,0,1,29,0,2,2,0,1,1
0,0,0,2,0,0,0,0,7,0,0,1,1,0,1
0,0,1,5,0,0,0,0,14,0,0,1,1,0,1
0,0,1,2,0,0,0,1,43,0,2,2,1,1,1
0,0,0,3,0,0,0,0,14,0,0,1,0,0,1
0,0,0,1,0,0,0,0,25,0,0,2,1,1,1
0,0,1,3,0,0,0,0,30,7,0,2,1,1,1
0,0,0,0,0,0,0,1,12,0,1,1,1,0,1
0,0,0,2,0,0,0,0,16,0,0,2,1,1,1
0,0,0,1,0,0,0,0,12,0,0,1,0,0,1
0,0,0,3,0,0,0,0,18,0,0,2,0,1,1
0,0,0,0,0,0,1,0,22,2,0,2,1,1,1
0,0,1,4,0,0,0,0,12,0,0,1,1,0,1
0,0,0,2,0,0,0,0,21,0,0,1,1,0,1
0,0,0,0,0,0,0,0,11,5,0,1,0,0,1
0,0,0,0,0,0,0,0,29,1,0,2,1,1,1
0,0,0,0,0,0,0,0,11,1,0,1,1,0,1
0,0,1,4,0,0,0,0,14,0,0,1,1,0,1
0,0,1,5,0,0,0,0,9,0,0,2,0,1,1
0,0,0,3,0,0,0,0,19,0,0,1,0,0,1
0,0,0,1,0,0,0,0,13,0,0,2,0,1,1
0,0,0,1,0,0,0,0,14,1,0,2,0,1,1
0,0,1,3,0,0,0,1,20,0,1,1,1,0,1
0,0,0,3,0,0,0,0,17,0,0,1,1,0,1
0,0,0,1,0,0,0,0,14,0,0,1,0,0,1
0,0,0,0,0,0,0,0,29,6,0,1,1,0,1
0,0,0,1,0,0,1,1,20,0,1,2,0,1,1
0,0,1,7,0,0,0,0,19,0,0,2,0,1,1
0,0,0,1,0,0,0,0,21,0,0,2,0,1,1
0,0,1,0,0,0,0,0,17,0,0,2,1,1,1
0,0,1,6,0,0,0,0,19,0,0,1,1,0,1
0,0,0,1,0,0,0,0,24,0,0,1,1,0,1
0,0,0,0,0,0,0,1,34,1,2,2,1,1,1
0,0,1,5,0,0,0,0,25,0,0,1,1,0,1
0,0,0,0,0,0,0,1,31,0,1,3,1,2,1
0,0,1,1,0,0,0,1,29,11,3,1,0,0,1
0,0,0,1,0,0,0,1,20,0,1,1,1,0,1
0,0,1,4,0,0,0,1,16,0,1,1,0,0,1
0,0,0,1,0,0,0,0,27,9,0,2,0,1,1
0,0,0,1,0,0,0,1,15,3,1,1,0,0,1
0,0,1,5,0,0,0,0,22,0,0,1,1,0,1
0,0,0,0,0,0,0,1,39,0,1,4,1,3,1
0,0,1,5,0,0,1,0,30,0,0,2,1,1,1
0,0,1,3,0,0,0,0,10,0,0,1,0,0,1
0,0,0,3,0,0,0,0,12,0,0,1,0,0,1
0,0,1,2,0,0,0,0,22,0,0,2,1,1,1
0,0,0,3,0,0,0,0,7,0,0,1,0,0,1
0,0,1,1,0,0,0,1,11,0,1,1,1,0,1
0,0,1,7,0,0,0,0,18,0,0,1,1,0,1
0,1,1,6,0,0,1,0,19,0,0,4,0,3,1
0,0,0,1,0,0,0,0,5,0,0,1,0,0,1
0,0,1,4,0,0,0,0,22,0,0,1,1,0,1
0,0,0,0,0,0,0,0,12,1,0,1,1,0,1
0,0,0,0,0,0,0,0,23,0,0,1,1,0,1
0,0,1,6,0,0,0,0,17,0,0,1,1,0,1
0,0,1,5,0,0,0,0,19,0,0,1,1,0,1
0,0,0,2,0,0,0,0,15,0,0,1,1,0,1
0,0,1,2,0,0,0,1,28,0,1,2,1,1,1
0,0,0,0,0,0,0,1,24,0,1,2,1,1,1
0,0,0,0,0,0,1,1,36,0,3,2,1,1,1
0,0,1,4,0,0,0,1,27,0,2,1,0,0,1
0,0,1,3,0,0,0,0,29,3,0,2,0,1,1
0,0,1,2,0,0,0,1,26,0,1,3,0,2,1
0,0,1,5,0,0,1,1,23,2,1,2,1,1,1
0,0,1,6,0,0,1,0,8,1,0,1,1,0,1
0,0,1,5,0,0,0,0,35,2,0,2,1,1,1
0,0,1,1,0,0,0,0,16,0,0,2,0,1,1
0,0,1,2,0,0,0,0,29,0,0,1,1,0,1
0,0,1,2,0,0,0,0,13,0,0,1,0,0,1
0,0,0,1,0,0,0,0,12,0,0,1,0,0,1
0,0,0,0,0,0,0,0,22,0,0,1,0,0,1
0,0,1,6,0,0,1,0,12,0,0,1,1,0,1
0,0,0,2,0,0,0,0,13,0,0,1,1,0,1
0,0,0,0,0,0,0,0,16,1,0,1,1,0,1
0,0,0,1,0,0,0,0,27,0,0,1,1,0,1
0,0,0,0,0,0,0,0,11,0,0,1,1,0,1
0,0,0,6,0,0,0,0,9,2,0,1,0,0,1
0,0,0,1,0,0,0,1,23,0,1,1,0,0,1
0,0,0,0,0,0,0,1,37,3,1,2,1,1,1
0,0,1,1,0,0,0,0,29,0,0,2,1,1,1
0,0,1,1,0,0,0,0,63,8,0,3,0,2,1
0,0,0,0,0,0,0,0,25,1,0,2,0,1,1
0,0,0,0,0,0,0,1,41,5,2,3,0,2,1
0,0,0,0,0,0,0,0,19,0,0,3,0,2,1
0,0,0,3,0,0,0,1,17,0,1,1,1,0,1
0,0,0,0,0,0,0,1,27,0,1,2,1,1,1
0,0,1,4,0,0,0,0,11,0,0,1,1,0,1
0,0,0,0,0,0,0,0,17,0,0,1,1,0,1
0,0,1,5,0,0,1,1,40,0,1,2,1,1,1
0,0,0,3,0,0,0,1,21,0,1,1,0,0,1
0,1,1,2,0,0,0,0,14,0,0,2,0,1,1
0,0,1,8,0,0,0,0,23,0,0,1,1,0,1
0,0,1,5,0,0,0,0,10,0,0,1,1,0,1
0,0,1,3,0,0,1,0,22,0,0,2,1,1,1
1,0,0,0,0,0,0,0,13,10,0,3,0,2,1
0,0,1,3,0,0,0,0,20,0,0,2,0,1,1
0,0,1,3,0,0,0,0,12,0,0,1,1,0,1
0,0,1,1,0,0,0,0,10,0,0,1,0,0,1
0,0,1,2,0,0,0,0,7,1,0,1,0,0,1
0,0,0,4,0,0,0,0,10,0,0,1,1,0,1
0,0,1,3,0,0,0,0,27,0,0,1,0,0,1
0,0,1,2,0,0,0,0,30,0,0,1,1,0,1
0,0,1,2,0,0,0,1,50,18,1,2,1,1,1
0,0,1,4,0,0,0,0,23,0,0,2,0,1,1
0,0,0,1,0,0,0,0,9,0,0,1,0,0,1
0,0,0,1,0,0,0,0,10,0,0,2,0,1,1
0,0,0,0,0,0,0,0,36,0,0,4,1,3,1
0,0,1,4,0,0,0,0,24,0,0,1,1,0,1
0,0,1,3,0,0,0,0,17,0,0,1,1,0,1
0,0,1,5,0,0,0,0,17,1,0,1,0,0,1
0,0,1,3,0,0,1,0,24,0,0,1,1,0,1
0,0,0,4,0,0,0,0,11,0,0,2,0,1,1
0,0,1,0,0,0,1,1,50,3,4,2,1,1,1
0,0,1,2,0,0,0,0,17,0,0,1,1,0,1
0,0,1,2,0,0,0,1,20,0,1,1,1,0,1
0,0,0,1,0,0,0,0,19,0,0,1,1,0,1
0,0,1,5,0,0,0,0,17,0,0,1,1,0,1
0,0,1,4,0,0,0,1,16,0,1,1,0,0,1
0,0,1,3,0,0,0,0,23,0,0,1,0,0,1
0,0,1,4,0,0,0,0,15,0,0,1,1,0,1
0,0,1,4,0,0,0,0,25,0,0,1,1,0,1
0,0,0,0,0,0,0,0,23,0,0,2,0,1,1
0,0,1,2,0,0,0,0,29,0,0,1,1,0,1
0,0,1,4,0,0,0,0,17,0,0,2,0,1,1
0,0,1,5,0,0,0,0,16,0,0,2,0,1,1
0,0,1,4,0,0,0,0,16,0,0,1,1,0,1
0,0,1,3,0,0,0,0,13,0,0,1,0,0,1
0,0,1,3,0,0,1,0,21,0,0,1,1,0,1
0,0,1,3,0,0,0,0,28,9,0,4,0,3,1
0,0,1,4,0,0,0,0,15,0,0,1,1,0,1
0,0,1,3,0,0,0,0,19,0,0,2,1,1,1
0,0,0,1,0,0,0,0,11,0,0,1,0,0,1
0,0,1,1,0,0,0,1,36,0,1,4,0,3,1
0,0,0,1,0,0,0,0,16,0,0,1,1,0,1
0,0,1,4,0,0,0,0,9,1,0,1,1,0,1
0,0,0,5,0,0,0,0,8,0,0,1,1,0,1
0,0,1,3,0,0,0,0,24,2,0,1,1,0,1
0,0,0,0,0,0,0,0,18,0,0,2,1,1,1
0,0,1,5,0,0,0,0,19,0,0,1,1,0,1
0,0,0,0,0,0,0,0,11,0,0,1,0,0,1
0,0,0,2,0,0,1,1,15,0,1,1,1,0,1
0,0,0,1,0,0,0,0,10,0,0,2,0,1,1
0,0,1,8,0,0,0,0,20,0,0,2,0,1,1
0,0,1,5,0,0,0,0,19,0,0,2,0,1,1
0,0,0,3,0,0,0,0,13,0,0,1,1,0,1
0,0,0,2,0,0,1,0,15,0,0,1,1,0,1
0,0,1,2,0,0,0,0,23,0,0,2,0,1,1
0,0,1,7,0,0,0,0,23,4,0,1,0,0,1
0,0,1,5,0,0,0,0,13,0,0,1,0,0,1
0,0,0,0,0,0,0,0,23,0,0,2,1,1,1
0,0,1,1,0,0,0,1,47,3,3,2,1,1,1
0,0,1,1,0,0,0,1,78,1,4,6,0,5,1
0,0,1,5,0,0,0,0,19,0,0,1,1,0,1
0,0,1,2,0,0,0,0,38,0,0,1,0,0,1
0,0,1,5,0,0,0,0,49,2,0,4,1,3,1
0,0,0,0,0,0,0,1,22,0,1,2,1,1,1
0,0,0,3,0,0,0,0,9,0,0,2,0,1,1
0,1,1,6,0,0,0,0,11,0,0,1,1,0,1
0,0,0,2,0,0,0,0,24,1,0,1,1,0,1
0,0,1,5,0,0,0,0,35,2,0,2,1,1,1
0,0,1,3,0,0,0,0,15,0,0,1,1,0,1
0,0,1,3,0,0,0,0,18,0,0,1,1,0,1
0,0,0,0,0,0,0,0,17,4,0,2,1,1,1
0,0,1,5,0,0,0,0,15,0,0,2,1,1,1
0,0,0,1,0,0,0,0,15,0,0,1,1,0,1
0,0,0,3,0,0,0,0,15,0,0,1,1,0,1
0,1,1,6,0,0,0,0,13,0,0,1,1,0,1
0,0,1,4,0,0,0,0,19,0,0,1,1,0,1
0,0,0,1,0,0,1,0,25,0,0,4,1,3,1
0,0,0,3,0,0,0,0,16,0,0,1,1,0,1
0,0,1,2,0,0,1,0,11,0,0,1,1,0,1
0,0,0,0,0,0,0,0,34,0,0,2,1,1,1
0,0,0,3,0,0,0,0,29,0,0,2,1,1,1
0,0,1,2,0,0,0,0,14,0,0,1,1,0,1
0,0,1,2,0,0,0,0,30,1,0,1,0,0,1
0,0,1,5,0,0,1,1,36,3,1,2,1,1,1
0,0,1,7,0,0,1,0,12,0,0,1,1,0,1
0,0,1,2,0,0,0,0,22,0,0,2,1,1,1
0,0,0,3,0,0,0,0,12,0,0,1,1,0,1
0,0,1,7,0,0,0,0,7,0,0,1,0,0,1
0,0,0,1,0,0,0,0,6,0,0,1,0,0,1
0,0,1,2,0,0,0,0,16,0,0,2,1,1,1
0,0,0,2,0,0,0,1,24,0,1,3,1,2,1
0,0,1,5,0,0,0,0,28,0,0,2,0,1,1
0,0,1,5,0,0,0,0,18,0,0,1,0,0,1
0,0,0,2,0,0,0,1,28,1,1,2,0,1,1
0,0,1,2,0,0,0,0,16,0,0,2,1,1,1
0,0,0,1,0,0,0,0,25,0,0,2,0,1,1
0,0,0,1,0,0,0,0,22,0,0,2,1,1,1
0,0,1,4,0,0,0,0,11,0,0,1,1,0,1
0,0,0,1,0,0,0,0,9,0,0,1,0,0,1
0,0,1,4,0,0,0,1,15,0,1,1,1,0,1
0,0,1,2,0,0,1,0,15,0,0,1,1,0,1
0,0,1,3,0,0,0,0,16,0,0,1,0,0,1
0,0,1,4,0,0,0,0,18,0,0,1,1,0,1
0,0,1,5,0,0,1,1,32,0,1,2,1,1,1
0,0,1,6,0,0,0,0,12,0,0,1,0,0,1
0,0,1,4,0,0,0,0,29,0,0,2,0,1,1
0,0,1,3,0,0,0,0,14,0,0,1,1,0,1
0,0,0,0,0,0,0,1,32,0,1,3,0,2,1
0,0,1,10,0,0,0,0,19,0,0,1,1,0,1
0,0,0,1,0,0,0,0,12,0,0,1,0,0,1
0,0,1,5,0,0,1,1,30,6,1,2,1,1,1
0,0,1,5,0,0,1,0,32,0,0,2,1,1,1
0,0,1,4,0,0,0,0,14,0,0,1,0,0,1
0,0,0,2,0,0,0,0,13,0,0,1,0,0,1
0,0,1,4,0,0,0,0,14,0,0,1,1,0,1
0,0,0,1,0,0,0,0,16,0,0,1,1,0,1
0,0,0,0,0,0,0,1,26,0,1,3,0,2,1
0,0,1,7,0,0,0,0,20,0,0,1,1,0,1
0,0,1,7,0,0,0,1,15,0,1,1,1,0,1
0,0,1,3,0,0,0,0,22,0,0,1,1,0,1
0,0,1,5,0,0,0,0,29,0,0,3,0,2,1
0,0,1,1,0,0,0,1,25,4,3,1,1,0,1
0,0,0,1,0,0,0,0,23,2,0,2,1,1,1
0,0,0,1,0,0,0,0,16,0,0,1,1,0,1
0,0,1,3,0,0,0,0,23,0,0,1,1,0,1
0,0,1,5,0,0,0,1,47,26,1,2,0,1,1
0,0,0,0,0,0,0,1,21,0,1,1,0,0,1
0,0,0,0,0,0,1,1,37,2,2,2,1,1,1
0,0,0,1,0,0,0,1,30,3,2,2,1,1,1
0,0,1,6,0,0,0,0,21,0,0,2,0,1,1
0,0,1,1,0,0,0,0,20,0,0,1,1,0,1
0,1,1,3,0,0,0,0,15,0,0,1,1,0,1
0,0,1,3,0,0,0,0,14,0,0,2,0,1,1
0,0,1,6,0,0,0,0,16,0,0,1,1,0,1
0,0,1,5,0,0,1,1,25,0,1,2,1,1,1
0,0,0,2,0,0,0,0,16,0,0,2,0,1,1
0,1,1,5,0,0,1,0,30,0,0,2,1,1,1
0,0,1,3,0,0,0,0,16,0,0,1,0,0,1
0,0,0,1,0,0,0,1,25,0,1,2,0,1,1
0,0,1,5,0,0,0,0,17,1,0,1,0,0,1
0,0,1,2,0,0,0,0,30,0,0,2,0,1,1
0,0,1,5,0,0,0,0,22,0,0,1,1,0,1
0,0,1,5,0,0,0,0,28,0,0,1,1,0,1
0,0,1,7,0,0,0,0,22,0,0,1,1,0,1
0,1,1,4,0,0,0,1,16,0,1,1,0,0,1
0,0,0,1,0,0,1,0,4,0,0,1,1,0,1
0,0,0,0,0,0,1,0,22,2,0,2,1,1,1
0,0,1,6,0,0,0,0,25,0,0,2,1,1,1
0,0,1,6,0,0,0,0,18,0,0,1,1,0,1
0,0,0,5,0,0,0,0,18,0,0,1,1,0,1
0,0,0,2,0,0,0,0,7,0,0,1,0,0,1
0,0,0,4,0,0,0,0,13,0,0,1,0,0,1
0,0,0,1,0,0,0,0,7,0,0,1,0,0,1
0,0,1,5,0,0,0,0,13,0,0,1,1,0,1
0,0,1,4,0,0,0,0,13,0,0,1,0,0,1
0,0,0,1,0,0,0,1,24,2,2,2,1,1,1
0,0,1,5,0,0,0,0,15,0,0,2,1,1,1
0,0,0,2,0,0,0,0,27,0,0,2,1,1,1
0,1,1,5,0,0,1,0,30,0,0,2,1,1,1
0,1,1,5,0,0,1,0,30,0,0,2,1,1,1
0,0,0,0,0,0,1,0,23,3,0,2,1,1,1
0,0,0,2,0,0,0,0,12,0,0,1,1,0,1
0,0,0,1,0,0,0,1,18,0,1,1,0,0,1
0,0,1,2,0,0,0,0,20,0,0,2,0,1,1
0,0,0,0,0,0,0,1,25,0,1,3,0,2,1
0,0,0,4,0,0,0,0,19,7,0,2,1,1,1
0,0,0,2,0,0,0,0,13,0,0,1,0,0,1
0,0,0,1,0,0,0,0,6,0,0,1,0,0,1
0,0,1,3,0,0,0,1,11,0,1,1,1,0,1
0,0,1,5,0,0,1,1,33,0,1,2,1,1,1
0,0,0,2,0,0,0,1,12,0,1,1,1,0,1
0,0,1,8,0,0,0,0,23,0,0,1,1,0,1
0,0,1,2,0,0,0,0,15,0,0,2,0,1,1
0,0,0,3,0,0,0,0,20,0,0,1,0,0,1
0,0,1,5,0,0,0,0,22,0,0,1,1,0,1
0,0,1,3,0,0,1,0,22,0,0,2,1,1,1
0,0,1,4,0,0,0,0,24,0,0,1,0,0,1
0,0,1,2,0,0,0,1,28,0,1,2,1,1,1
0,0,0,2,0,0,0,0,18,0,0,1,1,0,1
0,1,1,2,0,0,0,0,25,0,0,1,1,0,1
0,0,1,5,0,0,0,0,15,0,0,2,1,1,1
0,0,1,6,0,0,0,0,19,0,0,1,1,0,1
0,1,1,3,0,0,1,0,22,0,0,2,1,1,1
0,0,1,3,0,0,0,0,10,0,0,1,1,0,1
0,0,1,6,0,0,0,0,17,0,0,1,1,0,1
0,0,0,1,0,0,0,0,18,0,0,2,0,1,1
0,0,0,2,0,0,0,0,12,0,0,1,1,0,1
0,0,1,6,0,0,0,0,37,0,0,2,1,1,1
0,0,1,2,0,0,1,0,15,0,0,1,1,0,1
0,0,1,7,0,0,0,0,8,0,0,1,0,0,1
0,0,0,2,0,0,0,0,21,0,0,2,0,1,1
0,0,1,2,0,0,0,1,32,0,2,2,1,1,1
0,0,0,2,0,0,0,0,15,0,0,2,0,1,1
0,0,0,0,0,0,0,1,28,2,1,2,1,1,1
0,0,1,2,0,0,0,0,26,0,0,1,1,0,1
1,0,0,1,0,0,0,0,18,14,0,3,0,2,1
0,0,1,1,0,0,0,0,22,0,0,2,1,1,1
0,0,0,2,0,0,0,0,26,0,0,2,0,1,1
0,0,0,1,0,0,0,0,18,0,0,1,1,0,1
0,1,1,3,0,0,0,0,22,0,0,1,1,0,1
0,0,1,6,0,0,0,0,17,0,0,1,1,0,1
0,0,0,2,0,0,1,0,16,0,0,1,1,0,1
0,0,0,0,0,0,0,0,10,0,0,1,0,0,1
0,0,1,4,0,0,0,0,19,0,0,1,1,0,1
0,0,1,5,0,0,0,0,15,0,0,2,1,1,1
0,0,1,3,0,0,0,0,12,0,0,1,1,0,1
0,0,1,7,0,0,0,0,18,0,0,1,1,0,1
0,0,0,1,0,0,0,0,15,0,0,2,1,1,1
0,0,1,5,0,0,0,0,13,0,0,1,0,0,1
0,0,1,5,0,0,0,0,22,0,0,1,1,0,1
0,0,0,2,0,0,0,0,8,0,0,1,0,0,1
0,0,0,2,0,0,0,0,16,0,0,1,1,0,1
0,0,0,3,0,0,0,0,15,0,0,2,0,1,1
0,0,0,0,0,0,0,0,23,0,0,2,1,1,1
0,0,1,5,0,0,0,0,13,0,0,1,0,0,1
0,0,1,6,0,0,0,0,12,0,0,1,1,0,1
0,0,1,4,0,0,0,0,15,0,0,1,0,0,1
0,0,0,2,0,0,0,0,12,0,0,2,1,1,1
0,0,1,1,0,0,0,0,10,0,0,1,1,0,1
0,0,0,0,0,0,0,0,27,0,0,2,1,1,1
0,0,0,1,0,0,1,0,6,0,0,1,0,0,1
0,0,0,1,0,0,0,0,7,0,0,1,0,0,1
0,0,1,5,0,0,0,0,15,0,0,2,1,1,1
0,0,0,2,0,0,0,0,13,0,0,1,0,0,1
0,0,1,5,0,0,0,0,20,0,0,1,1,0,1
0,0,1,5,0,0,0,0,22,0,0,1,1,0,1
0,1,1,7,0,0,0,0,17,0,0,1,0,0,1
0,0,1,1,0,0,0,0,45,1,0,5,1,4,1
0,0,1,2,0,0,0,1,31,0,2,1,1,0,1
0,0,0,1,0,0,0,0,25,0,0,1,1,0,1
0,0,1,1,0,0,0,0,48,17,0,2,1,1,1
0,0,1,2,0,0,0,0,23,0,0,1,1,0,1
0,0,0,0,0,0,0,0,16,0,0,1,1,0,1
0,0,0,1,0,0,1,0,11,0,0,1,1,0,1
0,0,1,5,0,0,0,0,17,0,0,1,0,0,1
0,0,0,0,0,0,1,0,14,2,0,1,1,0,1
0,0,1,5,0,0,0,1,47,26,1,2,0,1,1
0,0,1,2,0,0,0,0,23,0,0,1,1,0,1
0,0,0,1,0,0,0,0,17,0,0,2,1,1,1
0,0,0,0,0,0,0,1,32,4,2,2,1,1,1
0,0,1,6,0,0,0,0,17,0,0,1,0,0,1
0,0,0,1,0,0,0,0,30,0,0,3,0,2,1
0,0,0,1,0,0,1,0,4,0,0,1,1,0,1
0,0,0,2,0,0,0,0,9,0,0,1,1,0,1
0,0,0,2,0,0,0,0,13,0,0,2,1,1,1
0,0,1,8,0,0,0,0,10,0,0,1,1,0,1
0,1,1,2,0,0,0,0,16,0,0,1,0,0,1
0,0,1,4,0,0,0,0,15,0,0,2,1,1,1
0,0,1,2,0,0,0,0,7,1,0,1,0,0,1
1,0,1,4,0,0,0,0,14,11,0,3,0,2,1
0,0,1,4,0,0,0,0,14,0,0,1,1,0,1
0,0,1,2,0,0,0,1,35,0,5,1,1,0,1
0,0,1,7,0,0,0,1,14,0,1,1,1,0,1
0,0,0,3,0,0,0,0,13,0,0,2,0,1,1
0,0,1,3,0,0,0,0,28,9,0,4,0,3,1
0,0,0,1,0,0,0,0,25,0,0,2,0,1,1
0,0,0,0,0,0,0,0,20,0,0,2,0,1,1
0,0,1,7,0,0,0,1,32,0,2,2,1,1,1
0,0,1,0,0,0,0,0,11,0,0,1,1,0,1
0,0,1,5,0,0,0,1,24,4,1,2,1,1,1
0,0,1,8,0,0,0,0,20,3,0,1,1,0,1
0,1,1,2,0,0,0,0,14,0,0,2,0,1,1
0,0,0,0,0,0,0,0,18,6,0,2,0,1,1
0,0,1,4,0,0,0,0,31,0,0,1,1,0,1
0,0,0,1,0,0,0,0,18,0,0,2,0,1,1
0,0,1,7,0,0,0,0,59,7,0,7,0,6,1
0,0,1,1,0,0,0,0,32,0,0,2,1,1,1
0,0,0,0,0,0,0,0,19,0,0,1,0,0,1
0,0,0,2,0,0,0,0,14,0,0,1,1,0,1
0,0,1,2,0,0,0,0,17,0,0,1,1,0,1
0,0,1,1,0,0,0,0,29,0,0,2,0,1,1
0,0,1,2,0,0,0,0,20,0,0,1,0,0,1
1,0,0,2,0,0,0,0,12,9,0,3,0,2,1
0,0,0,0,0,0,1,0,21,1,0,2,1,1,1
0,0,1,3,0,0,1,0,22,0,0,2,1,1,1
1,0,0,1,0,0,0,0,13,10,0,3,0,2,1
0,0,1,2,0,0,0,1,45,3,2,2,1,1,1
0,0,1,3,0,0,0,0,28,0,0,1,0,0,1
0,0,0,3,0,0,0,0,11,0,0,1,1,0,1
0,0,1,2,0,0,0,0,16,0,0,2,1,1,1
0,0,1,6,0,0,0,0,12,3,0,1,1,0,1
0,0,0,2,0,0,0,0,15,0,0,1,1,0,1
0,0,0,0,0,0,0,0,12,0,0,1,0,0,1
0,0,1,6,0,0,0,0,12,0,0,1,1,0,1
0,0,1,5,0,0,1,1,32,0,1,2,1,1,1
0,0,1,6,0,0,0,0,16,0,0,3,0,2,1
0,0,1,0,0,0,0,1,51,0,1,2,1,1,1
0,0,0,3,0,0,0,0,16,0,0,1,1,0,1
0,0,1,4,0,0,0,1,14,0,1,1,0,0,1
0,0,1,2,0,0,0,0,12,1,0,1,1,0,1
0,0,0,4,0,0,0,0,16,0,0,1,0,0,1
0,0,1,3,0,0,0,0,19,0,0,2,0,1,1
0,0,1,4,0,0,0,0,15,0,0,1,1,0,1
0,0,1,2,0,0,0,0,32,13,0,2,0,1,1
0,0,1,2,0,0,0,0,26,1,0,4,1,3,1
0,0,0,2,0,0,0,0,14,0,0,1,1,0,1
0,0,1,1,1,0,0,0,10,0,0,1,1,0,1
0,0,1,8,0,0,0,0,10,0,0,1,1,0,1
0,0,1,3,0,0,0,0,23,0,0,1,1,0,1
0,0,1,7,0,0,0,0,7,0,0,1,0,0,1
0,0,0,1,0,0,0,0,18,0,0,1,1,0,1
0,0,0,2,0,0,0,0,12,0,0,1,1,0,1
0,0,1,5,0,0,1,1,34,0,1,2,1,1,1
0,0,0,3,0,0,0,0,11,0,0,1,1,0,1
0,0,1,5,0,0,0,0,22,0,0,1,1,0,1
0,0,1,5,0,0,0,0,7,0,0,1,0,0,1
0,0,1,1,0,0,0,0,18,1,0,2,1,1,1
0,0,0,1,0,0,0,0,7,0,0,1,0,0,1
0,0,1,5,0,0,1,1,43,6,1,2,0,1,1
0,0,1,10,0,0,0,0,19,0,0,1,1,0,1
0,0,1,7,0,0,0,1,22,0,1,1,0,0,1
0,0,1,2,0,0,0,1,26,0,1,3,0,2,1
0,0,0,1,0,0,0,1,32,0,2,2,1,1,1
0,0,1,4,0,0,0,0,17,0,0,1,1,0,1
0,0,1,4,0,0,0,0,29,0,0,3,0,2,1
0,0,1,8,0,0,0,0,20,0,0,1,1,0,1
0,0,1,4,0,0,0,0,18,0,0,3,0,2,1
0,0,0,3,0,0,0,1,19,0,2,1,1,0,1
0,0,1,5,0,0,0,0,16,0,0,1,1,0,1
0,0,0,0,0,0,0,0,18,0,0,3,0,2,1
0,0,0,1,0,0,0,0,13,0,0,1,1,0,1
0,0,1,5,0,0,0,0,15,0,0,2,1,1,1
0,0,1,5,0,0,0,0,17,1,0,1,0,0,1
0,0,1,1,0,0,0,0,29,15,0,2,1,1,1
0,0,1,2,0,0,0,1,25,0,1,3,0,2,1
0,0,0,3,0,0,0,1,19,0,2,1,1,0,1
0,0,0,0,0,0,0,0,31,0,0,2,1,1,1
0,0,0,1,0,0,0,0,14,0,0,1,1,0,1
0,0,1,2,0,0,0,0,18,0,0,1,1,0,1
0,0,1,2,0,0,0,1,28,3,2,2,1,1,1
0,0,1,4,0,0,0,0,21,0,0,1,1,0,1
0,0,1,5,0,0,0,0,14,0,0,1,1,0,1
0,0,0,3,0,0,0,0,16,0,0,2,0,1,1
0,0,0,2,0,0,0,1,6,0,1,1,0,0,1
0,0,0,1,0,0,0,0,18,0,0,1,1,0,1
0,1,1,5,0,0,1,0,30,0,0,2,1,1,1
0,0,1,5,0,0,1,1,27,0,1,2,1,1,1
0,0,1,7,0,0,0,1,15,0,1,1,1,0,1
0,0,0,2,0,0,0,0,8,0,0,1,0,0,1
0,1,1,4,0,0,0,1,21,0,1,1,0,0,1
0,0,1,2,0,0,1,0,12,0,0,1,1,0,1
0,0,0,3,0,0,0,0,9,0,0,1,0,0,1
0,0,0,1,0,0,0,0,12,0,0,1,0,0,1
0,0,0,2,0,0,0,0,9,0,0,1,0,0,1
0,0,1,2,0,0,0,0,17,0,0,1,0,0,1
0,0,0,2,0,0,0,0,18,0,0,1,1,0,1
0,0,1,8,0,0,0,0,29,0,0,1,1,0,1
0,0,0,1,0,0,0,0,19,0,0,1,1,0,1
0,0,0,3,0,0,0,0,16,0,0,3,0,2,1
0,0,1,3,0,0,0,0,17,0,0,1,1,0,1
0,0,1,20,0,0,0,0,17,0,0,2,0,1,1
0,0,1,5,0,0,0,0,22,0,0,1,1,0,1
0,0,0,0,0,0,0,0,13,0,0,1,1,0,1
0,0,1,6,0,0,0,0,15,0,0,1,1,0,1
0,0,0,1,0,0,0,0,8,0,0,1,0,0,1
0,0,1,6,0,0,0,0,14,0,0,1,1,0,1
0,0,0,0,0,0,0,0,34,0,0,4,0,3,1
0,0,0,2,0,0,0,0,21,0,0,1,1,0,1
0,0,0,2,0,0,1,0,15,0,0,1,1,0,1
0,0,1,2,0,0,0,0,17,0,0,1,1,0,1
0,0,1,2,0,0,0,0,20,0,0,1,0,0,1
0,0,1,6,0,0,0,0,16,0,0,1,1,0,1
0,0,0,0,0,0,0,1,13,0,1,2,0,1,1
0,0,1,1,0,0,0,0,15,0,0,1,1,0,1
0,0,0,0,0,0,0,0,29,6,0,1,1,0,1
0,0,1,6,0,0,0,0,17,0,0,1,1,0,1
0,0,0,0,0,0,0,1,26,0,2,2,1,1,1
0,0,1,7,0,0,0,0,11,0,0,1,1,0,1
0,0,1,3,0,0,0,0,12,0,0,1,1,0,1
0,0,0,1,0,0,1,1,16,0,2,1,1,0,1
0,0,1,1,0,0,0,1,45,7,2,4,1,3,1
0,0,1,3,0,0,0,0,13,0,0,1,1,0,1
0,0,1,5,0,0,0,0,22,0,0,1,1,0,1
0,0,0,1,0,0,0,0,13,0,0,1,0,0,1
0,1,1,7,0,0,0,1,26,0,1,2,0,1,1
0,0,0,1,0,0,0,0,22,0,0,1,1,0,1
0,0,1,8,0,0,0,0,20,0,0,1,1,0,1
0,0,1,2,0,0,0,0,17,0,0,1,1,0,1
0,0,0,1,0,0,1,0,6,0,0,1,0,0,1
0,0,1,10,0,0,0,0,25,0,0,3,0,2,1
0,0,0,0,0,0,0,0,45,1,0,5,1,4,1
0,0,0,2,0,0,0,1,23,0,1,2,0,1,1
0,0,0,1,0,0,0,0,14,0,0,1,1,0,1
0,0,1,7,0,0,1,0,12,0,0,1,1,0,1
0,1,1,3,0,0,0,0,14,0,0,2,0,1,1
0,0,1,7,0,0,0,0,19,0,0,1,1,0,1
0,0,1,4,0,0,0,0,11,0,0,1,1,0,1
0,0,0,1,0,0,1,0,9,0,0,1,1,0,1
0,0,1,7,0,0,0,0,23,0,0,1,1,0,1
0,0,1,4,0,0,0,0,16,0,0,2,1,1,1
0,0,1,4,0,0,0,0,18,0,0,1,1,0,1
0,0,1,3,0,0,0,0,23,0,0,1,1,0,1
0,0,0,3,0,0,0,0,20,0,0,2,0,1,1
0,0,0,0,0,0,1,0,22,2,0,2,1,1,1
0,0,1,3,0,0,0,0,10,0,0,1,0,0,1
0,0,1,9,0,0,0,0,11,0,0,2,0,1,1
0,0,0,3,0,0,0,0,11,0,0,1,1,0,1
0,0,1,3,0,0,0,0,22,0,0,1,1,0,1
0,0,0,1,0,0,0,0,7,0,0,1,0,0,1
0,0,1,2,0,0,0,0,13,0,0,1,0,0,1
0,0,0,2,0,0,0,0,14,0,0,1,1,0,1
0,0,1,2,0,0,0,1,45,0,1,4,1,3,1
0,0,0,2,0,0,0,0,10,0,0,1,1,0,1
0,1,1,3,0,0,0,0,14,0,0,1,0,0,1
0,0,0,0,0,0,0,0,10,5,0,1,1,0,1
0,0,1,7,0,0,0,0,18,0,0,2,0,1,1
0,0,0,3,0,0,0,0,15,0,0,1,1,0,1
0,0,0,3,0,0,0,1,20,0,1,2,0,1,1
0,0,1,3,0,0,0,0,12,0,0,1,0,0,1
0,0,0,1,0,0,1,0,4,0,0,1,0,0,1
0,0,1,4,0,0,1,0,13,0,0,2,1,1,1
0,0,0,2,0,0,0,0,18,0,0,1,1,0,1
0,0,0,0,0,0,1,0,31,0,0,2,1,1,1
0,0,0,1,0,0,0,0,7,0,0,1,0,0,1
0,0,0,3,0,0,0,0,22,0,0,1,1,0,1
0,0,1,5,0,0,1,0,16,0,0,1,1,0,1
0,0,0,1,0,0,0,0,16,0,0,1,1,0,1
0,0,0,0,0,0,0,0,15,1,0,2,0,1,1
0,0,0,0,0,0,0,0,26,0,0,3,1,2,1
0,0,1,2,0,0,0,0,29,1,0,4,0,3,1
0,0,1,3,0,0,0,0,19,0,0,1,1,0,1
0,0,1,8,0,0,0,0,12,0,0,1,1,0,1
0,0,0,2,0,0,0,0,19,0,0,2,1,1,1
0,0,1,2,0,0,0,0,22,0,0,2,1,1,1
0,0,1,2,0,0,0,1,51,0,2,2,1,1,1
0,1,0,0,0,0,0,1,23,0,1,2,1,1,1
0,0,1,2,0,0,1,0,15,0,0,1,1,0,1
0,0,1,4,0,0,0,0,16,0,0,2,1,1,1
0,0,1,5,0,0,1,1,31,0,1,2,1,1,1
0,0,0,3,0,0,0,0,18,0,0,1,1,0,1
0,0,0,1,0,0,0,0,20,0,0,1,1,0,1
0,0,0,1,0,0,0,0,15,0,0,2,0,1,1
0,0,0,1,0,0,0,0,18,0,0,1,0,0,1
0,0,1,5,0,0,0,0,10,0,0,2,0,1,1
0,0,1,6,0,0,0,0,15,0,0,2,0,1,1
0,0,0,3,0,0,0,0,16,0,0,1,1,0,1
0,0,1,3,0,0,0,1,19,0,1,2,1,1,1
0,0,0,3,0,0,0,0,11,0,0,1,1,0,1
0,0,1,4,0,0,0,0,19,0,0,1,1,0,1
0,0,0,1,0,0,1,0,6,0,0,1,0,0,1
0,0,1,2,0,0,1,0,15,0,0,1,1,0,1
0,0,1,1,0,0,0,0,31,4,0,2,1,1,1
0,0,1,5,0,0,0,0,13,0,0,1,1,0,1
0,0,1,5,0,0,0,0,15,0,0,2,1,1,1
0,0,1,0,0,0,0,1,34,0,1,4,1,3,1
0,0,0,4,0,0,0,0,12,1,0,1,0,0,1
0,0,0,1,0,0,0,1,17,0,1,1,1,0,1
0,0,0,0,0,0,0,0,10,0,0,1,0,0,1
0,0,1,3,0,0,0,0,31,0,0,1,1,0,1
0,1,1,2,0,0,0,0,16,0,0,1,0,0,1
0,0,1,3,0,0,0,1,43,0,3,2,0,1,1
0,0,0,1,0,0,0,0,21,1,0,2,1,1,1
0,0,0,1,0,0,0,1,14,1,1,1,1,0,1
0,0,1,5,0,0,0,0,15,0,0,2,1,1,1
0,0,1,4,0,0,0,0,11,0,0,1,0,0,1
0,0,1,5,0,0,0,0,22,0,0,1,1,0,1
0,0,1,6,0,0,0,1,37,2,2,2,1,1,1
0,0,1,9,0,0,0,1,21,0,1,1,0,0,1
0,0,1,4,0,0,0,0,8,0,0,1,0,0,1
0,0,1,1,0,0,0,0,17,0,0,2,1,1,1
0,0,1,3,0,0,0,0,28,9,0,4,0,3,1
0,0,0,4,0,0,0,0,16,0,0,2,1,1,1
0,0,0,3,0,0,0,1,13,0,1,1,1,0,1
0,0,0,2,0,0,1,0,12,0,0,1,1,0,1
0,0,1,3,0,0,0,1,28,0,1,3,1,2,1
0,0,1,7,0,0,0,0,7,0,0,1,0,0,1
0,0,1,4,0,0,0,0,28,0,0,1,1,0,1
0,0,0,0,0,0,0,0,28,4,0,2,1,1,1
0,0,1,4,0,0,0,0,31,0,0,2,1,1,1
0,0,1,10,0,0,0,0,16,0,0,1,1,0,1
0,0,1,3,0,0,0,0,31,3,0,2,1,1,1
0,0,1,2,0,0,0,1,26,0,1,3,0,2,1
0,0,0,0,0,0,0,1,29,0,2,2,0,1,1
0,0,0,1,0,0,0,0,14,2,0,2,0,1,1
0,1,1,1,0,0,1,0,11,0,0,1,1,0,1
0,0,0,3,0,0,0,0,19,0,0,1,1,0,1
0,0,1,5,0,0,1,1,25,0,1,2,1,1,1
0,0,1,7,0,0,0,0,7,0,0,1,0,0,1
0,0,1,4,0,0,0,0,29,0,0,2,0,1,1
0,0,1,2,1,0,0,0,29,1,0,3,1,2,1
0,0,1,6,0,0,0,0,12,0,0,1,0,0,1
0,0,1,2,0,0,0,0,10,1,0,1,1,0,1
0,0,1,5,0,0,0,0,15,0,0,2,1,1,1
0,0,1,4,0,0,0,0,15,0,0,2,1,1,1
0,0,0,2,0,0,1,0,15,0,0,1,1,0,1
0,0,1,3,0,0,0,0,12,0,0,1,1,0,1
0,0,1,1,0,0,0,0,24,0,0,1,1,0,1
0,0,0,0,0,0,1,0,23,0,0,1,1,0,1
0,0,0,0,0,0,1,0,19,0,0,3,1,2,1
0,0,1,4,0,0,0,0,14,0,0,1,0,0,1
0,0,1,6,0,0,0,0,16,0,0,1,1,0,1
0,0,0,1,0,0,0,0,23,2,0,3,1,2,1
0,0,0,2,0,0,0,1,23,0,1,1,1,0,1
0,0,1,6,0,0,0,0,13,0,0,1,1,0,1
0,0,1,5,0,0,0,0,15,0,0,2,1,1,1
0,0,1,2,0,0,0,0,18,0,0,2,1,1,1
0,0,0,3,0,0,0,1,16,0,1,1,0,0,1
0,0,1,8,0,0,0,0,10,0,0,1,1,0,1
0,0,1,4,0,0,0,0,16,0,0,2,1,1,1
0,0,1,2,0,0,0,0,10,1,0,1,1,0,1
0,0,1,2,0,0,0,1,28,0,1,3,0,2,1
0,0,0,1,0,0,0,1,22,3,1,1,1,0,1
0,0,0,1,0,0,0,0,20,0,0,4,0,3,1
0,0,0,2,0,0,0,0,23,0,0,1,0,0,1
0,0,0,3,0,0,0,0,11,0,0,1,0,0,1
0,0,0,1,0,0,0,0,16,0,0,2,1,1,1
0,0,0,3,0,0,0,0,18,0,0,1,0,0,1
0,0,1,2,0,0,0,1,12,0,1,1,1,0,1
0,0,1,3,0,0,0,0,30,0,0,1,1,0,1
0,0,1,3,0,0,0,0,15,0,0,2,0,1,1
0,0,0,3,0,0,1,0,15,0,0,1,1,0,1
0,0,0,0,0,0,1,0,12,0,0,1,1,0,1
0,0,0,0,0,0,0,0,24,0,0,2,1,1,1
0,0,1,4,0,0,0,0,22,1,0,2,1,1,1
0,0,0,2,0,0,0,0,23,2,0,1,1,0,1
0,0,1,2,0,0,0,0,18,0,0,2,0,1,1
0,0,0,1,0,0,0,0,9,0,0,1,0,0,1
0,0,1,6,0,0,0,0,22,0,0,2,1,1,1
0,0,0,2,0,0,0,0,16,0,0,1,1,0,1
0,0,0,1,0,0,0,1,27,3,2,1,0,0,1
0,0,0,2,0,0,0,1,29,0,2,2,1,1,1
0,0,0,1,0,0,0,1,24,0,2,2,0,1,1
0,0,0,0,0,0,0,1,35,0,2,1,1,0,1
0,0,1,3,0,0,0,0,18,0,0,2,0,1,1
0,0,1,3,0,0,0,0,22,0,0,2,0,1,1
0,0,0,1,0,0,0,1,14,0,1,1,1,0,1
0,0,1,6,0,0,0,0,13,0,0,1,1,0,1
0,0,0,2,0,0,0,0,7,1,0,1,0,0,1
0,0,0,0,0,0,0,0,28,1,0,2,1,1,1
0,0,1,2,0,0,0,0,17,0,0,1,1,0,1
0,0,0,4,0,0,0,0,16,0,0,1,1,0,1
0,0,1,5,0,0,1,0,13,0,0,2,1,1,1
0,0,1,1,0,0,0,1,15,0,1,2,0,1,1
0,0,1,7,0,0,0,0,14,0,0,2,0,1,1
0,0,0,2,0,0,0,0,24,0,0,2,1,1,1
0,0,0,1,0,0,0,0,15,0,0,2,1,1,1
0,0,1,5,0,0,1,1,27,0,1,2,1,1,1
0,0,1,7,0,0,0,0,16,0,0,2,0,1,1
0,0,0,3,0,0,0,0,21,0,0,1,1,0,1
1,0,1,8,0,0,0,0,13,10,0,3,0,2,1
0,0,1,2,0,0,0,1,35,0,3,1,1,0,1
0,0,1,6,0,0,0,0,18,0,0,1,1,0,1
0,0,0,2,0,0,0,0,20,0,0,1,1,0,1
0,0,1,8,0,0,0,0,10,0,0,1,1,0,1
0,1,1,1,0,0,0,0,12,0,0,1,1,0,1
0,0,0,0,0,0,0,1,36,0,3,2,1,1,1
0,0,0,2,0,0,0,0,22,1,0,3,0,2,1
0,0,0,3,0,0,0,0,14,0,0,1,1,0,1
0,0,0,0,0,0,0,0,17,0,0,2,1,1,1
0,0,0,4,0,0,0,0,13,0,0,2,0,1,1
0,0,1,3,0,0,0,0,38,0,0,2,0,1,1
0,0,0,3,0,0,1,0,15,0,0,1,1,0,1
0,0,0,4,0,0,0,0,15,0,0,2,0,1,1
0,0,1,2,0,0,0,0,10,2,0,1,0,0,1
0,0,1,5,0,0,0,0,23,0,0,2,0,1,1
0,0,1,5,0,0,1,1,32,0,1,2,1,1,1
0,0,1,7,0,0,0,0,24,0,0,1,1,0,1
0,0,0,0,0,0,0,1,25,0,1,2,0,1,1
0,0,0,4,0,0,0,1,12,0,1,1,1,0,1
0,0,1,2,0,0,0,0,14,0,0,1,1,0,1
0,0,0,1,0,0,0,1,19,0,1,1,0,0,1
0,1,1,2,0,0,0,0,19,0,0,1,1,0,1
0,0,1,3,0,0,0,0,20,0,0,1,0,0,1
0,0,1,2,0,0,0,1,26,0,4,1,1,0,1
0,0,0,1,0,0,0,0,22,0,0,1,1,0,1
0,0,1,3,0,0,1,0,12,0,0,1,1,0,1
0,0,1,2,0,0,0,0,16,0,0,1,1,0,1
0,0,1,1,0,0,0,0,24,0,0,2,1,1,1
0,0,0,2,0,0,0,0,19,0,0,1,1,0,1
0,0,1,5,0,0,0,0,11,0,0,1,1,0,1
0,0,0,1,0,0,0,0,13,0,0,1,1,0,1
0,0,1,5,0,0,0,0,22,0,0,1,1,0,1
0,0,1,2,0,0,0,0,25,0,0,1,1,0,1
0,0,1,5,0,0,0,0,14,0,0,1,1,0,1
0,0,1,2,0,0,0,0,68,30,0,6,0,5,1
0,0,0,1,0,0,0,0,12,0,0,1,1,0,1
0,0,0,0,0,0,1,0,29,0,0,2,1,1,1
0,0,0,2,0,0,0,0,14,0,0,1,1,0,1
1,0,0,1,0,0,0,0,13,10,0,3,0,2,1
0,0,1,5,0,0,0,0,15,0,0,2,1,1,1
0,0,1,6,0,0,0,1,41,3,2,7,0,6,1
0,1,1,7,0,0,0,0,17,0,0,1,0,0,1
0,0,0,0,0,0,0,0,35,0,0,2,1,1,1
0,0,0,2,0,0,0,0,19,0,0,2,0,1,1
0,0,1,5,0,0,0,0,25,0,0,1,1,0,1
0,0,0,0,0,0,0,1,19,0,1,1,1,0,1
0,0,1,1,0,0,0,0,11,0,0,1,1,0,1
0,0,1,3,0,0,0,0,29,0,0,4,0,3,1
0,0,0,2,0,0,0,0,12,0,0,1,1,0,1
0,0,1,5,0,0,0,0,15,0,0,1,1,0,1
0,0,0,0,0,0,0,0,22,0,0,1,1,0,1
0,0,0,3,0,0,0,0,16,0,0,1,1,0,1
0,0,0,2,0,0,0,0,22,0,0,2,1,1,1
0,0,0,1,0,0,1,0,12,0,0,1,1,0,1
0,0,1,2,0,0,0,1,24,0,2,1,0,0,1
0,0,0,0,0,0,0,1,16,3,1,1,0,0,1
0,0,1,3,0,0,0,1,48,2,1,2,1,1,1
0,0,0,0,0,0,0,0,12,0,0,1,0,0,1
0,0,1,5,0,0,0,0,22,0,0,1,1,0,1
0,0,1,3,0,0,0,0,31,0,0,1,1,0,1
0,0,1,4,0,0,0,0,16,0,0,2,0,1,1
0,0,1,8,0,0,0,0,17,0,0,1,0,0,1
0,1,1,2,0,0,1,0,19,0,0,2,1,1,1
0,0,0,0,0,0,0,0,18,0,0,3,0,2,1
0,0,1,3,0,0,0,0,13,0,0,2,0,1,1
0,0,1,1,1,0,0,0,24,0,0,1,1,0,1
0,0,1,4,0,0,0,0,11,0,0,1,1,0,1
0,0,1,4,0,0,0,0,16,0,0,2,1,1,1
0,0,1,2,0,0,0,0,22,0,0,2,1,1,1
0,0,0,1,0,0,0,0,11,2,0,1,1,0,1
0,0,1,7,0,0,0,0,29,0,0,3,0,2,1
0,0,0,1,0,0,0,0,17,0,0,1,1,0,1
0,0,0,1,0,0,0,0,23,0,0,4,0,3,1
0,0,1,3,0,0,0,0,12,0,0,1,1,0,1
0,0,1,5,0,0,0,0,17,0,0,1,1,0,1
0,0,1,4,0,0,0,1,13,0,1,1,1,0,1
0,0,0,0,0,0,0,0,31,0,0,4,0,3,1
0,0,1,2,0,0,0,0,14,0,0,1,1,0,1
0,0,1,2,0,0,0,1,14,0,1,1,1,0,1
0,0,1,8,0,0,0,0,10,0,0,1,1,0,1
0,0,0,1,0,0,0,0,21,0,0,2,1,1,1
0,0,0,1,0,0,0,0,14,0,0,1,1,0,1
0,0,0,2,0,0,1,0,17,0,0,1,1,0,1
0,0,1,0,0,0,0,1,48,0,5,1,1,0,1
0,0,0,2,0,0,0,0,16,0,0,2,1,1,1
0,0,1,3,0,0,0,0,25,0,0,1,1,0,1
0,0,1,1,0,0,1,0,25,0,0,4,1,3,1
0,0,1,7,0,0,0,0,16,0,0,1,1,0,1
0,0,1,2,0,0,0,0,10,1,0,1,1,0,1
0,0,0,1,0,0,0,0,7,0,0,1,0,0,1
0,0,0,4,0,0,0,0,9,3,0,1,1,0,1
0,0,1,5,0,0,0,0,18,0,0,2,0,1,1
0,0,1,2,0,0,0,0,13,0,0,1,1,0,1
0,0,1,3,0,0,0,1,12,3,1,1,0,0,1
0,0,1,3,0,0,0,1,19,0,1,1,0,0,1
0,0,1,4,0,0,0,1,13,0,1,1,1,0,1
0,1,0,1,0,0,0,0,16,0,0,1,1,0,1
0,0,0,2,1,0,0,0,19,0,0,2,0,1,1
0,0,1,3,0,0,0,0,10,0,0,1,0,0,1
0,0,0,1,0,0,0,1,20,0,1,1,1,0,1
0,0,1,6,0,0,0,0,22,0,0,2,0,1,1
0,0,1,7,0,0,0,0,15,0,0,1,1,0,1
0,0,1,2,0,0,0,0,19,0,0,1,1,0,1
0,0,1,5,0,0,1,1,43,0,1,2,1,1,1
0,0,0,0,0,0,1,1,17,0,1,1,1,0,1
0,0,0,2,0,0,0,0,12,0,0,1,1,0,1
0,0,1,4,0,0,0,0,9,0,0,1,1,0,1
0,0,0,4,0,0,0,0,19,7,0,2,1,1,1
0,0,1,6,0,0,0,0,17,0,0,1,0,0,1
0,0,1,2,0,0,1,0,20,0,0,1,1,0,1
0,0,0,2,0,0,0,0,16,0,0,1,1,0,1
0,0,1,6,0,0,0,0,15,1,0,2,0,1,1
0,0,0,1,0,0,0,0,9,0,0,1,0,0,1
0,0,1,9,0,0,0,0,11,0,0,1,1,0,1
0,0,1,4,0,0,0,0,14,0,0,1,0,0,1
0,0,0,1,0,0,1,0,28,0,0,4,1,3,1
0,1,1,3,0,0,0,0,14,0,0,1,0,0,1
0,0,1,5,0,0,0,0,15,2,0,1,0,0,1
0,0,0,0,0,0,0,0,16,0,0,1,1,0,1
0,0,1,2,0,0,0,0,17,0,0,1,1,0,1
0,0,1,3,0,0,0,0,19,0,0,1,1,0,1
0,0,0,1,0,0,0,1,18,0,1,1,1,0,1
0,0,0,1,0,0,0,0,25,0,0,1,1,0,1
0,0,0,0,0,0,1,0,27,0,0,2,1,1,1
0,0,1,3,0,0,0,0,15,0,0,1,1,0,1
0,0,0,1,0,0,0,0,13,0,0,1,0,0,1
0,0,1,5,0,0,0,0,83,3,0,5,0,4,1
0,0,1,6,0,0,0,0,15,0,0,1,1,0,1
0,0,0,1,0,0,1,0,37,4,0,2,1,1,1
0,0,1,4,0,0,0,0,17,0,0,1,0,0,1
0,0,1,1,0,0,0,0,15,0,0,2,1,1,1
0,0,1,2,0,0,0,1,26,0,1,3,0,2,1
0,0,1,7,0,0,1,0,16,0,0,2,0,1,1
0,0,0,0,0,0,1,0,23,0,0,2,1,1,1
0,0,1,5,0,0,0,0,17,1,0,1,0,0,1
0,0,0,3,0,0,0,0,14,0,0,1,1,0,1
0,0,0,2,0,0,0,1,6,0,1,1,0,0,1
0,0,1,5,0,0,1,1,38,0,1,2,1,1,1
0,0,0,5,0,0,0,1,16,0,1,1,1,0,1
0,0,1,7,0,0,0,0,14,0,0,1,1,0,1
0,0,1,3,0,0,0,0,21,0,0,1,1,0,1
0,0,1,5,0,0,0,0,14,0,0,2,0,1,1
0,0,1,3,0,0,0,0,18,0,0,1,1,0,1
0,0,0,2,0,0,0,0,13,0,0,1,1,0,1
0,0,1,2,0,0,0,0,20,0,0,1,1,0,1
0,0,1,1,0,0,0,0,15,0,0,1,1,0,1
0,0,0,2,0,0,0,0,20,0,0,2,0,1,1
0,0,0,0,0,0,0,1,27,0,1,3,0,2,1
0,0,1,2,0,0,0,0,12,0,0,1,1,0,1
1,0,0,1,0,0,0,0,13,10,0,3,0,2,1
0,0,0,0,0,0,1,0,24,0,0,2,1,1,1
0,0,0,2,0,0,0,0,17,0,0,1,1,0,1
0,0,1,5,0,0,1,1,27,0,1,2,1,1,1
0,0,1,5,0,0,0,0,22,0,0,1,1,0,1
0,0,0,1,0,0,0,1,28,0,1,2,1,1,1
0,0,1,2,0,0,1,0,18,0,0,1,1,0,1
0,0,1,7,0,0,0,0,8,0,0,1,0,0,1
0,1,1,3,0,0,0,0,16,0,0,2,0,1,1
0,0,1,6,0,0,0,1,47,26,1,2,0,1,1
0,0,0,1,0,0,0,0,7,0,0,1,0,0,1
0,0,0,1,0,0,0,0,11,0,0,1,1,0,1
0,0,1,4,0,0,0,0,16,0,0,2,1,1,1
0,0,1,2,0,0,0,1,31,0,2,1,1,0,1
0,0,1,1,0,0,0,1,61,19,4,2,1,1,1
0,0,0,4,0,0,0,0,21,0,0,1,1,0,1
0,0,1,7,0,0,0,0,13,0,0,2,0,1,1
0,0,1,5,0,0,0,0,15,0,0,2,1,1,1
0,0,0,2,0,0,0,0,23,0,0,1,1,0,1
0,0,1,2,0,0,1,0,15,0,0,1,1,0,1
0,0,1,2,0,0,0,1,28,3,2,2,1,1,1
0,0,1,7,0,0,0,0,12,2,0,1,1,0,1
0,0,1,1,0,0,0,1,23,0,2,1,1,0,1
0,0,0,0,0,0,0,0,22,4,0,2,0,1,1
0,0,0,0,0,0,0,0,17,0,0,1,0,0,1
0,0,0,0,0,0,0,1,33,0,1,3,0,2,1
0,0,0,1,0,0,0,1,22,1,1,1,1,0,1
0,0,0,1,0,0,0,0,22,0,0,1,1,0,1
0,0,1,2,0,0,0,1,35,9,1,3,1,2,1
0,0,1,8,0,0,0,0,10,0,0,1,1,0,1
0,0,0,1,0,0,0,0,24,0,0,2,1,1,1
0,0,1,2,0,0,0,0,16,0,0,2,1,1,1
0,0,0,0,0,0,0,0,17,0,0,1,0,0,1
0,0,0,1,0,0,0,0,19,0,0,1,0,0,1
0,0,1,3,0,0,0,0,17,0,0,1,1,0,1
0,0,1,8,0,0,1,0,8,1,0,1,1,0,1
0,0,0,1,0,0,0,0,7,0,0,1,0,0,1
0,0,1,2,0,0,0,1,20,0,1,2,0,1,1
0,0,0,0,0,0,0,0,23,0,0,1,0,0,1
0,1,1,2,0,0,0,0,31,0,0,1,1,0,1
0,0,1,5,0,0,0,0,12,0,0,1,1,0,1
0,0,1,2,0,0,0,0,15,0,0,1,1,0,1
0,1,1,4,0,0,0,1,17,0,1,1,0,0,1
0,0,1,2,0,0,0,0,41,17,0,3,0,2,1
0,0,0,1,0,0,0,0,9,0,0,1,0,0,1
0,0,0,1,0,0,1,0,6,0,0,1,0,0,1
0,0,0,2,0,0,0,0,18,0,0,1,1,0,1
0,0,1,4,0,0,0,0,11,0,0,1,1,0,1
0,0,1,5,0,0,0,0,15,0,0,2,1,1,1
0,0,0,2,0,0,0,0,15,0,0,2,1,1,1
0,0,0,0,0,0,0,0,20,0,0,2,1,1,1
0,0,0,1,0,0,0,0,9,0,0,1,0,0,1
0,0,1,6,0,0,0,1,36,3,1,2,1,1,1
0,0,0,0,0,0,0,0,28,0,0,2,1,1,1
0,0,1,3,0,0,0,0,22,0,0,1,1,0,1
0,0,0,2,0,0,0,0,16,0,0,1,0,0,1
0,0,0,0,0,0,0,1,27,0,2,2,0,1,1
0,0,1,9,0,0,0,0,19,0,0,1,1,0,1
0,0,1,4,0,0,0,0,22,0,0,2,1,1,1
0,0,1,8,0,0,0,0,12,4,0,1,1,0,1
0,0,0,1,0,0,0,0,20,0,0,1,1,0,1
0,0,1,5,0,0,0,0,15,0,0,2,1,1,1
0,0,1,5,0,0,0,0,25,0,0,1,1,0,1
0,0,1,8,0,0,0,0,14,0,0,2,0,1,1
0,0,0,0,0,0,0,0,10,0,0,1,0,0,1
0,0,0,0,0,0,0,0,26,4,0,2,0,1,1
0,0,0,0,0,0,0,1,27,0,1,3,0,2,1
0,0,1,5,0,0,0,1,14,0,2,1,0,0,1
0,0,1,3,0,0,0,0,21,0,0,1,1,0,1
0,0,0,4,0,0,0,0,11,0,0,1,0,0,1
0,0,0,2,0,0,0,0,10,0,0,1,0,0,1
0,1,1,2,0,0,1,0,18,0,0,1,1,0,1
0,0,1,3,0,0,0,0,29,0,0,1,1,0,1
0,0,1,3,0,0,1,0,14,0,0,2,0,1,1
0,0,0,3,0,0,0,0,17,0,0,2,1,1,1
0,0,1,6,0,0,0,0,12,3,0,1,1,0,1
0,0,0,2,0,0,0,1,18,0,1,1,1,0,1
0,0,0,1,0,0,0,0,14,1,0,2,0,1,1
0,0,0,1,0,0,0,0,16,0,0,2,0,1,1
0,0,0,1,0,0,0,1,29,2,1,2,1,1,1
0,0,1,3,0,0,1,0,22,0,0,2,1,1,1
0,0,1,5,0,0,1,1,28,0,1,2,1,1,1
0,0,0,2,0,0,0,0,22,0,0,2,0,1,1
0,0,0,1,0,0,0,0,10,0,0,1,1,0,1
0,0,0,0,0,0,1,0,28,0,0,2,1,1,1
0,0,0,1,0,0,0,0,17,0,0,2,0,1,1
0,0,1,5,0,0,1,0,16,0,0,1,1,0,1
0,0,0,3,0,0,0,0,14,0,0,2,0,1,1
0,0,1,5,0,0,0,0,22,0,0,1,1,0,1
0,0,1,8,0,0,0,0,23,0,0,1,1,0,1
0,0,1,2,0,0,0,0,25,0,0,1,1,0,1
0,0,1,1,0,0,0,0,6,0,0,1,1,0,1
0,1,1,7,0,0,0,0,17,0,0,1,0,0,1
1,0,1,4,0,0,0,0,13,10,0,3,0,2,1
0,0,1,2,1,0,0,0,16,0,0,1,1,0,1
0,0,1,2,1,0,0,0,10,1,0,1,1,0,1
0,0,0,3,0,0,0,0,12,0,0,1,0,0,1
0,0,1,5,0,0,0,0,9,0,0,1,0,0,1
0,0,0,1,0,0,0,0,25,2,0,2,1,1,1
0,0,1,5,0,0,0,0,15,0,0,2,1,1,1
0,0,0,0,0,0,0,0,8,0,0,1,0,0,1
0,0,0,2,0,0,0,0,23,0,0,2,1,1,1
0,0,0,1,0,0,0,0,10,0,0,1,1,0,1
0,0,0,1,0,0,0,0,24,1,0,2,1,1,1
0,0,1,6,0,0,0,0,9,0,0,1,0,0,1
0,0,0,0,0,0,0,1,12,0,1,1,1,0,1
0,0,1,2,0,0,1,1,43,15,4,2,1,1,1
0,0,0,1,0,0,0,0,13,0,0,1,1,0,1
0,0,1,6,0,0,0,0,20,3,0,1,1,0,1
0,0,0,0,0,0,0,0,23,0,0,3,0,2,1
0,0,0,2,0,0,0,0,10,0,0,2,0,1,1
0,0,0,2,0,0,0,0,18,0,0,1,1,0,1
0,0,0,0,0,0,0,0,23,0,0,3,0,2,1
0,0,0,1,0,0,0,0,27,3,0,2,1,1,1
0,0,0,2,0,0,0,0,20,0,0,1,0,0,1
0,0,1,1,0,0,0,1,29,11,3,1,0,0,1
0,0,0,2,0,0,1,0,15,0,0,1,1,0,1
0,0,1,2,0,0,0,0,17,0,0,1,1,0,1
0,0,1,6,0,0,0,0,17,0,0,1,1,0,1
0,0,0,0,0,0,0,0,22,0,0,2,1,1,1
0,0,1,5,0,0,0,0,14,0,0,1,1,0,1
0,0,1,5,0,0,0,0,34,0,0,1,1,0,1
0,0,1,2,0,0,0,0,7,1,0,1,0,0,1
0,0,1,2,0,0,0,0,16,0,0,2,1,1,1
0,0,0,0,0,0,0,1,25,0,1,3,0,2,1
0,0,1,2,0,0,0,0,10,0,0,1,0,0,1
0,0,1,2,0,0,0,0,17,0,0,1,1,0,1
0,0,1,7,0,0,0,0,15,0,0,1,1,0,1
0,0,1,9,0,0,0,0,16,0,0,1,1,0,1
0,0,0,1,0,0,0,0,19,0,0,2,0,1,1
0,0,1,1,0,0,0,0,14,0,0,2,0,1,1
0,0,1,4,0,0,0,0,17,0,0,1,1,0,1
0,0,0,2,0,0,1,0,14,0,0,2,0,1,1
0,0,0,3,0,0,0,0,10,0,0,1,0,0,1
0,0,1,2,0,0,0,1,31,0,3,2,0,1,1
0,0,1,9,0,0,0,0,13,0,0,1,1,0,1
0,0,1,3,0,0,0,1,19,0,1,2,0,1,1
0,0,0,1,0,0,0,0,23,0,0,1,1,0,1
0,0,1,4,0,0,0,1,14,0,1,1,0,0,1
0,1,1,4,0,0,0,0,23,0,0,1,1,0,1
0,0,1,3,0,0,0,0,29,0,0,2,0,1,1
0,0,1,4,0,0,0,0,42,8,0,4,1,3,1
0,0,0,3,0,0,0,0,10,0,0,1,0,0,1
0,0,0,0,0,0,0,0,29,0,0,2,1,1,1
0,0,0,0,0,0,0,0,24,1,0,2,1,1,1
0,0,1,2,0,0,0,0,12,0,0,1,1,0,1
0,0,1,4,0,0,0,0,15,0,0,1,0,0,1
0,0,1,6,0,0,0,0,31,0,0,2,1,1,1
0,0,0,3,0,0,0,0,17,0,0,1,1,0,1
0,0,0,2,0,0,0,0,9,0,0,1,0,0,1
0,0,0,2,0,0,0,0,20,0,0,1,1,0,1
0,0,1,5,0,0,0,1,29,7,2,1,1,0,1
0,0,1,2,0,0,0,0,16,0,0,2,1,1,1
0,0,1,3,0,0,0,0,14,0,0,1,1,0,1
0,0,0,1,0,0,0,0,28,10,0,4,0,3,1
0,0,1,3,0,0,0,0,37,0,0,4,0,3,1
0,0,1,1,0,0,0,1,54,2,2,2,1,1,1
0,0,0,1,0,0,0,1,10,0,1,1,0,0,1
0,0,0,1,0,0,0,0,13,0,0,2,0,1,1
0,0,1,3,0,0,0,0,16,0,0,1,0,0,1
0,0,0,1,0,0,0,0,29,0,0,1,1,0,1
0,0,0,1,0,0,0,0,4,0,0,1,0,0,1
0,0,0,0,0,0,0,0,10,0,0,1,0,0,1
1,0,1,4,0,0,0,0,15,12,0,3,0,2,1
0,0,0,1,0,0,0,0,23,2,0,2,1,1,1
0,0,1,3,1,0,0,0,22,1,0,3,1,2,1
0,0,1,3,0,0,0,0,29,0,0,1,1,0,1
0,1,1,2,0,0,1,0,23,3,0,2,1,1,1
0,0,0,2,0,0,0,0,21,0,0,1,1,0,1
0,0,0,1,0,0,0,0,21,0,0,1,1,0,1
0,0,0,1,0,0,0,0,21,0,0,1,1,0,1
0,0,0,1,0,0,0,0,12,0,0,1,1,0,1
0,0,0,1,0,0,1,0,11,0,0,1,1,0,1
0,0,1,5,0,0,0,0,17,1,0,1,0,0,1
0,0,1,5,0,0,0,0,12,1,0,1,0,0,1
0,0,0,0,0,0,0,1,25,0,1,2,1,1,1
0,0,1,5,0,0,0,0,15,0,0,2,1,1,1
0,0,1,2,0,0,0,0,20,0,0,1,0,0,1
0,0,1,4,0,0,0,0,17,0,0,3,0,2,1
0,0,1,5,0,0,1,1,27,0,1,2,1,1,1
0,0,0,2,0,0,0,0,14,0,0,1,1,0,1
0,0,0,0,0,0,0,0,20,0,0,2,1,1,1
0,0,1,7,0,0,0,0,12,2,0,1,1,0,1
0,0,0,1,0,0,1,0,4,0,0,1,0,0,1
0,0,1,5,1,0,0,0,6,1,0,1,0,0,1
0,1,1,4,0,0,0,0,28,1,0,2,1,1,1
0,0,0,0,0,0,0,0,20,0,0,2,1,1,1
0,0,0,1,0,0,0,1,29,0,3,1,1,0,1
0,0,0,1,0,0,0,0,15,0,0,1,1,0,1
0,0,0,2,0,0,0,0,10,0,0,1,1,0,1
0,0,1,6,0,0,0,1,14,0,1,1,0,0,1
0,0,1,3,0,0,1,0,22,0,0,2,1,1,1
0,0,1,4,0,0,0,0,11,0,0,1,1,0,1
0,0,0,2,0,0,0,0,18,0,0,1,0,0,1
0,0,1,2,0,0,0,0,17,0,0,1,1,0,1
0,0,1,9,0,0,0,0,15,0,0,1,0,0,1
0,0,0,1,0,0,0,0,4,0,0,1,0,0,1
0,0,1,8,0,0,0,0,10,0,0,1,1,0,1
0,0,1,5,0,0,0,0,19,0,0,1,1,0,1
0,0,0,1,0,0,0,0,12,0,0,1,0,0,1
0,0,1,2,0,0,0,0,12,0,0,1,0,0,1
0,0,1,0,0,0,0,1,43,2,2,5,1,4,1
0,0,1,0,0,0,0,0,106,18,0,11,1,10,1
0,0,0,1,0,0,0,0,21,0,0,2,0,1,1
0,0,1,4,0,0,0,0,24,0,0,2,0,1,1
0,0,1,3,0,0,0,0,29,0,0,1,1,0,1
0,0,0,2,0,0,0,0,18,0,0,1,1,0,1
0,0,1,3,0,0,0,0,33,2,0,2,0,1,1
0,0,0,2,0,0,0,0,20,0,0,1,1,0,1
0,0,1,5,0,0,0,0,20,0,0,3,0,2,1
0,0,1,5,0,0,1,1,33,0,1,2,1,1,1
0,0,0,2,0,0,0,0,23,0,0,1,1,0,1
0,0,0,2,0,0,0,0,12,0,0,1,1,0,1
0,0,0,1,0,0,0,0,23,0,0,1,1,0,1
0,0,0,1,0,0,0,0,13,2,0,1,1,0,1
0,0,0,2,0,0,0,0,16,2,0,2,0,1,1
0,0,0,1,0,0,0,0,41,17,0,3,0,2,1
0,0,0,2,0,0,0,0,7,1,0,1,0,0,1
0,0,1,3,0,0,0,0,30,0,0,2,0,1,1
0,0,0,3,0,0,0,0,17,0,0,1,1,0,1
0,0,1,2,0,0,0,0,15,0,0,1,1,0,1
0,0,0,2,0,0,0,0,27,0,0,1,1,0,1
0,0,1,2,0,0,0,0,16,0,0,2,1,1,1
0,0,1,5,0,0,1,0,21,0,0,2,1,1,1
0,0,0,1,0,0,0,0,16,0,0,1,0,0,1
0,0,0,0,0,0,0,0,14,0,0,1,1,0,1
0,0,0,2,0,0,0,0,8,0,0,1,1,0,1
0,0,1,5,0,0,1,0,30,0,0,2,1,1,1
0,0,0,0,0,0,1,0,24,4,0,2,1,1,1
0,0,1,3,0,0,0,1,15,0,1,1,1,0,1
0,0,0,1,0,0,0,0,26,3,0,2,1,1,1
0,0,0,1,0,0,0,0,13,0,0,1,0,0,1
0,0,1,5,0,0,1,1,32,14,1,2,1,1,1
0,0,0,1,0,0,0,0,18,0,0,2,1,1,1
0,0,1,3,0,0,0,0,14,0,0,2,0,1,1
0,0,1,5,0,0,0,1,14,0,2,1,0,0,1
0,0,1,9,0,0,0,0,12,0,0,1,0,0,1
0,0,1,4,0,0,1,0,12,0,0,1,1,0,1
0,0,1,3,0,0,0,0,16,0,0,1,1,0,1
0,0,1,2,0,0,0,0,25,0,0,1,1,0,1
0,1,1,1,0,0,0,0,23,1,0,1,1,0,1
0,0,1,5,0,0,1,1,36,10,1,2,1,1,1
0,0,0,1,0,0,0,1,28,0,1,2,0,1,1
0,0,0,2,0,0,0,0,13,0,0,1,1,0,1
0,0,1,7,0,0,0,0,9,0,0,1,1,0,1
0,0,0,0,0,0,0,1,27,0,1,2,1,1,1
0,0,1,5,0,0,1,1,30,3,1,2,1,1,1
0,0,0,2,0,0,0,0,8,0,0,1,1,0,1
0,0,1,0,0,0,0,0,17,0,0,2,1,1,1
0,0,0,2,0,0,0,0,21,0,0,2,0,1,1
0,0,0,1,0,0,0,0,17,0,0,3,0,2,1
0,0,1,1,0,0,0,1,91,18,4,2,1,1,1
0,0,0,3,0,0,0,0,13,0,0,1,0,0,1
0,0,0,3,0,0,1,0,13,6,0,1,1,0,1
0,0,1,2,0,0,0,0,16,0,0,2,1,1,1
0,0,0,2,0,0,0,0,13,0,0,1,1,0,1
0,0,1,2,0,0,0,0,23,2,0,3,1,2,1
0,0,1,6,0,0,0,0,15,0,0,1,1,0,1
0,0,1,6,0,0,0,0,21,0,0,2,0,1,1
0,0,1,5,0,0,0,0,16,0,0,2,0,1,1
0,0,0,0,0,0,0,0,36,0,0,4,1,3,1
0,1,1,3,0,0,0,0,15,0,0,2,0,1,1
0,0,1,0,0,0,0,1,60,15,4,2,1,1,1
0,0,0,1,0,0,0,0,13,0,0,1,1,0,1
0,1,1,3,0,0,0,0,17,0,0,2,0,1,1
0,0,1,2,0,0,0,0,28,10,0,4,0,3,1
0,0,0,1,0,0,0,0,20,0,0,3,0,2,1
0,1,0,3,0,0,0,0,16,0,0,1,0,0,1
0,0,1,2,0,0,0,0,28,10,0,4,0,3,1
0,0,0,1,0,0,0,1,35,2,1,4,0,3,1
0,0,1,3,0,0,0,0,23,0,0,1,1,0,1
0,0,1,8,0,0,0,0,20,0,0,1,1,0,1
0,0,1,7,0,0,0,0,18,0,0,2,0,1,1
0,0,0,0,0,0,1,1,36,0,3,2,1,1,1
0,0,1,2,0,0,0,1,18,0,1,1,1,0,1
0,0,0,2,0,0,0,0,14,0,0,1,1,0,1
0,0,1,2,0,0,1,0,15,0,0,1,1,0,1
0,0,1,2,0,0,0,0,18,0,0,2,0,1,1
0,0,1,3,0,0,1,0,18,0,0,2,1,1,1
0,0,0,1,0,0,0,0,12,0,0,1,1,0,1
0,0,0,1,0,0,0,0,11,0,0,1,0,0,1
0,0,1,4,0,0,0,0,24,0,0,1,1,0,1
0,0,1,2,0,0,0,0,17,0,0,1,0,0,1
0,0,0,3,0,0,0,0,18,0,0,1,1,0,1
0,0,0,1,0,0,0,0,14,9,0,1,0,0,1
0,0,0,1,0,0,0,0,27,5,0,3,1,2,1
0,0,0,4,0,0,0,0,9,0,0,2,0,1,1
0,0,0,1,0,0,0,0,16,0,0,1,1,0,1
0,1,1,2,0,0,0,0,13,0,0,1,1,0,1
0,0,0,0,0,0,0,1,41,2,2,2,1,1,1
0,0,0,0,0,0,1,0,22,2,0,2,1,1,1
0,0,0,1,0,0,0,0,26,0,0,3,0,2,1
0,0,0,0,0,0,0,0,17,0,0,2,0,1,1
0,0,1,5,0,0,0,0,11,0,0,1,0,0,1
0,0,1,3,0,0,0,0,20,0,0,2,0,1,1
0,0,0,0,0,0,0,0,18,0,0,2,1,1,1
0,0,1,2,0,0,1,0,11,0,0,2,1,1,1
0,0,1,2,0,0,0,0,22,0,0,1,1,0,1
0,0,1,2,0,0,1,0,11,0,0,1,1,0,1
0,0,1,8,0,0,0,0,14,0,0,1,0,0,1
0,0,1,2,0,0,0,0,18,0,0,2,0,1,1
0,0,1,4,0,0,0,0,14,0,0,1,1,0,1
0,0,1,2,0,0,1,0,15,0,0,1,1,0,1
0,1,1,1,0,0,0,0,13,0,0,1,1,0,1
0,0,1,8,0,0,0,0,11,0,0,1,1,0,1
0,0,0,4,0,0,0,0,15,0,0,1,0,0,1
0,0,1,6,0,0,0,0,12,3,0,1,1,0,1
0,0,1,7,0,0,0,0,15,0,0,1,0,0,1
0,0,1,5,0,0,0,0,14,0,0,1,0,0,1
0,0,0,0,0,0,0,1,26,0,1,2,1,1,1
0,0,1,5,0,0,0,0,22,0,0,1,1,0,1
0,0,0,1,0,0,0,0,29,0,0,1,1,0,1
0,0,0,0,0,0,0,0,25,3,0,1,1,0,1
0,0,1,4,0,0,0,1,24,0,1,1,1,0,1
0,0,1,1,0,0,0,0,58,28,0,2,1,1,1
0,0,1,5,0,0,1,1,28,0,1,2,1,1,1
0,0,0,1,0,0,0,0,21,0,0,1,1,0,1
0,0,0,1,0,0,0,1,18,0,1,1,1,0,1
0,0,1,2,0,0,0,0,16,0,0,1,1,0,1
0,0,1,4,0,0,0,0,11,0,0,1,1,0,1
0,0,1,6,0,0,0,0,13,0,0,1,1,0,1
0,0,1,2,0,0,0,0,16,0,0,2,1,1,1
0,0,0,1,0,0,0,0,14,1,0,2,0,1,1
0,0,1,6,0,0,0,0,13,0,0,1,1,0,1
0,0,1,6,0,0,0,1,47,26,1,2,0,1,1
0,0,1,3,0,0,0,0,24,0,0,1,1,0,1
0,0,1,5,0,0,0,0,15,0,0,2,1,1,1
0,0,1,4,0,0,0,1,17,0,1,1,1,0,1
0,0,0,3,0,0,1,0,14,0,0,1,1,0,1
0,0,0,3,0,0,0,0,11,0,0,1,1,0,1
0,0,1,6,0,0,0,0,15,0,0,2,0,1,1
0,0,0,2,0,0,0,0,18,0,0,1,1,0,1
1,0,1,2,0,0,0,0,13,10,0,3,0,2,1
0,0,0,3,0,0,0,0,18,2,0,2,1,1,1
0,0,1,2,0,0,0,0,24,0,0,2,0,1,1
0,0,1,0,0,0,0,0,22,0,0,2,1,1,1
0,0,0,1,0,0,0,0,34,8,0,4,1,3,1
0,0,0,0,0,0,0,0,19,6,0,2,0,1,1
0,0,1,5,0,0,1,0,30,0,0,2,1,1,1
0,0,1,5,0,0,0,0,13,0,0,1,1,0,1
0,0,0,3,0,0,0,0,10,0,0,1,1,0,1
0,0,1,3,0,0,1,0,18,0,0,1,1,0,1
0,0,0,0,0,0,0,1,24,2,1,2,1,1,1
0,1,1,3,0,0,1,0,22,0,0,2,1,1,1
0,0,0,0,0,0,0,0,18,0,0,2,0,1,1
0,0,1,4,0,0,0,1,12,0,1,1,1,0,1
0,0,1,5,0,0,1,1,26,0,1,2,1,1,1
0,0,1,2,0,0,0,0,15,0,0,1,1,0,1
0,0,1,1,0,0,0,0,14,0,0,1,1,0,1
0,0,1,6,0,0,0,1,18,0,1,1,1,0,1
0,0,0,0,0,0,0,1,25,0,1,2,1,1,1
0,0,0,1,0,0,0,0,21,0,0,1,1,0,1
0,0,1,0,0,0,0,1,57,5,8,2,1,1,1
0,0,1,3,0,0,0,0,20,0,0,1,1,0,1
0,0,1,2,0,0,0,0,19,0,0,1,1,0,1
0,0,1,5,0,0,1,0,30,0,0,2,1,1,1
0,0,1,11,0,0,1,0,17,0,0,1,1,0,1
0,0,0,3,0,0,0,0,8,0,0,1,0,0,1
0,1,1,7,0,0,0,0,17,0,0,1,0,0,1
0,0,0,4,0,0,0,0,21,0,0,1,1,0,1
0,0,1,3,0,0,0,1,12,0,1,1,1,0,1
0,0,1,5,0,0,1,1,26,0,1,2,1,1,1
0,0,1,1,0,0,0,0,14,0,0,2,0,1,1
0,0,0,1,0,0,0,0,9,0,0,1,0,0,1
0,0,0,1,0,0,0,0,25,3,0,2,1,1,1
0,0,0,2,0,0,0,0,23,0,0,1,1,0,1
0,1,1,1,0,0,0,0,21,0,0,1,0,0,1
0,1,1,6,0,0,1,0,20,0,0,1,1,0,1
0,0,1,1,0,0,1,0,22,6,0,2,1,1,1
0,0,1,3,1,0,0,0,23,0,0,1,1,0,1
0,0,1,2,0,0,0,0,45,0,0,4,1,3,1
0,0,1,3,0,0,0,0,15,0,0,1,1,0,1
0,0,1,4,0,0,0,1,34,4,3,2,1,1,1
0,0,0,2,0,0,0,0,22,0,0,1,1,0,1
0,0,1,2,0,0,0,0,24,0,0,1,1,0,1
0,0,1,1,0,0,0,0,47,0,0,4,1,3,1
0,0,0,0,0,0,0,1,25,0,2,2,0,1,1
0,0,1,3,0,0,0,1,20,0,1,1,1,0,1
0,0,1,5,0,0,0,0,25,0,0,1,1,0,1
0,0,0,2,0,0,0,0,13,0,0,1,0,0,1
0,0,0,1,0,0,0,0,18,0,0,1,1,0,1
0,0,1,4,0,0,0,0,16,0,0,2,1,1,1
0,0,0,3,0,0,0,0,12,0,0,1,1,0,1
0,1,1,5,0,0,1,0,30,0,0,2,1,1,1
0,0,0,2,0,0,0,0,24,0,0,2,0,1,1
0,0,0,2,0,0,0,0,14,0,0,1,1,0,1
0,0,1,4,0,0,0,0,13,0,0,1,0,0,1
0,0,1,4,0,0,0,0,14,0,0,1,1,0,1
0,1,1,1,0,0,1,1,44,18,2,4,1,3,1
0,0,0,1,0,0,1,0,6,0,0,1,0,0,1
0,0,1,6,0,0,1,0,16,0,0,1,1,0,1
0,0,0,3,0,0,0,0,19,7,0,2,1,1,1
0,0,0,2,0,0,0,0,14,0,0,1,1,0,1
0,0,0,1,0,0,0,0,21,0,0,1,1,0,1
0,0,1,6,0,0,0,0,12,3,0,1,1,0,1
0,0,1,1,0,0,0,0,16,1,0,2,1,1,1
0,1,1,1,0,0,0,0,16,0,0,1,1,0,1
0,0,1,5,0,0,0,0,16,0,0,1,1,0,1
0,0,0,2,0,0,0,0,11,0,0,1,1,0,1
0,0,1,4,0,0,0,0,14,0,0,1,1,0,1
0,0,1,5,0,0,0,0,23,0,0,3,0,2,1
0,0,1,7,0,0,0,0,22,0,0,1,1,0,1
0,0,1,6,0,0,0,0,11,0,0,1,1,0,1
0,0,1,8,0,0,0,0,19,0,0,2,0,1,1
0,0,0,1,0,0,0,0,14,1,0,2,0,1,1
0,0,0,0,0,0,1,0,14,0,0,1,1,0,1
0,0,0,3,0,0,0,0,13,0,0,2,0,1,1
0,1,1,4,1,0,0,0,12,0,0,2,0,1,1
0,0,1,1,0,0,0,0,18,0,0,1,1,0,1
0,0,1,4,0,0,0,0,22,0,0,1,1,0,1
0,0,1,5,0,0,0,0,22,0,0,1,1,0,1
0,0,1,5,0,0,1,0,11,0,0,1,1,0,1
0,0,1,1,0,0,1,1,21,6,2,1,1,0,1
0,0,1,6,0,0,0,0,17,0,0,1,1,0,1
0,0,1,2,0,0,0,0,33,0,0,3,1,2,1
0,0,1,5,0,0,1,1,47,6,1,2,0,1,1
0,0,0,0,0,0,0,0,12,0,0,1,1,0,1
0,0,0,3,0,0,0,0,16,0,0,1,1,0,1
0,0,1,2,0,0,0,0,19,4,0,2,1,1,1
0,0,1,7,0,0,1,1,27,0,1,2,1,1,1
0,0,0,2,0,0,0,0,9,0,0,1,1,0,1
0,0,0,0,0,0,0,1,23,0,1,2,0,1,1
0,0,0,1,0,0,0,0,11,0,0,1,1,0,1
0,0,1,6,0,0,0,0,15,0,0,1,1,0,1
0,0,1,5,0,0,1,1,23,2,1,2,1,1,1
0,0,0,4,0,0,1,0,12,0,0,1,1,0,1
0,0,1,1,0,0,1,0,22,6,0,2,1,1,1
0,0,1,1,0,0,0,0,11,0,0,1,0,0,1
0,0,0,1,0,0,0,0,17,0,0,2,0,1,1
0,0,1,5,0,0,0,0,28,0,0,1,1,0,1
0,0,0,1,0,0,0,0,16,0,0,1,1,0,1
0,0,0,2,0,0,0,0,22,0,0,2,1,1,1
0,0,1,5,0,0,1,0,30,0,0,2,1,1,1
0,1,1,7,0,0,0,0,26,1,0,3,0,2,1
0,1,1,1,0,0,0,0,25,1,0,2,1,1,1
0,0,0,1,0,0,0,0,6,0,0,1,0,0,1
0,0,1,3,0,0,0,0,20,0,0,2,0,1,1
0,0,0,3,0,0,1,0,20,0,0,1,1,0,1
0,0,1,4,0,0,0,0,21,0,0,2,1,1,1
0,0,0,2,0,0,1,0,11,0,0,2,0,1,1
0,0,1,3,0,0,0,0,26,0,0,1,1,0,1
0,0,1,3,0,0,0,0,18,0,0,1,1,0,1
0,0,0,1,0,0,0,0,14,0,0,1,1,0,1
0,0,0,3,0,0,1,0,15,0,0,2,1,1,1
0,0,1,3,0,0,0,0,10,0,0,1,0,0,1
0,0,0,1,0,0,0,0,10,0,0,1,0,0,1
0,0,0,0,0,0,0,1,20,1,1,2,1,1,1
0,0,0,3,0,0,0,0,9,0,0,1,0,0,1
0,0,0,1,0,0,0,0,23,0,0,3,0,2,1
0,0,0,0,0,0,0,0,11,0,0,1,0,0,1
0,0,0,2,0,0,1,0,19,0,0,1,1,0,1
0,0,1,6,0,0,0,0,15,0,0,1,1,0,1
0,0,1,9,0,0,0,0,11,0,0,1,1,0,1
0,0,1,4,0,0,0,0,13,0,0,1,1,0,1
0,0,0,4,0,0,0,0,21,0,0,1,1,0,1
0,0,0,1,0,0,0,1,14,0,2,1,1,0,1
0,0,1,3,0,0,0,0,18,0,0,1,1,0,1
0,0,1,4,0,0,0,0,12,0,0,1,1,0,1
0,0,0,1,0,0,0,1,19,0,1,1,1,0,1
0,0,0,0,0,0,0,0,15,2,0,2,0,1,1
0,0,1,6,0,0,0,0,16,0,0,1,1,0,1
0,0,1,9,0,0,0,0,8,0,0,1,0,0,1
0,0,0,1,0,0,0,0,16,0,0,1,1,0,1
0,0,0,1,0,0,0,0,10,0,0,1,0,0,1
0,0,0,1,0,0,0,1,28,4,2,1,1,0,1
0,0,0,0,0,0,0,0,33,3,0,2,1,1,1
0,0,0,0,0,0,0,1,25,0,2,2,0,1,1
0,0,0,2,0,0,0,0,20,0,0,1,0,0,1
0,0,0,0,0,0,1,0,28,4,0,2,1,1,1
0,0,1,1,0,0,0,1,31,0,1,2,0,1,1
0,0,1,2,0,0,0,1,32,5,4,2,0,1,1
0,0,1,7,0,0,0,0,16,0,0,3,0,2,1
0,0,0,2,0,0,0,0,18,0,0,2,0,1,1
0,0,0,1,0,0,0,0,6,0,0,1,0,0,1
0,0,1,5,0,0,0,0,17,0,0,1,1,0,1
0,0,0,2,0,0,0,0,23,0,0,1,1,0,1
0,0,0,2,0,0,0,0,17,0,0,1,1,0,1
0,0,0,0,0,0,1,1,26,0,1,2,1,1,1
0,0,0,0,0,0,0,0,29,0,0,2,1,1,1
0,0,1,5,0,0,0,0,16,0,0,1,1,0,1
0,0,1,8,0,0,0,0,29,0,0,1,1,0,1
0,0,0,1,0,0,0,0,20,0,0,1,1,0,1
0,0,0,1,0,0,0,1,22,0,1,1,1,0,1
0,0,0,1,0,0,0,0,17,0,0,1,0,0,1
0,0,0,3,0,0,0,0,14,0,0,1,1,0,1
0,0,0,1,0,0,0,0,9,0,0,1,0,0,1
0,0,0,0,0,0,0,0,22,4,0,2,1,1,1
0,0,0,2,0,0,0,0,9,1,0,1,1,0,1
0,0,1,7,0,0,0,0,8,0,0,1,0,0,1
0,0,0,2,0,0,0,0,15,0,0,1,1,0,1
0,0,0,2,0,0,0,0,20,0,0,1,1,0,1
0,0,0,1,0,0,0,1,29,0,2,2,1,1,1
0,0,1,2,0,0,0,1,25,0,1,3,0,2,1
0,0,0,0,0,0,0,1,18,0,1,1,1,0,1
0,0,0,2,0,0,0,0,12,0,0,1,1,0,1
0,0,1,3,0,0,0,0,10,0,0,1,0,0,1
0,0,0,2,0,0,0,0,19,0,0,1,1,0,1
0,0,0,0,0,0,0,0,16,0,0,1,0,0,1
0,0,0,2,0,0,0,1,29,0,2,2,1,1,1
0,0,1,5,0,0,0,0,14,0,0,1,0,0,1
0,0,1,6,0,0,0,0,19,0,0,1,1,0,1
0,0,1,5,0,0,0,0,15,0,0,2,1,1,1
0,0,0,0,0,0,0,0,40,3,0,2,1,1,1
0,0,0,1,0,0,0,0,29,0,0,1,1,0,1
0,0,0,1,0,0,0,1,18,0,1,1,0,0,1
0,0,1,3,0,0,0,0,28,7,0,2,1,1,1
0,0,1,5,0,0,0,0,19,0,0,1,1,0,1
0,0,1,8,0,0,0,0,20,3,0,1,1,0,1
0,0,1,4,0,0,0,0,20,0,0,2,0,1,1
0,0,0,3,0,0,0,0,18,0,0,1,1,0,1
0,0,1,3,0,0,0,0,17,0,0,1,1,0,1
0,0,0,0,0,0,0,0,16,0,0,1,1,0,1
0,0,1,1,0,0,0,0,15,1,0,2,1,1,1
0,0,1,2,0,0,0,0,24,7,0,3,1,2,1
0,0,1,2,0,0,0,1,20,0,1,1,0,0,1
0,0,1,4,0,0,0,0,17,0,0,2,0,1,1
0,0,1,4,0,0,0,0,21,0,0,1,1,0,1
0,0,1,5,0,0,0,0,15,0,0,1,0,0,1
0,0,1,2,0,0,0,0,16,0,0,1,1,0,1
0,0,0,1,0,0,0,0,19,0,0,1,0,0,1
0,0,0,0,0,0,0,1,29,0,1,3,0,2,1
0,0,1,5,0,0,0,0,15,0,0,1,1,0,1
0,0,1,7,0,0,1,0,11,0,0,1,1,0,1
0,0,0,1,0,0,1,0,14,0,0,1,1,0,1
0,0,0,2,0,0,0,0,9,0,0,1,0,0,1
0,0,0,3,0,0,0,0,11,0,0,1,1,0,1
0,0,1,5,0,0,0,0,22,0,0,1,1,0,1
0,0,1,5,0,0,0,1,14,0,1,1,0,0,1
0,0,0,0,0,0,0,1,20,0,1,2,0,1,1
0,0,0,0,0,0,1,1,12,0,1,1,1,0,1
0,0,1,5,0,0,0,0,15,0,0,2,1,1,1
0,0,0,2,0,0,0,0,22,0,0,2,1,1,1
0,0,0,1,0,0,0,0,34,0,0,1,1,0,1
0,0,0,3,0,0,0,0,18,0,0,1,0,0,1
0,0,1,4,0,0,0,0,17,0,0,2,0,1,1
0,0,1,4,0,0,0,0,11,0,0,1,1,0,1
0,0,0,1,0,0,0,0,14,0,0,1,0,0,1
0,0,0,2,0,0,0,0,16,0,0,1,1,0,1
0,0,0,4,0,0,0,0,14,0,0,1,1,0,1
0,0,0,0,0,0,0,1,25,0,2,2,1,1,1
0,0,0,2,0,0,0,0,4,0,0,1,0,0,1
0,0,0,2,0,0,0,0,13,0,0,1,1,0,1
0,0,1,4,0,0,0,0,42,8,0,4,1,3,1
0,0,1,1,0,0,0,0,18,0,0,2,0,1,1
0,0,1,1,0,0,0,0,11,0,0,2,1,1,1
0,0,1,4,0,0,0,0,17,0,0,2,0,1,1
0,0,0,0,0,0,0,1,20,0,1,3,0,2,1
0,0,0,1,0,0,0,0,19,0,0,2,0,1,1
0,0,1,1,0,0,0,1,28,1,2,2,1,1,1
1,0,1,4,0,0,0,0,12,9,0,3,0,2,1
0,0,0,1,0,0,0,1,26,1,1,2,1,1,1
0,0,0,2,0,0,1,0,13,0,0,1,1,0,1
0,0,1,4,0,0,0,0,17,0,0,2,0,1,1
0,0,0,0,0,0,0,1,13,0,1,1,1,0,1
0,0,0,2,0,0,0,0,24,0,0,2,1,1,1
0,0,0,1,0,0,1,0,4,0,0,1,0,0,1
0,0,1,1,0,0,0,0,16,0,0,2,1,1,1
0,0,0,1,0,0,0,0,18,0,0,1,1,0,1
0,0,0,1,0,0,0,0,15,0,0,1,1,0,1
0,0,1,4,1,0,0,0,27,0,0,1,1,0,1
0,0,0,3,0,0,0,0,11,0,0,1,1,0,1
0,0,0,2,0,0,0,0,9,0,0,1,0,0,1
0,0,0,0,0,0,0,1,27,0,2,2,0,1,1
0,0,1,8,0,0,0,0,14,0,0,1,1,0,1
0,0,1,3,0,0,0,0,16,0,0,1,1,0,1
0,0,0,0,0,0,0,0,39,3,0,2,1,1,1
0,0,1,4,0,0,0,0,14,0,0,1,1,0,1
0,0,0,3,0,0,0,0,28,9,0,4,0,3,1
0,0,0,0,0,0,0,1,12,0,1,1,1,0,1
0,0,0,0,0,0,0,1,38,0,1,2,0,1,1
1,0,0,1,0,0,0,0,18,14,0,3,0,2,1
0,0,1,2,0,0,0,0,22,0,0,2,1,1,1
0,0,0,1,0,0,0,0,10,1,0,1,1,0,1
0,0,1,6,0,0,0,1,18,0,1,1,1,0,1
0,0,1,2,0,0,1,0,15,0,0,1,1,0,1
0,0,1,2,0,0,0,0,18,0,0,1,1,0,1
0,0,1,3,0,0,0,0,15,0,0,1,1,0,1
0,0,1,5,0,0,0,0,16,0,0,1,1,0,1
0,0,0,0,0,0,0,0,14,2,0,2,0,1,1
0,0,1,2,0,0,0,0,12,0,0,2,1,1,1
0,0,0,2,0,0,1,0,14,0,0,1,1,0,1
0,0,0,0,0,0,0,0,18,2,0,2,0,1,1
0,0,1,10,0,0,1,0,12,0,0,1,1,0,1
0,0,1,2,0,0,0,0,25,0,0,1,1,0,1
0,0,1,5,0,0,0,0,25,0,0,2,0,1,1
0,0,0,0,0,0,0,1,26,0,1,2,1,1,1
0,0,0,2,0,0,0,0,15,0,0,1,0,0,1
0,0,0,1,0,0,0,1,18,0,1,1,1,0,1
0,1,1,3,0,0,0,0,13,0,0,1,1,0,1
0,0,1,5,0,0,0,0,25,0,0,2,1,1,1
0,0,1,5,0,0,0,0,14,0,0,1,1,0,1
0,0,1,7,0,0,0,0,15,0,0,1,1,0,1
0,0,0,1,1,0,0,0,23,6,0,3,0,2,1
0,0,1,5,0,0,0,0,19,0,0,1,1,0,1
0,0,1,5,0,0,1,0,13,0,0,2,1,1,1
0,0,1,4,0,0,0,0,16,0,0,2,1,1,1
0,0,1,4,0,0,0,0,16,1,0,1,1,0,1
0,0,0,1,0,0,0,0,17,0,0,1,1,0,1
0,0,1,3,0,0,0,0,18,0,0,2,0,1,1
0,0,0,2,0,0,0,0,31,1,0,1,1,0,1
0,0,1,6,0,0,0,0,17,0,0,1,1,0,1
0,0,1,4,0,0,0,1,14,0,1,1,1,0,1
0,0,1,3,0,0,0,0,31,0,0,1,1,0,1
0,1,1,4,0,0,0,1,16,0,1,1,0,0,1
0,0,1,4,0,0,0,0,17,0,0,1,1,0,1
0,1,1,5,0,0,0,1,17,0,1,1,0,0,1
0,0,0,1,0,0,0,0,12,0,0,1,0,0,1
0,0,0,2,0,0,0,0,22,0,0,2,1,1,1
0,0,1,4,0,0,0,0,20,0,0,1,1,0,1
0,0,0,1,0,0,0,0,13,0,0,2,0,1,1
0,0,1,2,0,0,0,0,23,2,0,3,1,2,1
0,0,0,0,0,0,1,0,27,0,0,2,1,1,1
0,0,1,1,0,0,0,0,75,17,0,12,1,11,1
0,0,0,2,0,0,0,0,12,0,0,1,1,0,1
0,0,0,2,0,0,0,0,13,0,0,1,1,0,1
0,0,0,1,0,0,1,0,6,0,0,1,0,0,1
0,1,1,4,0,0,0,0,7,0,0,1,0,0,1
0,0,1,1,0,0,0,1,58,3,6,3,0,2,1
0,0,0,2,0,0,0,0,15,0,0,1,1,0,1
0,0,0,0,0,0,1,0,22,2,0,2,1,1,1
0,0,0,1,0,0,0,0,28,0,0,2,0,1,1
0,0,1,2,0,0,0,0,7,1,0,1,0,0,1
0,0,1,3,0,0,0,1,19,0,1,2,0,1,1
0,0,1,8,0,0,0,0,14,0,0,2,0,1,1
0,0,0,0,0,0,0,0,45,1,0,5,1,4,1
0,0,1,4,0,0,0,0,11,0,0,1,1,0,1
0,0,1,1,0,0,0,0,23,0,0,1,1,0,1
0,0,1,6,0,0,0,0,22,0,0,1,1,0,1
0,0,0,0,0,0,0,0,32,3,0,2,1,1,1
0,0,1,4,0,0,0,0,15,0,0,1,0,0,1
0,0,1,8,0,0,1,0,21,0,0,1,1,0,1
0,0,1,6,0,0,0,0,14,0,0,1,1,0,1
0,0,0,1,0,0,0,0,5,0,0,1,0,0,1
0,0,1,1,0,0,0,0,48,0,0,5,1,4,1
0,0,0,2,0,0,0,0,14,0,0,1,1,0,1
0,0,1,1,0,0,0,0,17,0,0,2,1,1,1
0,0,1,0,0,0,0,1,52,0,2,3,0,2,1
0,0,0,2,0,0,0,0,19,0,0,2,1,1,1
0,0,1,5,0,0,0,0,21,0,0,2,0,1,1
0,0,0,0,0,0,0,0,30,0,0,1,0,0,1
0,0,1,5,0,0,0,0,16,0,0,1,1,0,1
0,0,1,4,0,0,0,0,14,0,0,1,1,0,1
0,0,1,6,0,0,0,0,6,0,0,1,0,0,1
0,0,0,3,0,0,0,1,19,0,1,2,1,1,1
0,0,1,8,0,0,0,0,20,3,0,1,1,0,1
0,0,1,4,0,0,0,0,13,0,0,1,0,0,1
0,0,1,7,0,0,0,0,8,0,0,1,0,0,1
0,0,0,1,0,0,0,1,13,0,1,1,1,0,1
0,0,0,0,0,0,0,0,19,5,0,2,0,1,1
0,0,1,2,0,0,0,0,24,0,0,1,1,0,1
0,0,1,3,0,0,0,1,36,0,2,1,1,0,1
0,0,0,4,0,0,0,0,9,0,0,1,1,0,1
1,0,0,1,0,0,0,0,13,10,0,3,0,2,1
0,0,1,0,1,0,0,0,36,0,0,3,0,2,1
0,0,0,1,1,0,0,0,8,0,0,1,0,0,1
0,0,1,3,0,0,0,0,16,0,0,2,0,1,1
0,0,0,3,0,0,0,1,17,0,1,1,0,0,1
0,0,0,3,0,0,0,0,24,0,0,1,1,0,1
0,0,1,8,0,0,0,0,23,0,0,1,1,0,1
0,0,1,2,0,0,0,0,22,0,0,1,1,0,1
0,0,1,2,0,0,0,0,25,0,0,2,0,1,1
0,0,0,2,0,0,0,0,16,0,0,2,1,1,1
0,0,0,2,0,0,0,0,21,0,0,2,0,1,1
0,0,0,3,0,0,1,0,17,0,0,1,1,0,1
0,0,1,3,0,0,0,0,22,0,0,1,1,0,1
0,0,0,1,0,0,1,0,11,0,0,1,1,0,1
0,0,1,1,1,0,0,0,10,0,0,1,0,0,1
0,0,1,6,0,0,0,0,31,0,0,2,1,1,1
0,0,1,5,0,0,1,1,36,0,1,2,1,1,1
0,0,0,1,0,0,0,0,9,0,0,1,1,0,1
0,0,0,0,0,0,0,1,16,0,1,1,1,0,1
0,0,0,0,0,0,1,0,14,0,0,1,1,0,1
0,0,1,2,0,0,0,0,16,0,0,2,1,1,1
0,0,0,3,0,0,0,0,16,0,0,1,1,0,1
0,0,0,0,0,0,0,0,11,0,0,1,1,0,1
0,0,1,3,0,0,0,0,11,0,0,2,0,1,1
0,0,1,4,0,0,0,0,15,0,0,1,1,0,1
0,0,1,8,0,0,0,0,10,0,0,1,1,0,1
0,0,1,9,0,0,0,0,19,0,0,1,1,0,1
0,0,1,2,0,0,0,0,18,0,0,2,0,1,1
0,0,0,2,0,0,0,0,11,0,0,2,0,1,1
0,0,1,6,0,0,0,0,32,0,0,1,1,0,1
0,0,0,2,0,0,0,1,16,0,1,1,0,0,1
0,0,1,2,1,0,0,0,16,0,0,1,1,0,1
0,0,1,6,0,0,1,0,12,0,0,1,1,0,1
0,0,0,2,0,0,0,0,12,0,0,1,1,0,1
0,0,0,0,0,0,0,1,19,0,1,1,1,0,1
0,0,1,1,0,0,0,0,28,0,0,2,1,1,1
0,0,0,2,0,0,0,0,18,0,0,1,1,0,1
0,0,1,9,0,0,0,0,21,0,0,1,1,0,1
0,0,1,5,0,0,1,1,28,0,1,2,1,1,1
0,0,0,1,0,0,0,0,20,2,0,2,1,1,1
0,0,1,5,0,0,0,0,17,1,0,1,0,0,1
0,0,1,3,0,0,0,1,27,0,2,1,0,0,1
0,0,1,9,0,0,0,0,12,0,0,1,1,0,1
0,0,0,4,0,0,0,0,14,0,0,2,0,1,1
1,0,0,3,0,0,0,0,15,12,0,3,0,2,1
0,0,0,2,0,0,0,0,12,0,0,1,1,0,1
0,0,1,2,0,0,0,1,32,2,2,3,1,2,1
0,0,0,1,0,0,0,0,29,15,0,2,1,1,1
0,0,0,1,0,0,0,0,19,6,0,2,0,1,1
0,0,0,4,0,0,0,0,15,0,0,1,1,0,1
0,0,0,1,0,0,0,0,6,0,0,1,0,0,1
0,0,1,3,0,0,0,0,16,0,0,1,1,0,1
1,0,0,0,0,0,0,0,12,9,0,3,0,2,1
1,0,0,2,0,0,0,0,12,9,0,3,0,2,1
0,0,1,5,0,0,0,0,22,0,0,1,1,0,1
0,0,0,1,0,0,0,0,21,0,0,1,1,0,1
0,0,0,2,0,0,0,0,20,2,0,2,1,1,1
0,0,0,1,0,0,1,0,5,0,0,1,0,0,1
0,0,1,2,0,0,0,0,13,0,0,1,0,0,1
0,0,1,2,0,0,0,1,26,0,1,3,0,2,1
0,0,0,2,0,0,0,0,13,0,0,1,1,0,1
0,0,0,0,0,0,0,0,18,3,0,2,0,1,1
0,0,1,6,0,0,0,0,37,0,0,2,1,1,1
0,0,1,6,0,0,0,0,16,0,0,1,1,0,1
0,0,0,2,0,0,0,0,12,0,0,1,0,0,1
0,0,1,2,0,0,0,1,26,0,1,3,0,2,1
0,0,1,5,0,0,0,0,17,0,0,1,1,0,1
0,0,1,3,0,0,0,0,19,0,0,2,0,1,1
0,0,1,8,0,0,0,0,25,0,0,3,0,2,1
0,0,0,2,0,0,0,0,16,0,0,2,1,1,1
0,0,0,0,0,0,0,0,18,0,0,1,1,0,1
0,0,1,7,0,0,1,0,15,0,0,3,0,2,1
0,0,1,3,0,0,0,0,19,0,0,1,0,0,1
0,0,0,1,0,0,0,0,16,0,0,1,1,0,1
0,0,1,4,0,0,0,0,20,0,0,2,0,1,1
0,0,0,2,0,0,1,0,21,0,0,2,0,1,1
0,0,0,4,0,0,0,0,17,0,0,1,1,0,1
0,0,0,3,0,0,1,0,21,0,0,1,1,0,1
0,0,0,0,0,0,0,1,25,0,1,2,1,1,1
0,0,0,3,0,0,0,0,13,0,0,1,1,0,1
0,0,0,1,0,0,0,1,10,0,1,1,0,0,1
0,1,1,5,0,0,1,0,30,0,0,2,1,1,1
0,0,1,5,0,0,0,0,13,0,0,1,1,0,1
0,1,1,7,0,0,0,0,17,0,0,1,0,0,1
0,0,1,2,0,0,0,0,37,0,0,1,1,0,1
0,0,0,4,0,0,0,0,19,7,0,2,1,1,1
0,0,0,2,0,0,0,0,17,0,0,2,0,1,1
0,0,1,5,0,0,0,0,19,0,0,1,1,0,1
0,0,0,3,0,0,0,1,15,0,1,1,1,0,1
0,0,0,5,0,0,0,0,16,0,0,2,1,1,1
0,0,1,5,0,0,0,1,14,0,1,1,0,0,1
0,0,0,1,0,0,0,0,17,0,0,1,0,0,1
0,0,1,5,0,0,0,0,23,2,0,2,1,1,1
0,0,1,3,0,0,0,1,29,0,2,2,1,1,1
0,0,1,7,0,0,0,0,16,0,0,1,0,0,1
0,0,0,1,0,0,0,0,22,0,0,2,1,1,1
0,0,1,8,0,0,0,0,10,0,0,1,1,0,1
0,0,0,1,0,0,0,0,19,0,0,2,0,1,1
0,0,1,3,0,0,1,0,26,0,0,2,1,1,1
0,0,1,2,0,0,0,0,16,3,0,1,0,0,1
0,0,1,5,0,0,1,1,29,3,1,2,1,1,1
0,0,1,6,0,0,0,0,17,0,0,1,1,0,1
0,0,0,2,0,0,0,0,14,0,0,1,1,0,1
0,0,1,8,0,0,0,0,20,3,0,1,1,0,1
0,0,1,2,0,0,0,1,32,0,1,2,1,1,1
0,0,1,10,0,0,0,0,19,0,0,1,1,0,1
0,0,1,3,0,0,1,0,27,0,0,2,1,1,1
0,0,0,3,0,0,0,0,14,0,0,1,1,0,1
0,0,1,8,0,0,0,0,29,0,0,1,1,0,1
0,0,1,4,0,0,0,1,21,0,2,2,1,1,1
0,0,1,1,0,0,0,0,21,0,0,1,1,0,1
0,0,1,5,0,0,0,0,11,0,0,1,1,0,1
0,0,0,0,0,0,0,1,17,0,1,2,0,1,1
0,0,1,4,0,0,1,0,11,0,0,1,1,0,1
0,0,0,0,0,0,0,0,13,0,0,1,1,0,1
0,0,1,2,0,0,1,0,11,0,0,1,1,0,1
0,0,0,1,0,0,0,0,19,0,0,1,1,0,1
0,0,0,4,0,0,0,0,13,0,0,2,0,1,1
0,0,1,8,0,0,0,0,7,0,0,1,0,0,1
0,0,1,2,0,0,0,1,24,0,1,1,1,0,1
0,0,1,2,0,0,0,1,36,0,2,2,1,1,1
0,0,0,1,0,0,0,0,12,0,0,1,1,0,1
0,0,1,5,0,0,1,1,32,0,1,2,1,1,1
0,0,0,1,0,0,0,0,12,0,0,1,0,0,1
0,0,1,1,0,0,0,0,14,0,0,2,0,1,1
0,0,1,6,0,0,0,0,14,0,0,1,1,0,1
0,0,0,1,0,0,0,0,15,1,0,1,0,0,1
0,0,1,2,0,0,0,1,24,0,1,1,1,0,1
0,0,0,0,0,0,0,0,16,0,0,1,0,0,1
0,0,0,2,0,0,0,0,15,0,0,1,1,0,1
0,1,1,1,0,0,0,1,7,0,1,1,0,0,1
0,0,1,6,0,0,0,0,19,1,0,2,0,1,1
0,0,1,4,0,0,0,0,18,0,0,1,1,0,1
0,0,1,1,0,0,0,0,13,0,0,2,0,1,1
0,0,1,2,0,0,0,0,16,2,0,2,1,1,1
0,0,1,2,0,0,0,0,19,0,0,1,1,0,1
0,0,1,2,0,0,0,1,32,5,4,2,0,1,1
0,0,0,0,0,0,0,0,30,0,0,3,0,2,1
0,0,1,1,0,0,0,1,28,0,2,2,1,1,1
0,0,1,5,0,0,0,0,22,0,0,1,1,0,1
0,0,1,2,0,0,0,0,16,0,0,2,1,1,1
0,0,0,1,0,0,0,0,7,0,0,1,0,0,1
0,0,1,5,0,0,0,0,15,0,0,2,1,1,1
0,0,0,1,0,0,0,0,19,0,0,1,0,0,1
0,0,0,1,0,0,0,0,18,0,0,1,1,0,1
0,0,1,3,0,0,0,1,26,0,1,2,1,1,1
0,0,1,6,0,0,0,0,17,0,0,1,1,0,1
0,0,1,3,0,0,0,0,15,0,0,1,1,0,1
0,0,0,0,0,0,0,0,13,0,0,1,1,0,1
0,0,1,3,0,0,0,0,17,0,0,1,1,0,1
0,0,1,4,0,0,0,0,14,0,0,1,1,0,1
0,0,0,0,0,0,0,0,27,0,0,1,1,0,1
0,1,1,0,0,0,1,1,60,19,2,4,1,3,1
0,0,0,1,0,0,0,0,13,0,0,2,0,1,1
0,0,1,5,0,0,1,1,32,0,1,2,1,1,1
0,0,1,2,0,0,0,0,11,0,0,2,1,1,1
0,0,0,0,0,0,1,1,23,0,1,1,1,0,1
0,0,0,2,0,0,0,0,15,0,0,2,0,1,1
0,0,1,6,0,0,0,0,31,0,0,2,1,1,1
0,0,1,2,1,0,0,0,11,0,0,1,0,0,1
0,0,0,0,0,0,0,0,15,1,0,2,0,1,1
0,0,1,8,0,0,0,0,10,0,0,1,1,0,1
0,0,0,0,0,0,0,0,18,0,0,1,0,0,1
0,0,1,4,0,0,1,1,25,0,1,2,1,1,1
0,0,1,6,0,0,0,0,9,0,0,1,0,0,1
0,0,1,7,0,0,0,0,7,0,0,1,0,0,1
0,0,1,2,0,0,0,0,18,0,0,1,1,0,1
0,0,0,0,0,0,1,0,43,0,0,2,1,1,1
0,0,1,2,0,0,0,0,22,0,0,2,1,1,1
0,0,1,1,0,0,0,0,24,2,0,2,1,1,1
0,0,1,4,0,0,0,1,27,6,1,2,1,1,1
0,0,0,0,0,0,0,0,38,0,0,4,1,3,1
0,0,0,1,0,0,0,0,10,0,0,2,0,1,1
0,0,1,6,0,0,0,0,17,0,0,1,1,0,1
0,1,0,1,0,0,0,0,13,0,0,1,1,0,1
0,0,0,0,0,0,0,1,27,0,1,3,0,2,1
0,0,1,7,0,0,0,0,10,0,0,2,0,1,1
0,0,1,1,0,0,0,1,34,0,3,2,1,1,1
0,0,0,1,0,0,0,0,20,0,0,2,1,1,1
0,0,1,8,0,0,0,0,10,0,0,1,1,0,1
0,0,0,5,0,0,0,0,14,0,0,1,1,0,1
0,0,0,0,0,0,1,0,22,0,0,2,1,1,1
0,0,0,2,0,0,0,0,11,0,0,1,0,0,1
0,1,1,5,0,0,0,0,14,4,0,1,1,0,1
0,0,0,0,0,0,0,0,20,0,0,1,0,0,1
0,1,1,3,0,0,0,0,17,0,0,2,0,1,1
0,0,0,0,0,0,0,1,17,0,1,1,1,0,1
0,0,0,0,0,0,1,0,24,0,0,2,1,1,1
0,0,0,1,0,0,0,0,25,8,0,2,1,1,1
0,0,0,1,0,0,0,0,20,0,0,1,1,0,1
0,0,1,5,0,0,0,0,12,0,0,1,1,0,1
0,0,0,0,0,0,0,1,37,11,2,2,1,1,1
0,0,0,2,0,0,0,0,25,0,0,2,0,1,1
0,0,0,0,0,0,0,1,32,3,1,2,1,1,1
0,0,1,3,0,0,0,0,17,0,0,1,1,0,1
0,0,0,2,0,0,1,0,13,0,0,1,1,0,1
0,0,0,1,0,0,0,0,21,0,0,1,1,0,1
0,0,1,6,0,0,0,0,17,0,0,1,1,0,1
0,0,0,2,0,0,0,0,21,0,0,1,1,0,1
0,0,1,2,0,0,0,0,16,0,0,2,1,1,1
0,0,0,0,0,0,0,0,40,0,0,3,1,2,1
0,0,0,1,0,0,0,0,5,0,0,1,0,0,1
0,0,1,2,0,0,0,0,13,0,0,1,1,0,1
0,0,1,2,0,0,0,1,24,0,1,1,0,0,1
0,0,0,4,0,0,0,0,14,0,0,2,0,1,1
0,0,0,1,0,0,0,0,10,0,0,1,1,0,1
0,0,1,3,0,0,0,0,21,0,0,1,1,0,1
0,0,0,1,0,0,0,0,14,0,0,1,0,0,1
0,0,1,5,0,0,0,0,25,0,0,1,1,0,1
0,0,0,2,0,0,0,0,11,0,0,1,1,0,1
0,0,1,5,0,0,1,0,30,0,0,2,1,1,1
0,0,0,1,0,0,0,0,30,0,0,3,0,2,1
0,0,0,2,0,0,0,0,20,0,0,1,0,0,1
0,0,0,2,0,0,0,0,20,0,0,1,1,0,1
0,0,1,6,0,0,0,0,11,0,0,2,0,1,1
0,0,1,5,0,0,0,0,9,0,0,1,1,0,1
0,0,1,2,0,0,0,0,8,0,0,1,0,0,1
0,0,0,4,0,0,0,0,19,0,0,2,0,1,1
0,0,1,6,0,0,0,0,17,0,0,2,0,1,1
0,0,1,3,0,0,0,0,15,0,0,1,1,0,1
0,0,0,0,0,0,0,1,23,0,1,2,1,1,1
0,0,1,2,0,0,1,0,26,0,0,1,1,0,1
0,0,0,0,0,0,0,0,27,0,0,1,1,0,1
0,0,1,8,0,0,0,0,29,0,0,1,1,0,1
0,0,1,5,0,0,1,1,30,0,1,2,1,1,1
0,0,0,3,0,0,0,0,13,0,0,1,1,0,1
0,0,0,2,0,0,0,0,8,1,0,1,1,0,1
0,0,0,1,0,0,0,0,6,0,0,1,0,0,1
0,0,0,1,0,0,0,0,12,0,0,1,1,0,1
0,0,0,2,0,0,0,0,18,0,0,1,1,0,1
0,0,0,1,1,0,1,0,15,0,0,1,1,0,1
0,0,1,4,0,0,0,0,21,0,0,1,1,0,1
0,0,1,3,0,0,0,1,22,0,1,2,0,1,1
0,1,1,10,0,0,0,0,14,0,0,1,1,0,1
0,0,0,2,0,0,0,0,17,0,0,1,0,0,1
0,0,1,1,0,0,0,0,17,0,0,2,1,1,1
0,0,0,3,0,0,0,0,17,0,0,1,1,0,1
0,0,1,2,0,0,0,1,26,0,1,3,0,2,1
0,0,0,3,0,0,0,0,21,0,0,1,1,0,1
0,0,1,5,0,0,0,0,15,0,0,2,1,1,1
0,1,1,5,0,0,0,1,7,0,1,1,0,0,1
0,0,1,5,0,0,0,0,19,0,0,1,0,0,1
0,0,1,1,1,0,0,0,10,0,0,1,0,0,1
0,0,1,4,0,0,0,0,16,0,0,1,1,0,1
0,0,1,1,0,0,0,0,22,0,0,1,1,0,1
0,0,1,3,0,0,0,1,20,0,1,1,1,0,1
0,0,1,2,0,0,0,0,20,0,0,2,0,1,1
0,0,1,8,0,0,0,0,21,0,0,1,1,0,1
0,0,1,3,0,0,0,0,23,0,0,2,0,1,1
0,0,1,2,0,0,0,0,15,0,0,1,1,0,1
0,1,1,7,0,0,0,0,19,0,0,1,1,0,1
0,0,0,1,0,0,1,0,7,0,0,1,0,0,1
0,0,0,2,0,0,0,0,14,0,0,1,1,0,1
0,0,1,2,0,0,0,0,27,2,0,2,1,1,1
1,0,0,0,0,0,0,0,13,10,0,3,0,2,1
0,0,1,2,0,0,0,0,15,0,0,1,1,0,1
0,1,1,2,0,0,0,1,16,0,1,1,1,0,1
0,0,0,2,0,0,0,0,13,0,0,1,0,0,1
0,0,0,3,0,0,0,0,15,0,0,1,1,0,1
0,0,1,3,0,0,0,0,12,0,0,1,1,0,1
0,0,0,1,0,0,1,0,11,0,0,1,1,0,1
0,0,1,3,0,0,0,0,17,0,0,1,1,0,1
0,0,1,3,0,0,0,1,22,0,1,2,0,1,1
0,0,1,3,0,0,0,1,37,0,3,2,1,1,1
0,0,1,3,0,0,0,0,11,0,0,1,1,0,1
0,0,0,1,0,0,0,1,29,2,1,3,0,2,1
0,0,0,2,0,0,0,0,10,0,0,1,1,0,1
0,0,1,2,0,0,0,0,23,0,0,1,1,0,1
0,0,0,5,0,0,0,1,7,0,1,1,0,0,1
0,0,0,1,0,0,0,0,14,0,0,2,1,1,1
0,0,1,0,0,0,0,0,21,0,0,2,1,1,1
0,0,0,3,0,0,0,0,14,0,0,1,0,0,1
0,0,1,2,0,0,0,1,30,2,1,2,1,1,1
0,0,1,2,0,0,0,0,12,0,0,2,1,1,1
0,0,1,5,0,0,0,0,19,0,0,2,0,1,1
0,0,1,5,0,0,1,1,38,0,1,2,1,1,1
0,0,1,5,0,0,0,0,11,0,0,1,1,0,1
0,0,1,5,0,0,0,0,14,0,0,1,1,0,1
0,0,0,1,0,0,0,0,21,1,0,2,1,1,1
0,0,1,5,0,0,0,0,25,0,0,1,1,0,1
0,0,1,6,0,0,0,0,17,0,0,1,1,0,1
0,0,0,3,0,0,0,0,9,0,0,1,1,0,1
0,0,1,4,0,0,0,0,19,0,0,1,1,0,1
0,0,0,5,0,0,0,0,10,0,0,1,0,0,1
0,0,1,6,0,0,0,0,20,0,0,1,1,0,1
0,0,0,0,0,0,1,0,23,3,0,2,1,1,1
0,0,0,0,0,0,0,0,15,0,0,1,0,0,1
0,0,0,1,0,0,0,1,13,0,1,1,0,0,1
0,0,1,5,0,0,0,0,17,0,0,1,1,0,1
0,0,0,1,0,0,0,0,26,0,0,2,0,1,1
0,0,0,1,0,0,0,0,10,0,0,1,1,0,1
0,0,0,2,0,0,0,0,20,0,0,1,1,0,1
0,1,1,3,0,0,0,0,22,0,0,1,1,0,1
0,0,0,1,0,0,0,0,22,0,0,2,0,1,1
0,0,1,2,0,0,0,0,16,0,0,1,1,0,1
0,0,0,0,0,0,0,1,23,1,3,1,1,0,1
0,0,0,1,0,0,0,1,28,1,2,2,1,1,1
0,0,1,2,0,0,0,0,31,0,0,2,0,1,1
0,1,1,5,0,0,0,1,7,0,1,1,0,0,1
0,0,0,1,0,0,0,0,11,0,0,1,1,0,1
0,0,1,5,0,0,1,0,17,0,0,2,1,1,1
0,0,0,0,0,0,0,0,19,0,0,1,1,0,1
0,0,1,4,0,0,0,0,10,0,0,2,0,1,1
0,0,1,5,0,0,0,0,17,1,0,1,0,0,1
0,0,1,2,0,0,0,0,25,0,0,2,0,1,1
0,0,0,1,0,0,0,0,12,0,0,1,1,0,1
0,0,1,4,0,0,0,0,7,0,0,1,0,0,1
0,0,0,1,0,0,0,0,20,0,0,1,1,0,1
0,0,1,7,0,0,1,1,45,0,1,2,1,1,1
0,0,1,1,0,0,0,0,48,0,0,5,1,4,1
0,0,0,0,0,0,0,1,16,0,1,1,1,0,1
0,0,1,5,0,0,0,0,17,0,0,1,1,0,1
0,0,0,3,0,0,0,0,22,0,0,1,1,0,1
0,0,1,2,0,0,0,0,70,0,0,2,0,1,1
0,0,0,1,0,0,1,0,7,0,0,1,0,0,1
0,0,1,5,0,0,0,0,14,0,0,1,1,0,1
0,0,1,1,1,0,0,0,27,0,0,1,1,0,1
0,0,1,4,0,0,0,0,14,0,0,1,0,0,1
0,0,0,1,0,0,0,0,27,3,0,5,0,4,1
0,0,0,0,0,0,0,1,13,0,1,1,0,0,1
0,0,0,0,0,0,0,0,22,0,0,2,1,1,1
0,0,0,2,0,0,0,1,20,1,1,1,1,0,1
0,0,1,3,0,0,0,0,32,0,0,2,1,1,1
0,0,0,1,0,0,0,0,13,0,0,1,0,0,1
0,0,0,2,0,0,0,0,11,0,0,1,1,0,1
0,0,0,2,0,0,0,0,19,0,0,1,1,0,1
0,0,0,3,0,0,0,0,18,0,0,2,0,1,1
0,0,1,5,0,0,0,1,12,0,1,1,1,0,1
0,0,0,1,0,0,0,0,11,0,0,1,1,0,1
0,0,1,3,0,0,0,1,30,2,1,2,1,1,1
0,0,0,3,0,0,0,1,11,0,1,1,1,0,1
0,0,1,3,0,0,0,1,31,0,1,3,1,2,1
0,0,0,0,0,0,0,1,27,3,2,2,0,1,1
0,0,1,2,0,0,0,0,23,2,0,3,1,2,1
0,0,0,2,0,0,0,0,15,0,0,1,1,0,1
0,0,1,5,0,0,0,0,13,0,0,1,0,0,1
0,0,0,2,0,0,0,0,9,1,0,1,1,0,1
0,0,0,3,0,0,0,0,18,0,0,1,0,0,1
0,0,1,5,0,0,0,0,25,0,0,1,1,0,1
0,0,1,2,0,0,0,0,23,0,0,1,1,0,1
0,0,0,2,0,0,0,0,13,1,0,2,1,1,1
0,0,0,2,0,0,0,0,19,0,0,2,1,1,1
0,0,0,1,0,0,0,0,33,3,0,4,1,3,1
0,0,1,2,0,0,0,0,24,0,0,2,0,1,1
0,0,0,1,0,0,0,0,13,0,0,1,1,0,1
0,0,1,5,0,0,0,0,15,0,0,2,1,1,1
0,0,0,2,0,0,0,0,21,0,0,1,1,0,1
0,0,1,6,0,0,0,0,12,0,0,1,0,0,1
0,0,1,3,0,0,0,1,32,0,2,2,1,1,1
0,0,0,0,0,0,0,1,19,0,2,1,1,0,1
0,0,1,5,0,0,0,0,17,0,0,1,1,0,1
0,0,0,3,0,0,0,1,20,0,2,1,1,0,1
0,0,1,5,0,0,0,0,25,0,0,1,1,0,1
0,0,0,2,0,0,0,0,22,0,0,1,0,0,1
0,0,0,0,0,0,0,1,34,0,1,3,0,2,1
0,0,0,1,0,0,0,0,11,0,0,1,1,0,1
0,0,1,4,0,0,0,0,16,0,0,1,1,0,1
0,0,1,8,0,0,0,0,29,0,0,1,1,0,1
0,0,0,3,0,0,0,0,14,0,0,1,1,0,1
0,0,1,5,0,0,0,0,15,0,0,2,1,1,1
1,0,1,2,0,0,0,0,13,10,0,3,0,2,1
0,0,0,3,0,0,0,0,9,0,0,1,0,0,1
0,0,1,6,0,0,0,0,17,0,0,1,1,0,1
0,0,0,0,0,0,0,0,13,0,0,1,0,0,1
0,0,0,2,0,0,0,1,23,0,1,2,0,1,1
0,0,0,0,0,0,0,1,22,0,1,2,1,1,1
0,0,1,5,0,0,0,0,13,0,0,1,1,0,1
0,1,1,4,0,0,0,0,15,0,0,1,1,0,1
0,0,1,4,0,0,0,0,19,0,0,1,1,0,1
0,0,1,6,0,0,0,0,16,0,0,1,1,0,1
0,0,1,3,0,0,0,0,27,0,0,3,0,2,1
0,0,0,2,0,0,0,0,13,3,0,1,1,0,1
0,0,1,2,0,0,0,1,29,1,1,2,0,1,1
0,0,1,5,0,0,0,0,22,0,0,1,1,0,1
0,0,1,4,0,0,0,0,19,0,0,1,1,0,1
0,0,0,1,0,0,0,1,7,0,1,1,0,0,1
0,0,0,0,0,0,0,1,20,2,3,2,0,1,1
0,0,0,0,0,0,0,1,30,0,2,2,0,1,1
0,0,1,5,0,0,0,0,15,0,0,2,1,1,1
0,0,1,5,0,0,0,0,22,0,0,1,1,0,1
1,0,1,2,0,0,0,0,12,9,0,3,0,2,1
0,1,1,5,0,0,0,1,7,0,1,1,0,0,1
0,0,1,3,0,0,0,0,27,0,0,1,0,0,1
0,0,1,3,0,0,0,0,18,0,0,2,0,1,1
0,0,1,1,1,0,1,0,19,0,0,2,1,1,1
0,0,0,3,0,0,0,0,10,0,0,1,1,0,1
0,0,0,2,0,0,0,0,13,0,0,2,0,1,1
0,0,0,1,0,0,0,0,32,0,0,2,1,1,1
0,1,1,3,1,0,0,0,14,0,0,1,1,0,1
0,0,0,1,0,0,0,0,14,0,0,1,1,0,1
0,0,0,1,0,0,0,0,14,0,0,2,0,1,1
0,0,1,6,0,0,0,0,19,0,0,2,1,1,1
0,1,1,1,0,0,0,0,11,2,0,1,1,0,1
0,0,1,2,0,0,0,0,16,0,0,2,1,1,1
0,0,0,3,0,0,0,0,21,0,0,2,1,1,1
0,0,0,0,0,0,0,1,28,0,1,2,1,1,1
0,0,1,8,0,0,0,0,23,0,0,1,1,0,1
0,0,1,6,0,0,0,1,24,0,2,1,1,0,1
0,0,0,0,0,0,0,0,20,0,0,1,1,0,1
0,0,1,5,0,0,0,0,12,0,0,1,1,0,1
0,0,1,2,0,0,0,0,31,0,0,1,1,0,1
0,0,0,0,0,0,0,0,20,0,0,2,0,1,1
0,0,1,1,0,0,1,0,22,6,0,2,1,1,1
0,0,0,0,0,0,0,1,12,0,1,1,0,0,1
0,0,1,4,0,0,0,1,23,0,1,1,1,0,1
0,0,0,1,0,0,0,0,10,2,0,1,1,0,1
0,0,1,5,0,0,0,0,15,0,0,2,1,1,1
0,0,0,4,0,0,0,0,9,0,0,1,1,0,1
0,0,1,2,0,0,0,1,35,0,3,1,1,0,1
0,0,1,1,0,0,0,0,11,2,0,1,0,0,1
0,0,1,9,0,0,0,0,14,0,0,1,1,0,1
0,0,1,3,0,0,0,1,72,11,2,4,1,3,1
0,0,1,8,0,0,0,0,16,0,0,1,1,0,1
0,0,1,0,0,0,0,1,48,0,2,2,0,1,1
0,0,1,2,0,0,0,0,14,0,0,1,0,0,1
0,0,0,0,0,0,0,0,14,0,0,1,0,0,1
0,0,0,3,0,0,1,0,14,0,0,1,1,0,1
0,0,1,3,0,0,0,0,11,0,0,2,0,1,1
0,0,0,0,0,0,0,0,35,0,0,2,0,1,1
0,0,1,3,0,0,0,0,10,0,0,1,0,0,1
0,0,0,1,0,0,0,1,25,6,1,2,1,1,1
0,0,1,4,0,0,0,0,22,0,0,1,1,0,1
0,0,0,1,0,0,0,0,17,0,0,2,1,1,1
0,0,0,1,0,0,0,0,21,0,0,2,1,1,1
0,0,1,5,0,0,0,0,15,0,0,2,1,1,1
0,0,1,3,0,0,1,0,20,0,0,2,1,1,1
0,0,0,1,0,0,0,0,14,0,0,1,1,0,1
0,0,0,2,0,0,0,0,23,0,0,2,0,1,1
0,0,0,2,0,0,0,0,16,0,0,2,1,1,1
0,0,1,4,0,0,0,0,21,0,0,1,1,0,1
0,0,0,4,0,0,0,0,12,0,0,1,1,0,1
0,0,0,2,0,0,0,0,10,0,0,1,0,0,1
0,0,1,4,0,0,0,0,20,0,0,1,1,0,1
0,0,1,0,0,0,1,0,30,1,0,2,1,1,1
0,0,0,0,0,0,0,1,19,0,1,1,1,0,1
0,0,0,2,0,0,0,0,23,3,0,2,1,1,1
0,0,0,3,0,0,1,0,14,0,0,1,1,0,1
0,0,1,4,0,0,0,0,13,0,0,2,1,1,1
0,0,0,0,0,0,0,1,30,0,3,1,1,0,1
0,0,0,0,0,0,0,1,11,0,1,1,1,0,1
0,0,1,6,0,0,0,0,14,0,0,1,0,0,1
0,0,0,1,0,0,0,0,17,0,0,1,1,0,1
0,0,1,9,0,0,0,0,21,0,0,1,1,0,1
0,0,0,0,0,0,0,1,15,0,1,2,0,1,1
0,0,1,6,0,0,0,0,12,1,0,1,1,0,1
0,0,1,7,0,0,0,0,19,0,0,1,1,0,1
0,0,1,2,0,0,0,1,32,5,4,2,0,1,1
0,0,0,0,0,0,1,0,29,1,0,2,1,1,1
0,0,1,6,0,0,0,0,17,0,0,1,1,0,1
0,0,1,5,0,0,0,0,16,0,0,1,1,0,1
0,0,0,2,0,0,0,0,15,0,0,2,0,1,1
0,0,0,3,0,0,0,0,19,0,0,1,0,0,1
0,0,1,2,0,0,1,0,15,0,0,1,1,0,1
0,0,0,0,0,0,1,0,32,0,0,2,1,1,1
0,0,1,1,0,0,0,0,10,0,0,1,1,0,1
0,0,1,9,0,0,0,0,14,0,0,1,1,0,1
0,1,1,5,0,0,1,0,30,0,0,2,1,1,1
0,0,0,0,0,0,0,0,35,7,0,4,0,3,1
0,0,1,5,0,0,1,1,25,0,1,2,1,1,1
0,0,1,7,0,0,0,0,7,0,0,1,0,0,1
0,0,1,2,0,0,0,1,31,6,1,2,1,1,1
0,0,0,2,0,0,0,0,16,0,0,1,1,0,1
0,0,1,1,0,0,0,0,17,0,0,2,1,1,1
0,0,0,0,0,0,0,0,25,0,0,2,1,1,1
0,0,0,3,0,0,0,0,20,0,0,1,1,0,1
0,0,1,4,0,0,0,0,13,0,0,1,0,0,1
0,0,1,5,0,0,0,0,15,0,0,2,1,1,1
0,0,1,3,0,0,0,0,18,0,0,1,1,0,1
0,1,1,3,0,0,0,1,15,0,1,1,0,0,1
0,0,0,1,0,0,0,0,16,0,0,1,1,0,1
0,0,0,0,0,0,0,1,14,0,1,1,1,0,1
0,0,0,1,0,0,0,0,13,0,0,1,0,0,1
0,0,1,3,0,0,0,0,37,0,0,4,0,3,1
0,0,1,7,0,0,0,0,15,0,0,2,0,1,1
0,0,1,4,0,0,0,0,15,0,0,1,1,0,1
0,0,0,1,0,0,0,0,9,0,0,1,0,0,1
0,0,1,2,0,0,0,1,40,0,3,1,1,0,1
0,0,0,0,0,0,0,0,25,0,0,1,1,0,1
0,0,0,2,0,0,0,1,12,0,1,1,0,0,1
0,0,1,1,0,0,0,1,37,5,2,2,1,1,1
0,0,0,0,0,0,0,1,35,4,2,2,1,1,1
0,0,1,6,0,0,0,0,17,0,0,1,1,0,1
0,0,0,1,0,0,0,0,31,3,0,2,1,1,1
0,0,0,1,0,0,0,1,17,0,2,1,1,0,1
0,0,1,5,0,0,0,0,37,0,0,2,1,1,1
0,0,0,2,0,0,0,0,16,0,0,2,0,1,1
0,0,1,5,0,0,0,0,15,0,0,2,1,1,1
0,0,1,1,0,0,0,1,36,8,2,2,1,1,1
0,0,1,5,0,0,0,1,25,0,1,1,0,0,1
0,0,0,2,0,0,0,0,15,0,0,1,1,0,1
0,0,1,2,0,0,1,0,22,0,0,2,1,1,1
0,0,0,3,0,0,0,0,7,0,0,1,0,0,1
0,0,0,1,0,0,0,0,13,0,0,1,1,0,1
0,0,0,0,0,0,1,0,21,0,0,2,1,1,1
0,0,0,1,0,0,1,0,4,0,0,1,1,0,1
0,0,1,7,0,0,1,1,24,0,1,2,1,1,1
0,0,1,2,0,0,0,0,63,0,0,1,1,0,1
0,0,1,7,0,0,0,0,19,0,0,1,1,0,1
0,0,1,8,0,0,0,0,23,0,0,1,1,0,1
0,0,1,4,0,0,0,0,17,0,0,2,0,1,1
0,0,0,2,0,0,0,1,15,0,1,1,1,0,1
0,0,1,6,0,0,0,0,19,0,0,1,1,0,1
0,0,0,1,0,0,0,0,20,0,0,1,1,0,1
0,0,0,1,0,0,0,0,14,0,0,1,1,0,1
0,0,1,5,0,0,0,0,17,0,0,2,0,1,1
0,0,0,0,0,0,0,1,26,0,1,1,1,0,1
0,0,0,0,0,0,0,0,18,0,0,1,0,0,1
0,0,0,3,0,0,0,0,12,2,0,1,1,0,1
0,0,1,6,0,0,0,0,22,0,0,1,1,0,1
0,0,0,1,0,0,1,0,18,0,0,1,1,0,1
0,0,0,0,0,0,0,0,21,6,0,3,1,2,1
0,0,1,6,0,0,0,1,25,2,2,2,1,1,1
0,0,1,7,0,0,0,0,14,0,0,2,0,1,1
0,0,1,2,0,0,0,0,18,0,0,1,1,0,1
0,0,1,6,0,0,1,0,21,0,0,1,1,0,1
0,1,1,6,0,0,0,0,12,0,0,1,1,0,1
0,0,0,3,0,0,0,0,11,0,0,1,1,0,1
0,0,1,3,0,0,0,0,17,0,0,1,1,0,1
0,0,0,0,0,0,0,0,10,0,0,1,0,0,1
0,0,1,8,0,0,0,0,29,0,0,1,1,0,1
0,0,1,7,0,0,0,0,16,0,0,1,1,0,1
0,0,0,0,0,0,1,1,37,0,1,2,1,1,1
0,0,0,2,0,0,0,0,23,1,0,2,0,1,1
0,0,1,5,0,0,0,0,13,0,0,2,0,1,1
0,0,0,1,0,0,0,0,5,0,0,1,0,0,1
1,0,0,1,0,0,0,0,14,11,0,3,0,2,1
0,0,0,0,0,0,0,0,16,2,0,2,0,1,1
0,0,1,5,0,0,0,0,14,0,0,1,0,0,1
0,0,0,4,0,0,0,0,14,1,0,1,1,0,1
0,0,1,6,0,0,0,0,14,0,0,1,1,0,1
0,0,0,2,0,0,0,0,17,0,0,1,1,0,1
0,0,1,4,0,0,1,1,26,0,1,2,1,1,1
0,0,1,2,1,0,0,0,16,0,0,1,1,0,1
0,0,1,3,0,0,0,0,25,0,0,1,1,0,1
0,0,0,1,0,0,0,1,18,0,1,1,0,0,1
0,0,0,1,0,0,0,0,16,0,0,1,0,0,1
0,0,0,2,0,0,0,0,16,0,0,1,1,0,1
0,0,0,0,0,0,0,0,10,0,0,1,1,0,1
1,0,0,0,0,0,0,0,12,9,0,3,0,2,1
0,0,1,2,0,0,0,1,12,0,1,1,1,0,1
0,0,0,2,0,0,0,0,9,0,0,1,0,0,1
0,0,1,3,0,0,1,0,22,0,0,2,1,1,1
0,0,0,2,0,0,0,0,13,0,0,1,1,0,1
1,0,0,2,0,0,0,0,15,12,0,3,0,2,1
0,0,0,1,0,0,0,1,30,3,1,2,1,1,1
0,0,1,7,0,0,0,0,13,0,0,2,0,1,1
0,0,0,0,0,0,0,0,26,3,0,2,1,1,1
0,0,1,2,0,0,0,0,16,0,0,2,1,1,1
0,0,1,9,0,0,0,0,11,0,0,2,0,1,1
0,0,1,3,0,0,0,0,14,0,0,2,0,1,1
0,0,1,3,0,0,0,0,22,0,0,1,1,0,1
0,0,0,1,0,0,0,0,19,0,0,1,1,0,1
0,0,1,4,1,0,0,0,18,0,0,1,1,0,1
0,0,0,0,0,0,0,1,25,0,1,1,1,0,1
0,0,1,2,0,0,0,1,35,9,1,3,1,2,1
0,0,1,4,1,0,0,0,27,0,0,1,1,0,1
1,0,1,6,0,0,0,0,13,10,0,3,0,2,1
0,0,0,1,0,0,0,0,19,0,0,1,1,0,1
0,0,1,5,0,0,0,0,22,0,0,1,1,0,1
0,0,1,2,0,0,0,0,17,0,0,1,1,0,1
0,0,0,0,0,0,0,0,13,0,0,2,0,1,1
0,0,1,4,0,0,0,0,13,0,0,1,1,0,1
0,0,1,2,0,0,0,0,22,0,0,1,1,0,1
0,0,0,3,0,0,0,1,26,0,1,2,0,1,1
0,0,0,2,0,0,0,0,16,0,0,1,1,0,1
0,0,1,2,0,0,0,1,28,0,2,1,1,0,1
0,0,1,5,0,0,1,1,32,0,1,2,1,1,1
0,0,1,8,0,0,0,0,18,0,0,1,1,0,1
0,0,0,4,0,0,0,0,13,0,0,1,1,0,1
0,1,1,3,0,0,0,0,14,0,0,1,1,0,1
0,0,1,2,0,0,0,0,22,0,0,1,1,0,1
0,0,1,7,0,0,0,0,14,0,0,2,0,1,1
0,0,0,0,0,0,0,0,16,0,0,2,0,1,1
0,0,1,3,0,0,0,0,24,0,0,1,0,0,1
0,0,0,2,0,0,0,0,18,0,0,1,1,0,1
0,0,0,0,0,0,1,1,36,0,3,2,1,1,1
0,0,1,6,0,0,0,0,21,0,0,1,1,0,1
0,1,1,3,0,0,0,0,14,0,0,1,1,0,1
0,0,0,2,0,0,0,0,31,0,0,2,1,1,1
0,0,0,1,0,0,0,0,14,0,0,2,0,1,1
0,0,1,5,0,0,0,0,19,0,0,1,1,0,1
0,0,1,2,0,0,0,1,30,0,1,2,1,1,1
0,0,1,2,0,0,0,0,15,0,0,2,0,1,1
0,0,1,2,0,0,0,0,15,0,0,1,1,0,1
0,0,0,2,0,0,0,0,19,0,0,1,1,0,1
0,0,0,2,0,0,0,0,15,0,0,1,1,0,1
0,0,0,2,0,0,0,0,25,0,0,2,0,1,1
0,1,1,3,0,0,1,0,19,0,0,2,0,1,1
0,0,1,5,0,0,1,1,45,4,1,2,1,1,1
0,0,1,5,0,0,0,0,22,0,0,1,1,0,1
0,0,1,5,0,0,0,0,20,0,0,1,1,0,1
0,0,1,3,0,0,0,0,14,0,0,1,1,0,1
0,0,0,3,0,0,0,0,10,0,0,1,1,0,1
0,0,1,3,0,0,0,0,29,0,0,1,1,0,1
0,0,1,5,0,0,1,1,32,0,1,2,1,1,1
0,0,0,2,0,0,1,0,18,0,0,1,1,0,1
0,0,1,5,0,0,1,0,30,0,0,2,1,1,1
0,0,1,3,0,0,0,0,21,0,0,1,1,0,1
0,0,1,12,0,0,0,0,19,0,0,1,1,0,1
0,0,0,0,0,0,0,0,23,0,0,2,1,1,1
0,0,0,2,0,0,0,0,16,0,0,1,1,0,1
0,0,1,9,0,0,0,0,12,0,0,1,1,0,1
0,0,0,2,0,0,0,1,23,0,1,2,0,1,1
0,0,0,0,0,0,0,0,33,0,0,2,1,1,1
0,0,0,2,0,0,0,0,16,0,0,2,0,1,1
1,0,1,5,0,0,0,0,12,9,0,3,0,2,1
0,0,1,3,0,0,0,1,36,0,1,2,1,1,1
0,0,1,7,0,0,1,1,27,0,1,2,1,1,1
0,0,0,0,0,0,0,1,19,1,1,1,0,0,1
0,1,1,7,0,0,0,0,17,0,0,1,0,0,1
0,0,0,2,0,0,0,1,17,0,1,1,1,0,1
0,0,0,2,0,0,0,0,7,1,0,1,0,0,1
0,0,0,0,0,0,0,0,10,6,0,1,1,0,1
0,0,1,3,0,0,0,0,22,0,0,2,0,1,1
0,1,1,2,0,0,0,0,13,0,0,1,1,0,1
0,0,0,0,0,0,0,1,27,0,2,1,0,0,1
0,0,1,3,0,0,0,0,10,0,0,1,0,0,1
0,0,1,5,0,0,1,0,30,0,0,2,1,1,1
0,0,0,0,0,0,0,1,14,0,1,1,0,0,1
0,0,1,7,0,0,0,0,31,2,0,3,1,2,1
0,0,0,0,0,0,1,0,27,0,0,2,1,1,1
0,0,0,1,0,0,0,0,20,0,0,1,1,0,1
0,0,0,1,0,0,0,0,10,0,0,1,0,0,1
0,0,0,2,0,0,0,0,22,0,0,1,1,0,1
0,0,0,1,0,0,1,0,6,0,0,1,0,0,1
0,0,0,1,0,0,0,1,18,0,1,2,0,1,1
0,0,1,3,1,0,0,0,13,0,0,1,0,0,1
0,0,0,0,0,0,1,0,22,2,0,2,1,1,1
0,0,1,2,0,0,0,0,9,0,0,1,0,0,1
0,0,0,3,0,0,0,0,17,0,0,2,0,1,1
0,0,1,2,0,0,0,1,31,0,1,2,1,1,1
0,0,1,9,0,0,0,0,12,0,0,1,1,0,1
0,0,0,1,0,0,0,0,11,0,0,1,1,0,1
0,0,0,2,0,0,0,0,22,0,0,2,0,1,1
0,0,1,3,0,0,0,0,16,0,0,1,0,0,1
0,0,1,4,0,0,0,0,15,0,0,1,0,0,1
0,0,0,1,0,0,1,0,6,0,0,1,0,0,1
0,0,1,4,0,0,0,0,11,0,0,1,0,0,1
0,0,1,9,1,0,0,0,25,0,0,3,0,2,1
0,0,1,5,0,0,1,1,32,0,1,2,1,1,1
0,0,0,1,0,0,0,1,14,0,1,1,0,0,1
0,0,1,5,0,0,0,0,25,0,0,1,1,0,1
0,0,1,0,0,0,1,0,45,12,0,2,1,1,1
0,0,1,1,0,0,1,1,36,6,2,4,1,3,1
0,0,1,3,0,0,0,1,32,0,2,1,1,0,1
0,0,0,2,0,0,0,0,16,7,0,2,0,1,1
0,0,1,3,0,0,0,1,14,0,1,1,1,0,1
0,0,1,6,0,0,0,0,14,0,0,2,0,1,1
0,0,0,4,0,0,1,0,16,0,0,1,1,0,1
0,0,1,1,0,0,0,1,61,19,4,2,1,1,1
0,0,0,1,0,0,0,0,14,1,0,2,0,1,1
0,0,0,1,0,0,0,0,14,1,0,2,0,1,1
0,0,1,3,0,0,0,1,52,9,2,2,1,1,1
0,0,1,7,0,0,1,1,36,0,1,2,1,1,1
0,0,0,1,0,0,0,0,14,0,0,2,0,1,1
0,0,0,2,0,0,0,0,23,1,0,2,1,1,1
0,0,0,4,0,0,0,0,13,0,0,1,1,0,1
0,0,0,0,0,0,0,0,18,0,0,1,0,0,1
0,0,1,6,0,0,0,0,20,0,0,1,1,0,1
0,0,1,7,0,0,0,0,29,0,0,3,0,2,1
0,0,1,7,0,0,1,1,27,0,1,2,1,1,1
0,0,0,0,0,0,0,0,35,0,0,2,1,1,1
0,0,0,0,0,0,0,1,13,0,1,1,0,0,1
0,0,0,0,0,0,0,1,24,0,1,2,0,1,1
0,0,0,2,0,0,0,0,13,0,0,1,1,0,1
0,0,1,4,0,0,0,0,16,0,0,2,1,1,1
0,0,0,1,0,0,0,0,4,1,0,1,0,0,1
0,0,1,7,0,0,0,1,22,0,1,1,0,0,1
0,0,1,8,0,0,0,0,12,0,0,1,0,0,1
0,0,0,3,0,0,0,0,12,0,0,1,1,0,1
0,0,1,2,0,0,0,0,27,0,0,1,1,0,1
0,0,0,2,0,0,0,0,19,0,0,1,1,0,1
0,0,1,3,0,0,0,0,17,0,0,2,0,1,1
0,0,0,1,0,0,0,0,34,7,0,4,0,3,1
0,0,1,5,0,0,1,1,32,0,1,2,1,1,1
0,0,0,2,0,0,0,0,13,0,0,1,0,0,1
0,0,1,5,0,0,1,1,32,0,1,2,1,1,1
0,0,0,2,0,0,0,0,24,0,0,2,0,1,1
0,0,1,2,0,0,0,0,22,0,0,2,1,1,1
0,0,0,3,1,0,0,0,15,0,0,2,0,1,1
0,0,1,2,0,0,0,0,12,0,0,1,1,0,1
0,0,1,5,0,0,0,0,16,0,0,1,1,0,1
0,0,0,1,0,0,0,0,13,0,0,1,1,0,1
0,0,1,5,0,0,0,0,13,0,0,1,1,0,1
0,0,1,0,0,0,0,0,17,0,0,2,1,1,1
0,0,0,1,0,0,0,0,20,1,0,2,0,1,1
0,0,0,3,0,0,0,0,18,0,0,1,0,0,1
0,0,1,3,0,0,0,0,25,0,0,1,1,0,1
0,0,1,6,0,0,0,0,17,3,0,2,0,1,1
0,0,1,7,0,0,0,0,17,0,0,1,0,0,1
0,0,1,4,0,0,0,0,21,0,0,1,1,0,1
0,0,0,0,0,0,0,0,26,0,0,2,1,1,1
0,0,0,0,0,0,0,1,26,0,1,1,1,0,1
0,1,1,10,0,0,0,0,10,0,0,2,0,1,1
0,0,0,1,0,0,0,0,25,0,0,2,1,1,1
0,0,1,3,0,0,0,0,11,0,0,1,1,0,1
0,0,1,5,0,0,0,1,21,0,1,1,1,0,1
0,0,0,1,0,0,0,0,4,0,0,1,0,0,1
0,0,1,8,0,0,0,0,18,0,0,2,0,1,1
0,0,1,4,0,0,0,0,7,0,0,1,1,0,1
0,1,1,3,0,0,0,0,19,0,0,2,0,1,1
0,0,1,5,0,0,0,0,15,0,0,2,1,1,1
0,0,1,5,0,0,0,0,23,0,0,1,0,0,1
0,0,0,2,0,0,0,0,15,0,0,1,1,0,1
0,0,0,2,0,0,0,0,23,0,0,1,1,0,1
0,0,1,1,0,0,0,1,43,0,2,2,1,1,1
0,1,1,2,1,0,0,0,15,0,0,1,1,0,1
0,0,0,1,0,0,0,0,13,0,0,1,1,0,1
0,0,0,2,0,0,0,0,16,0,0,1,1,0,1
0,0,0,0,0,0,0,0,12,0,0,1,1,0,1
0,0,1,3,0,0,0,0,12,0,0,1,1,0,1
0,0,0,1,0,0,1,0,6,0,0,1,0,0,1
0,0,1,6,0,0,0,0,21,0,0,2,0,1,1
0,0,0,1,0,0,0,0,9,0,0,1,0,0,1
0,0,1,8,0,0,0,0,29,0,0,1,1,0,1
0,0,1,1,1,0,0,0,10,0,0,1,1,0,1
0,0,0,2,0,0,1,0,14,0,0,1,1,0,1
0,0,1,6,0,0,0,0,15,0,0,2,0,1,1
0,0,1,5,0,0,0,0,36,0,0,3,0,2,1
0,0,1,9,0,0,0,0,21,0,0,1,1,0,1
0,0,1,4,0,0,0,0,15,0,0,2,1,1,1
0,0,0,1,0,0,1,0,11,0,0,1,1,0,1
0,0,1,3,0,0,0,0,8,0,0,1,1,0,1
0,1,1,1,0,0,0,0,12,0,0,1,1,0,1
0,0,0,2,0,0,0,0,22,0,0,1,1,0,1
0,0,1,2,0,0,0,0,18,0,0,1,1,0,1
0,0,0,2,0,0,0,0,12,0,0,1,1,0,1
0,0,1,5,0,0,0,0,16,0,0,2,0,1,1
0,0,0,1,0,0,0,0,13,0,0,1,1,0,1
0,0,0,1,0,0,0,0,13,0,0,1,1,0,1
0,0,0,1,0,0,0,0,17,0,0,1,1,0,1
0,0,0,4,0,0,0,0,24,0,0,2,0,1,1
0,0,1,6,0,0,0,0,11,0,0,1,0,0,1
0,0,1,5,0,0,0,0,12,0,0,1,1,0,1
0,0,1,3,0,1,0,0,70,0,0,2,0,1,1
0,0,0,0,0,0,0,0,21,0,0,1,1,0,1
0,0,0,0,0,0,0,0,29,0,0,1,1,0,1
0,0,0,0,0,0,0,1,31,0,1,3,1,2,1
0,0,0,1,1,0,0,0,22,0,0,1,1,0,1
0,0,0,1,0,0,0,1,18,0,1,1,1,0,1
0,0,0,1,0,0,0,0,19,0,0,1,1,0,1
0,0,0,1,0,0,0,0,18,0,0,1,1,0,1
0,0,1,2,0,0,0,0,31,0,0,4,1,3,1
0,0,1,2,0,0,0,0,7,0,0,1,0,0,1
0,0,0,0,0,0,0,1,9,0,1,1,0,0,1
0,0,0,1,0,0,1,0,6,0,0,1,0,0,1
0,0,0,3,0,0,0,0,7,0,0,1,0,0,1
0,0,1,2,0,0,0,0,15,3,0,2,1,1,1
0,0,1,3,0,0,0,0,27,7,0,3,0,2,1
0,0,1,2,1,0,0,0,10,1,0,1,1,0,1
0,0,0,0,0,0,0,0,13,0,0,1,1,0,1
0,0,0,4,0,0,0,0,10,0,0,1,0,0,1
0,0,0,3,0,0,0,0,14,0,0,1,1,0,1
0,0,0,1,0,0,1,0,9,0,0,1,1,0,1
0,0,1,4,0,0,0,0,16,0,0,1,1,0,1
0,0,1,2,0,0,0,1,21,0,2,2,1,1,1
0,0,0,0,0,0,0,0,15,2,0,2,1,1,1
0,0,0,1,1,0,0,0,13,0,0,1,1,0,1
0,0,1,3,0,0,0,0,18,0,0,1,1,0,1
0,0,1,5,0,0,0,0,14,0,0,1,1,0,1
0,0,1,9,0,0,0,0,21,0,0,1,1,0,1
0,0,0,2,0,0,0,0,7,1,0,1,0,0,1
0,1,1,2,0,0,0,0,22,0,0,2,1,1,1
0,0,0,1,0,0,0,0,5,0,0,1,0,0,1
0,0,1,4,0,0,1,0,20,0,0,1,1,0,1
0,0,0,1,0,0,0,0,13,0,0,1,1,0,1
0,0,0,1,0,0,0,0,19,0,0,2,0,1,1
0,0,0,2,0,0,0,0,11,0,0,1,1,0,1
0,0,1,4,0,0,0,0,22,0,0,1,0,0,1
0,0,0,2,0,0,0,0,30,13,0,2,1,1,1
0,0,1,2,0,0,0,0,39,2,0,2,0,1,1
0,0,0,0,0,0,0,0,10,0,0,1,1,0,1
0,0,1,4,0,0,0,0,14,0,0,1,1,0,1
0,0,1,8,0,0,1,0,25,0,0,2,1,1,1
0,0,1,3,0,0,0,0,21,0,0,1,1,0,1
0,0,0,1,0,0,1,0,16,0,0,1,1,0,1
0,0,0,2,0,0,0,0,15,1,0,1,1,0,1
0,0,0,0,0,0,0,1,19,0,1,1,1,0,1
0,0,0,0,0,0,0,0,23,0,0,1,1,0,1
0,0,0,0,0,0,0,0,20,0,0,2,1,1,1
0,0,1,5,0,0,0,0,12,0,0,1,1,0,1
0,0,1,5,0,0,0,0,13,0,0,1,0,0,1
0,0,0,2,0,0,0,0,17,0,0,1,1,0,1
0,0,1,5,0,0,1,0,13,0,0,2,0,1,1
0,0,0,2,0,0,0,0,19,0,0,1,1,0,1
0,0,1,3,0,0,1,0,21,0,0,2,0,1,1
0,0,1,5,0,0,0,0,14,0,0,1,1,0,1
0,0,0,0,0,0,0,1,24,0,1,2,0,1,1
0,0,1,0,0,0,0,1,43,1,3,3,1,2,1
0,0,0,2,0,0,0,0,18,0,0,1,1,0,1
0,0,0,3,0,0,0,0,14,0,0,1,1,0,1
0,0,1,4,0,0,0,0,21,0,0,2,0,1,1
0,0,1,5,0,0,1,0,32,0,0,2,1,1,1
0,0,1,5,0,0,0,0,15,0,0,2,1,1,1
0,0,1,5,0,0,0,0,15,0,0,2,1,1,1
0,0,0,2,0,0,0,0,13,0,0,1,1,0,1
0,0,0,0,0,0,0,1,31,0,1,2,0,1,1
0,0,0,0,0,0,0,1,37,3,3,2,1,1,1
0,0,1,4,0,0,0,1,29,0,2,2,1,1,1
0,0,0,2,0,0,0,0,23,5,0,2,1,1,1
0,0,1,5,0,0,0,0,17,0,0,1,1,0,1
0,0,1,2,0,0,0,0,22,0,0,2,1,1,1
0,0,1,5,0,0,0,0,15,0,0,2,1,1,1
0,0,1,6,0,0,0,0,31,0,0,2,1,1,1
0,0,1,8,0,0,0,0,21,0,0,1,1,0,1
0,0,0,1,0,0,0,0,9,0,0,1,1,0,1
0,0,0,1,0,0,0,0,11,0,0,1,1,0,1
0,0,0,0,0,0,0,1,35,3,1,2,1,1,1
1,0,1,4,0,0,0,0,15,12,0,3,0,2,1
0,0,1,4,0,0,0,0,13,0,0,1,1,0,1
0,0,0,3,0,0,1,0,20,0,0,2,1,1,1
0,0,1,2,0,0,0,0,19,0,0,1,1,0,1
0,0,0,2,0,0,0,0,29,0,0,2,0,1,1
0,0,0,3,0,0,0,0,17,0,0,1,1,0,1
0,0,0,0,0,0,0,1,36,3,1,2,1,1,1
0,0,0,3,0,0,0,1,13,0,1,1,1,0,1
0,0,1,9,0,0,0,0,12,0,0,1,0,0,1
0,1,1,5,0,0,0,0,14,4,0,1,1,0,1
0,0,1,4,0,0,0,0,9,0,0,1,0,0,1
0,0,0,2,0,0,0,0,11,0,0,1,0,0,1
0,0,1,2,0,0,0,0,30,3,0,1,0,0,1
0,0,1,4,0,0,1,0,20,6,0,2,1,1,1
0,0,0,2,0,0,0,1,18,0,1,1,1,0,1
0,0,1,2,0,0,0,0,24,0,0,2,0,1,1
0,0,0,1,0,0,0,0,8,1,0,1,1,0,1
0,0,1,2,0,0,0,0,16,0,0,2,1,1,1
0,0,1,4,0,0,0,0,20,0,0,2,0,1,1
0,0,0,3,0,0,0,0,9,0,0,1,1,0,1
0,0,1,3,0,0,0,1,15,0,1,1,0,0,1
0,0,1,6,0,0,0,0,15,0,0,1,1,0,1
0,0,1,3,0,0,0,0,16,0,0,1,1,0,1
0,0,0,0,0,0,0,0,20,0,0,2,1,1,1
0,0,1,1,0,0,0,1,61,18,4,2,1,1,1
0,0,0,1,0,0,0,0,21,0,0,1,0,0,1
0,0,0,2,0,0,0,0,21,0,0,2,0,1,1
0,0,0,0,0,0,0,1,27,1,1,3,0,2,1
0,0,1,3,0,0,0,0,13,0,0,1,1,0,1
0,0,0,2,0,0,0,0,12,0,0,1,1,0,1
0,0,0,1,0,0,0,0,5,0,0,1,0,0,1
0,0,0,2,0,0,0,0,14,0,0,1,1,0,1
0,0,0,4,0,0,0,0,21,0,0,1,1,0,1
0,0,1,1,0,0,0,1,19,0,1,2,0,1,1
0,0,1,4,0,0,0,0,11,0,0,1,1,0,1
0,0,0,1,0,0,0,0,8,0,0,1,0,0,1
0,0,0,4,0,0,0,0,11,0,0,1,1,0,1
0,0,1,5,0,0,0,0,14,0,0,2,0,1,1
0,1,1,2,0,0,0,0,20,0,0,1,1,0,1
0,0,1,5,0,0,0,0,18,0,0,1,1,0,1
0,0,0,1,0,0,0,0,23,0,0,1,1,0,1
0,0,0,2,0,0,0,0,9,0,0,1,0,0,1
0,0,0,3,0,0,0,1,11,0,1,1,1,0,1
0,0,0,1,0,0,0,0,23,0,0,1,1,0,1
0,0,0,1,0,0,0,0,6,0,0,1,0,0,1
0,0,0,1,0,0,0,0,19,0,0,1,1,0,1
0,0,0,3,0,0,0,0,11,0,0,1,1,0,1
0,0,0,1,0,0,0,0,19,4,0,1,1,0,1
0,0,0,1,0,0,1,0,5,0,0,1,0,0,1
0,0,0,2,0,0,1,0,20,6,0,2,1,1,1
0,0,1,5,0,0,0,0,14,0,0,1,1,0,1
0,0,1,4,0,0,0,0,18,0,0,2,0,1,1
0,0,1,6,0,0,0,0,15,0,0,2,0,1,1
0,0,0,0,0,0,0,0,27,0,0,2,1,1,1
0,0,1,5,0,0,0,0,15,0,0,2,0,1,1
0,0,0,0,0,0,0,1,19,0,1,1,0,0,1
0,0,0,1,1,0,0,0,20,0,0,1,0,0,1
0,0,1,4,0,0,0,1,73,35,1,4,1,3,1
0,0,0,0,0,0,0,0,9,0,0,1,0,0,1
0,0,0,2,0,0,0,0,20,0,0,1,1,0,1
0,0,0,3,0,0,0,0,15,0,0,1,1,0,1
0,0,1,1,0,0,0,0,6,0,0,1,1,0,1
0,0,0,0,0,0,0,0,13,0,0,1,1,0,1
0,0,1,2,0,0,0,1,26,0,1,3,0,2,1
0,0,1,5,0,0,1,1,37,0,1,2,1,1,1
0,0,0,2,0,0,0,0,12,0,0,1,0,0,1
0,0,0,1,0,0,0,0,14,0,0,1,1,0,1
1,0,0,3,0,0,0,0,13,10,0,3,0,2,1
0,0,0,4,0,0,0,1,12,1,1,1,0,0,1
0,0,0,2,0,0,0,0,19,0,0,1,1,0,1
0,0,1,5,0,0,0,0,15,0,0,2,1,1,1
0,0,1,7,0,0,0,0,15,0,0,2,1,1,1
0,0,0,1,0,0,1,0,4,0,0,1,1,0,1
0,0,1,4,0,0,0,0,14,0,0,1,1,0,1
0,0,1,3,0,0,0,1,26,0,1,2,1,1,1
0,0,1,2,0,0,0,0,32,0,0,1,0,0,1
0,0,1,2,0,0,0,1,23,0,1,1,1,0,1
0,0,0,1,0,0,0,0,7,0,0,1,0,0,1
0,0,0,1,0,0,0,0,10,0,0,1,1,0,1
0,0,1,10,0,0,1,0,11,0,0,2,0,1,1
1,0,0,0,0,0,0,0,14,11,0,3,0,2,1
0,0,0,0,0,0,0,1,30,0,2,2,1,1,1
0,0,1,10,0,0,0,0,26,0,0,2,0,1,1
0,0,1,3,0,0,0,1,32,0,2,2,1,1,1
0,0,1,2,0,0,0,0,16,0,0,2,1,1,1
0,0,0,1,0,0,0,0,22,0,0,1,1,0,1
0,0,1,4,0,0,0,0,21,0,0,2,0,1,1
0,0,0,1,0,0,0,0,20,0,0,2,1,1,1
0,0,0,3,0,0,0,0,19,0,0,1,1,0,1
0,0,1,3,0,0,0,0,31,0,0,3,0,2,1
1,0,1,5,0,0,0,0,14,11,0,3,0,2,1
0,0,0,2,0,0,0,0,22,0,0,1,1,0,1
0,0,1,3,0,0,0,0,27,0,0,1,1,0,1
0,1,1,3,0,0,1,0,22,0,0,2,1,1,1
0,0,1,4,0,0,0,0,16,0,0,2,1,1,1
0,0,1,1,0,0,0,0,21,0,0,2,0,1,1
0,0,1,2,0,0,0,1,26,0,1,3,0,2,1
0,0,0,3,0,0,0,0,9,0,0,1,1,0,1
0,0,0,4,0,0,0,0,18,0,0,1,0,0,1
0,0,1,3,0,0,0,0,12,0,0,1,0,0,1
0,0,1,8,0,0,0,0,24,0,0,1,1,0,1
0,0,1,4,0,0,0,0,15,0,0,1,1,0,1
0,0,0,4,0,0,0,0,14,0,0,1,1,0,1
0,0,1,3,0,0,0,1,23,0,4,1,0,0,1
0,0,1,4,0,0,0,0,12,0,0,1,1,0,1
0,0,1,4,0,0,0,0,23,0,0,1,1,0,1
0,0,1,6,0,0,0,0,19,0,0,1,1,0,1
0,0,1,5,0,0,1,1,27,0,1,2,1,1,1
0,1,1,3,0,0,0,0,19,0,0,2,1,1,1
0,0,1,7,0,0,0,0,29,0,0,3,0,2,1
0,0,0,2,0,0,0,1,35,0,1,2,1,1,1
0,0,1,5,0,0,0,0,22,0,0,1,1,0,1
0,0,0,0,0,0,0,1,31,0,3,1,0,0,1
0,0,0,2,0,0,0,0,13,0,0,2,0,1,1
0,1,1,3,0,0,0,0,13,0,0,1,0,0,1
0,0,0,0,0,0,0,0,20,0,0,2,1,1,1
0,0,0,0,0,0,0,1,18,0,1,1,0,0,1
0,0,1,4,0,0,0,0,19,0,0,2,0,1,1
0,0,0,3,0,0,0,0,16,0,0,1,1,0,1
0,0,0,0,0,0,0,0,12,0,0,1,1,0,1
0,0,1,3,0,0,1,0,22,0,0,2,1,1,1
0,0,0,1,0,0,0,0,24,3,0,3,0,2,1
0,1,1,4,0,0,0,0,16,0,0,2,0,1,1
0,0,1,1,0,0,0,0,23,0,0,1,1,0,1
0,0,0,0,0,0,0,1,21,0,1,1,1,0,1
0,0,1,2,1,0,0,0,13,0,0,1,0,0,1
0,0,1,5,0,0,0,0,18,0,0,1,1,0,1
0,0,1,6,0,0,0,0,17,0,0,2,1,1,1
0,0,0,1,0,0,0,1,19,0,1,1,1,0,1
0,0,0,0,0,0,0,0,15,0,0,2,0,1,1
0,0,1,3,0,0,0,0,21,0,0,1,1,0,1
0,0,1,1,0,0,0,1,46,0,3,2,1,1,1
0,0,0,0,0,0,0,1,15,0,1,1,1,0,1
0,0,0,0,0,0,0,0,30,0,0,1,1,0,1
0,0,1,6,0,0,0,0,31,0,0,2,1,1,1
0,0,0,1,0,0,0,0,18,0,0,1,1,0,1
0,0,1,2,0,0,0,1,53,2,1,4,1,3,1
0,0,0,3,0,0,0,0,16,0,0,1,0,0,1
0,0,0,1,0,0,0,0,18,3,0,1,1,0,1
0,0,0,2,0,0,0,0,13,0,0,1,0,0,1
0,0,0,2,0,0,0,0,19,0,0,2,1,1,1
0,0,1,4,0,0,0,0,16,0,0,2,0,1,1
0,0,0,3,0,0,0,0,21,0,0,2,1,1,1
0,0,1,5,0,0,1,1,30,0,1,2,1,1,1
0,0,1,5,0,0,1,1,28,0,1,2,1,1,1
0,0,0,3,0,0,1,0,20,0,0,2,1,1,1
0,0,1,3,0,0,0,0,22,0,0,1,1,0,1
0,0,0,5,0,0,0,0,19,0,0,1,1,0,1
0,0,0,0,0,0,0,0,27,4,0,2,0,1,1
0,1,1,3,0,0,1,0,22,0,0,2,1,1,1
0,0,1,5,0,0,1,1,30,0,1,2,1,1,1
0,0,1,4,0,0,0,0,17,0,0,1,1,0,1
0,0,1,5,0,0,0,0,22,0,0,1,1,0,1
0,0,0,2,0,0,0,0,22,0,0,2,0,1,1
0,0,1,3,0,0,0,1,28,0,2,1,1,0,1
0,0,1,12,0,0,1,0,21,0,0,2,1,1,1
0,0,1,4,0,0,1,0,19,0,0,1,1,0,1
0,0,1,2,0,0,0,1,20,1,3,1,1,0,1
0,0,1,3,0,0,0,0,10,0,0,1,0,0,1
0,0,1,1,0,0,0,0,11,0,0,1,1,0,1
0,0,0,3,0,0,0,1,15,0,1,2,0,1,1
0,0,0,0,0,0,0,0,20,0,0,2,1,1,1
0,0,0,3,1,0,0,0,13,0,0,1,1,0,1
0,0,0,3,0,0,1,0,20,0,0,2,1,1,1
0,0,1,5,0,0,1,1,28,0,1,2,1,1,1
0,0,1,2,0,0,0,0,20,0,0,1,1,0,1
0,0,1,7,0,0,1,0,8,1,0,1,1,0,1
0,0,0,2,0,0,0,0,18,0,0,1,1,0,1
0,0,0,0,0,0,0,0,14,3,0,1,0,0,1
0,0,0,1,0,0,0,0,15,0,0,1,1,0,1
0,0,0,1,0,0,0,0,10,0,0,1,0,0,1
0,0,1,5,0,0,1,1,24,2,1,2,1,1,1
0,0,1,4,0,0,0,0,19,1,0,1,1,0,1
0,0,1,5,0,0,0,0,20,0,0,1,1,0,1
0,0,0,1,0,0,0,0,7,0,0,1,1,0,1
0,0,1,10,0,0,0,0,19,0,0,1,1,0,1
0,0,0,1,0,0,0,0,14,0,0,1,1,0,1
0,0,1,8,0,0,0,0,22,0,0,2,1,1,1
0,0,0,2,0,0,0,0,25,0,0,1,1,0,1
0,0,1,1,0,0,0,1,12,0,1,1,1,0,1
0,0,0,1,0,0,0,0,5,0,0,1,0,0,1
0,0,1,1,0,0,0,1,37,6,1,4,1,3,1
0,0,1,6,0,0,0,0,20,0,0,1,1,0,1
0,0,0,0,0,0,1,0,31,0,0,2,1,1,1
0,1,1,8,0,0,0,0,10,0,0,1,1,0,1
0,0,1,4,0,0,0,0,16,0,0,2,1,1,1
0,0,1,8,0,0,0,0,12,0,0,1,1,0,1
0,0,1,4,0,0,0,0,12,0,0,1,1,0,1
0,0,1,3,0,0,0,0,60,7,0,7,0,6,1
0,0,1,2,0,0,0,0,22,0,0,2,1,1,1
0,0,1,2,0,0,0,0,16,0,0,2,1,1,1
0,0,1,5,0,0,1,0,13,0,0,2,1,1,1
0,0,1,4,0,0,0,1,17,0,1,1,1,0,1
0,1,1,5,0,0,0,0,13,0,0,1,1,0,1
0,0,1,2,0,0,0,0,16,0,0,2,1,1,1
0,0,0,0,0,0,0,0,14,0,0,1,1,0,1
0,0,0,0,0,0,0,1,30,0,1,2,0,1,1
0,0,0,2,0,0,0,0,17,0,0,1,1,0,1
0,0,0,0,0,0,0,1,21,0,2,1,0,0,1
0,0,0,1,0,0,0,0,6,0,0,1,0,0,1
0,0,0,1,0,0,0,0,14,0,0,1,0,0,1
0,0,1,2,0,0,1,0,15,0,0,1,1,0,1
0,0,0,0,0,0,0,0,12,1,0,1,1,0,1
0,0,1,5,0,0,0,0,19,0,0,1,1,0,1
0,0,1,2,0,0,1,0,15,0,0,1,1,0,1
0,0,1,2,0,0,1,0,11,0,0,1,1,0,1
0,0,1,5,0,0,0,0,22,0,0,1,1,0,1
0,0,1,5,0,0,0,0,17,0,0,1,1,0,1
0,0,0,0,0,0,0,1,31,0,1,3,1,2,1
0,0,1,5,0,0,0,0,14,0,0,1,1,0,1
0,0,1,1,1,0,0,0,11,3,0,1,1,0,1
0,0,1,3,0,0,0,0,19,0,0,1,1,0,1
0,0,0,1,0,0,0,1,14,0,1,1,1,0,1
0,0,1,3,0,0,0,0,34,7,0,4,0,3,1
0,0,0,1,0,0,0,0,16,0,0,1,1,0,1
0,0,1,2,0,0,0,0,28,0,0,1,1,0,1
0,0,0,4,0,0,0,0,21,0,0,1,1,0,1
0,0,1,5,0,0,0,0,17,1,0,1,0,0,1
0,0,1,5,0,0,0,0,18,0,0,1,1,0,1
0,0,0,3,0,0,0,1,14,0,1,2,0,1,1
0,0,1,3,0,0,0,0,20,0,0,1,1,0,1
0,0,1,2,0,0,0,0,28,0,0,1,1,0,1
0,0,1,3,0,0,0,1,34,0,1,1,0,0,1
0,0,1,2,0,0,1,0,15,0,0,1,1,0,1
0,0,0,2,0,0,0,0,18,0,0,1,0,0,1
0,0,1,8,0,0,0,0,19,1,0,2,0,1,1
0,0,0,4,0,0,0,0,11,0,0,1,0,0,1
0,0,1,1,0,0,0,0,14,0,0,2,0,1,1
0,0,1,3,0,0,0,0,18,0,0,2,0,1,1
0,0,1,5,0,0,0,0,9,0,0,1,1,0,1
0,0,0,1,0,0,0,0,23,6,0,3,0,2,1
0,1,1,4,0,0,0,0,16,0,0,1,1,0,1
0,0,0,3,0,0,0,0,11,0,0,1,1,0,1
0,0,1,1,0,0,0,0,15,0,0,1,1,0,1
0,0,0,1,0,0,0,0,14,0,0,2,0,1,1
0,0,1,7,0,0,0,0,16,0,0,1,1,0,1
0,0,1,6,0,0,0,0,21,0,0,1,1,0,1
0,0,0,0,0,0,0,1,29,4,2,2,1,1,1
0,0,1,2,0,0,0,0,14,0,0,2,0,1,1
0,0,0,0,0,0,0,1,38,0,1,3,1,2,1
0,0,1,3,0,0,0,0,22,0,0,1,1,0,1
0,0,1,7,0,0,0,0,16,0,0,1,1,0,1
0,0,0,1,0,0,0,0,16,0,0,1,0,0,1
0,0,1,4,0,0,0,0,18,0,0,2,0,1,1
0,0,1,1,0,0,0,1,31,1,5,1,1,0,1
0,0,0,2,0,0,0,0,13,1,0,1,0,0,1
0,0,1,4,0,0,0,0,15,2,0,1,1,0,1
0,0,1,9,0,0,0,0,19,0,0,1,1,0,1
0,1,1,4,0,0,0,0,15,0,0,1,1,0,1
0,0,1,2,0,0,0,0,31,2,0,2,0,1,1
0,0,0,1,0,0,0,0,15,0,0,1,1,0,1
0,0,1,5,0,0,1,1,27,0,1,2,1,1,1
0,0,1,3,0,0,1,0,18,0,0,1,1,0,1
0,0,1,4,0,0,0,1,13,0,1,1,1,0,1
0,0,1,5,0,0,1,1,27,0,1,2,1,1,1
0,0,1,1,0,0,0,0,50,0,0,3,1,2,1
0,0,1,5,0,0,0,0,12,0,0,1,1,0,1
0,0,0,0,0,0,0,0,18,0,0,1,1,0,1
0,0,1,2,0,0,0,0,13,0,0,1,1,0,1
0,0,1,6,0,0,0,0,31,0,0,2,1,1,1
0,0,1,3,0,0,0,0,15,1,0,3,0,2,1
0,0,0,1,0,0,0,1,19,0,1,1,1,0,1
0,0,1,3,0,0,0,0,19,0,0,1,1,0,1
0,0,0,0,0,0,0,1,16,0,1,1,0,0,1
0,0,1,3,0,0,0,0,22,0,0,1,1,0,1
0,0,1,5,0,0,0,0,26,0,0,2,1,1,1
0,0,1,2,0,0,0,0,50,0,0,2,1,1,1
0,0,0,0,0,0,0,0,35,0,0,4,1,3,1
0,0,1,3,0,0,0,0,34,7,0,4,0,3,1
0,0,1,6,0,0,0,0,12,3,0,1,1,0,1
0,0,0,0,0,0,0,0,15,0,0,1,0,0,1
0,0,1,5,0,0,0,0,9,0,0,2,0,1,1
0,0,1,4,0,0,0,0,12,0,0,1,0,0,1
0,0,0,1,0,0,0,0,25,0,0,1,1,0,1
0,0,1,5,0,0,1,1,30,0,1,2,1,1,1
0,0,0,3,0,0,1,0,12,0,0,1,1,0,1
0,0,1,3,0,0,0,0,18,0,0,1,0,0,1
0,0,1,1,0,0,0,1,29,0,2,2,0,1,1
0,0,1,5,0,0,0,0,51,6,0,6,1,5,1
0,0,0,1,0,0,0,0,9,0,0,1,0,0,1
0,0,0,0,0,0,0,0,21,0,0,1,1,0,1
0,0,1,3,0,0,0,0,19,0,0,2,1,1,1
0,0,1,2,0,0,0,1,31,1,2,2,1,1,1
0,0,1,5,0,0,1,0,30,0,0,2,1,1,1
0,0,1,2,0,0,0,0,35,3,0,2,1,1,1
0,0,1,5,0,0,0,0,35,2,0,2,1,1,1
0,0,1,4,0,0,0,0,20,0,0,2,1,1,1
0,0,0,0,0,0,0,0,28,0,0,1,1,0,1
0,0,0,3,0,0,0,0,16,0,0,2,1,1,1
0,1,1,10,0,0,0,0,16,0,0,1,0,0,1
0,0,1,1,0,0,0,1,29,11,3,1,0,0,1
0,0,1,2,0,0,0,1,32,0,2,2,1,1,1
0,0,1,1,1,0,0,0,23,0,0,1,1,0,1
0,0,1,2,0,0,0,1,28,3,2,2,1,1,1
0,0,0,1,0,0,0,0,17,0,0,2,0,1,1
0,0,0,3,0,0,0,0,11,0,0,1,1,0,1
0,0,1,4,0,0,0,0,10,0,0,1,1,0,1
0,0,1,0,0,0,0,1,47,5,3,3,1,2,1
0,0,1,7,0,0,0,0,16,0,0,3,0,2,1
0,0,0,0,0,0,0,1,15,2,1,1,1,0,1
0,0,0,0,0,0,1,0,36,1,0,2,1,1,1
0,0,0,0,0,0,0,0,33,0,0,4,1,3,1
0,0,0,1,0,0,0,0,18,0,0,2,0,1,1
0,0,1,0,0,0,1,1,62,0,2,6,1,5,1
0,0,1,7,0,0,0,0,9,0,0,1,1,0,1
0,0,1,1,0,0,0,0,44,0,0,4,1,3,1
0,0,0,3,0,0,0,0,12,0,0,1,1,0,1
0,0,0,1,0,0,0,0,23,0,0,4,0,3,1
0,1,1,3,0,0,0,0,19,2,0,1,1,0,1
0,0,0,0,0,0,1,0,32,0,0,2,0,1,1
0,0,1,2,0,0,0,1,32,5,4,2,0,1,1
0,0,1,3,0,0,0,0,27,2,0,2,1,1,1
0,0,0,2,0,0,0,0,18,0,0,2,1,1,1
0,0,0,4,0,0,0,0,10,0,0,1,1,0,1
0,0,1,3,0,0,0,0,13,0,0,1,1,0,1
0,0,0,2,0,0,0,0,14,0,0,1,1,0,1
0,0,0,1,0,0,0,0,25,8,0,2,1,1,1
0,0,1,8,0,0,0,0,10,0,0,1,1,0,1
0,0,0,0,0,0,1,0,28,0,0,2,1,1,1
0,0,0,2,0,0,0,0,14,0,0,1,0,0,1
0,0,1,3,0,0,1,0,19,0,0,1,1,0,1
0,0,0,2,0,0,0,0,29,0,0,4,0,3,1
0,0,1,5,0,0,1,1,26,0,1,2,1,1,1
0,0,1,5,0,0,1,0,13,0,0,1,1,0,1
0,0,0,1,0,0,0,1,29,0,2,1,1,0,1
0,0,1,5,0,0,0,0,16,0,0,1,0,0,1
0,0,0,0,0,0,1,1,36,0,3,2,1,1,1
0,0,0,1,0,0,0,1,25,1,1,1,0,0,1
0,0,0,4,0,0,0,0,21,0,0,1,1,0,1
0,1,1,4,0,0,0,1,16,0,1,2,0,1,1
0,0,0,1,0,0,0,0,18,0,0,1,1,0,1
0,0,1,6,0,0,0,1,23,1,1,2,1,1,1
0,0,1,5,0,0,0,0,14,0,0,1,1,0,1
0,0,0,0,0,0,0,1,31,0,1,3,1,2,1
0,0,1,2,0,0,0,0,51,0,0,1,1,0,1
0,0,0,1,0,0,0,0,20,0,0,1,1,0,1
0,0,0,0,0,0,0,0,30,6,0,2,1,1,1
0,1,1,4,0,0,0,0,15,0,0,1,1,0,1
0,0,0,0,0,0,0,0,12,6,0,1,0,0,1
0,0,0,1,0,0,0,0,25,0,0,1,1,0,1
0,0,1,7,0,0,0,0,11,0,0,1,1,0,1
0,0,0,2,0,0,0,0,14,0,0,1,1,0,1
0,0,1,4,0,0,0,0,14,2,0,2,1,1,1
0,1,1,3,0,0,0,0,14,0,0,2,0,1,1
0,0,0,2,0,0,0,0,12,0,0,1,1,0,1
0,0,0,1,0,0,0,0,23,2,0,2,1,1,1
0,0,1,3,0,0,0,0,12,0,0,1,1,0,1
0,0,0,3,0,0,0,0,21,0,0,1,1,0,1
0,0,1,3,0,0,0,0,21,0,0,1,1,0,1
0,0,1,3,0,0,0,0,28,0,0,2,1,1,1
0,0,1,2,0,0,0,1,26,0,1,3,0,2,1
0,0,1,5,0,0,0,0,22,0,0,1,1,0,1
0,0,0,3,0,0,0,0,9,1,0,1,0,0,1
0,0,0,1,0,0,0,1,17,0,1,1,1,0,1
0,0,0,1,0,0,0,0,27,3,0,5,0,4,1
0,0,0,3,0,0,0,0,16,0,0,1,1,0,1
0,1,1,4,0,0,0,0,15,0,0,1,1,0,1
0,0,0,0,0,0,0,0,14,0,0,2,0,1,1
0,0,1,4,0,0,0,1,17,0,1,1,1,0,1
0,0,1,8,0,0,0,0,9,0,0,1,0,0,1
0,0,0,5,0,0,0,0,15,0,0,2,0,1,1
0,0,1,2,0,0,1,0,15,0,0,1,1,0,1
1,0,0,2,0,0,0,0,12,9,0,3,0,2,1
0,0,0,2,0,0,0,0,18,0,0,1,1,0,1
0,0,0,1,0,0,0,0,15,0,0,1,1,0,1
0,0,0,0,0,0,0,0,18,0,0,1,1,0,1
0,0,0,4,0,0,1,0,16,0,0,1,1,0,1
0,0,0,3,0,0,0,0,12,0,0,2,0,1,1
0,0,0,1,0,0,0,0,7,0,0,1,0,0,1
0,0,0,1,0,0,0,0,10,0,0,1,1,0,1
0,0,1,3,0,0,0,0,20,0,0,2,0,1,1
0,0,0,4,0,0,0,0,14,0,0,1,1,0,1
0,0,0,0,0,0,0,1,21,0,1,2,0,1,1
0,0,1,0,0,0,0,0,78,27,0,4,0,3,1
0,0,0,1,0,0,0,1,22,0,1,2,1,1,1
0,0,1,6,0,0,0,0,13,0,0,1,1,0,1
0,1,1,1,0,0,0,1,37,11,4,3,1,2,1
0,0,0,1,0,0,0,0,10,0,0,1,0,0,1
0,0,1,4,0,0,0,0,19,0,0,2,0,1,1
0,0,0,0,0,0,0,1,20,0,1,1,1,0,1
0,0,0,2,0,0,0,0,17,3,0,1,0,0,1
0,0,1,4,0,0,0,1,34,4,3,2,1,1,1
0,0,0,0,0,0,0,0,24,2,0,2,1,1,1
0,0,0,0,0,0,1,1,25,0,1,2,1,1,1
0,0,1,4,0,0,0,0,11,0,0,1,1,0,1
0,0,0,2,0,0,0,0,26,0,0,4,1,3,1
0,0,0,0,0,0,0,1,29,0,1,3,0,2,1
0,0,1,0,0,0,0,1,46,0,1,3,0,2,1
0,0,1,2,0,0,0,1,24,0,1,1,1,0,1
0,0,1,6,0,0,0,0,15,0,0,1,1,0,1
0,0,0,2,0,0,0,0,12,0,0,2,0,1,1
0,0,0,0,0,0,0,1,24,0,2,2,1,1,1
0,0,0,0,0,0,0,0,24,1,0,2,1,1,1
0,0,0,2,0,0,0,0,7,0,0,1,0,0,1
0,0,1,3,0,0,0,0,16,0,0,2,0,1,1
0,0,1,5,0,0,0,0,16,0,0,2,1,1,1
0,0,0,0,0,0,1,0,27,2,0,2,1,1,1
0,0,0,1,0,0,0,0,8,0,0,1,0,0,1
0,0,0,1,0,0,0,0,24,0,0,2,0,1,1
0,0,1,1,0,0,0,1,17,0,1,1,1,0,1
0,0,0,1,0,0,0,0,14,0,0,1,1,0,1
0,0,0,1,0,0,0,0,26,0,0,3,0,2,1
0,0,1,8,0,0,0,0,25,0,0,3,0,2,1
0,0,0,0,0,0,0,0,19,0,0,1,1,0,1
0,0,1,7,0,0,0,0,16,0,0,1,1,0,1
0,0,0,2,0,0,0,0,21,0,0,1,1,0,1
0,0,0,1,0,0,0,0,14,0,0,1,1,0,1
0,0,0,0,0,0,0,0,19,0,0,2,0,1,1
0,0,0,0,0,0,0,1,16,1,2,1,1,0,1
0,0,1,2,0,0,0,0,22,0,0,2,1,1,1
0,0,1,3,0,0,0,0,16,1,0,1,1,0,1
0,0,1,7,0,0,0,0,14,0,0,1,1,0,1
0,0,1,5,0,0,1,0,14,0,0,1,1,0,1
0,0,0,3,0,0,0,0,17,0,0,1,1,0,1
0,0,1,3,0,0,1,0,22,0,0,2,0,1,1
0,0,0,1,0,0,1,0,6,0,0,1,0,0,1
0,0,0,0,0,0,0,1,25,0,1,2,1,1,1
0,0,1,4,0,0,0,0,19,0,0,1,1,0,1
0,0,0,2,0,0,0,0,9,0,0,1,1,0,1
0,0,0,3,0,0,0,0,16,0,0,1,1,0,1
0,0,1,5,0,0,0,0,22,0,0,1,1,0,1
0,0,0,1,0,0,0,0,25,0,0,2,0,1,1
0,0,0,0,0,0,0,1,26,0,1,2,0,1,1
0,0,0,0,0,0,0,0,23,0,0,2,1,1,1
0,0,0,1,0,0,0,0,16,0,0,1,1,0,1
0,0,1,6,0,0,0,0,17,0,0,1,1,0,1
0,0,1,4,0,0,0,0,26,0,0,2,0,1,1
1,0,0,2,0,0,0,0,13,10,0,3,0,2,1
0,0,0,3,0,0,0,0,16,0,0,1,1,0,1
0,0,0,1,0,0,0,0,9,0,0,1,0,0,1
0,0,0,0,0,0,0,1,26,0,3,1,1,0,1
0,0,1,4,0,0,0,0,16,0,0,1,1,0,1
0,0,0,2,0,0,0,1,16,0,1,1,1,0,1
0,0,1,3,0,0,0,0,22,0,0,1,1,0,1
0,0,0,1,0,0,0,0,12,0,0,1,1,0,1
0,0,1,3,0,0,0,0,18,0,0,1,1,0,1
0,0,0,3,0,0,0,0,14,0,0,1,0,0,1
0,0,1,8,0,0,0,0,14,0,0,1,1,0,1
0,0,1,2,0,0,0,1,26,0,1,3,0,2,1
0,0,0,2,0,0,0,0,18,0,0,1,1,0,1
0,0,0,2,0,0,0,0,20,0,0,2,0,1,1
0,0,1,3,0,0,0,0,16,0,0,2,1,1,1
0,0,1,4,0,0,0,1,21,0,1,1,0,0,1
0,0,0,1,1,0,0,1,17,0,1,2,1,1,1
0,0,0,1,0,0,0,0,22,0,0,2,1,1,1
0,0,1,0,1,0,0,0,23,0,0,2,1,1,1
0,0,1,2,0,0,0,0,23,2,0,2,1,1,1
0,0,1,2,0,0,0,0,20,0,0,1,1,0,1
0,0,1,6,0,0,0,0,15,0,0,1,1,0,1
0,0,1,4,0,0,0,0,37,0,0,4,0,3,1
0,0,1,7,0,0,1,1,25,3,1,2,1,1,1
0,0,0,2,0,0,0,0,12,0,0,1,1,0,1
0,0,1,2,0,0,0,0,24,7,0,3,1,2,1
0,0,0,3,0,0,0,0,10,0,0,2,0,1,1
0,0,0,4,0,0,0,0,20,0,0,2,0,1,1
0,0,1,2,0,0,0,0,17,0,0,1,1,0,1
0,0,1,5,0,0,1,1,32,0,1,2,1,1,1
0,0,1,2,0,0,1,0,11,0,0,2,1,1,1
0,1,1,5,0,0,1,0,30,0,0,2,1,1,1
0,0,0,2,0,0,1,0,25,0,0,1,1,0,1
0,0,1,4,0,0,0,0,29,0,0,2,1,1,1
0,0,1,5,0,0,0,1,38,2,1,3,1,2,1
0,0,1,3,0,0,0,0,18,0,0,1,0,0,1
0,0,1,5,0,0,0,0,22,0,0,1,1,0,1
0,0,1,5,0,0,1,1,31,0,1,2,1,1,1
0,0,0,1,0,0,0,1,24,1,1,1,0,0,1
0,0,0,3,0,0,0,0,22,1,0,2,1,1,1
0,0,0,2,0,0,0,0,17,0,0,2,0,1,1
0,0,0,2,0,0,0,0,18,0,0,1,1,0,1
0,0,1,7,0,0,0,0,14,0,0,2,0,1,1
0,0,0,0,0,0,0,0,30,9,0,2,1,1,1
0,0,1,4,0,0,0,0,17,0,0,2,0,1,1
0,0,1,1,0,0,0,1,37,2,3,2,0,1,1
0,0,0,1,0,0,0,0,29,0,0,1,1,0,1
0,0,0,0,0,0,0,0,22,0,0,1,1,0,1
0,0,1,6,0,0,0,0,19,0,0,1,1,0,1
0,0,0,0,0,0,0,1,29,2,1,1,1,0,1
0,0,0,0,0,0,0,1,41,5,2,3,0,2,1
0,0,1,8,0,0,0,0,19,1,0,2,0,1,1
0,0,1,2,1,0,0,0,16,0,0,1,1,0,1
0,0,0,0,0,0,1,0,15,0,0,2,0,1,1
0,0,0,0,0,0,0,1,32,3,1,2,1,1,1
0,0,1,7,0,0,0,0,17,0,0,1,1,0,1
0,0,1,7,0,0,1,0,8,1,0,1,1,0,1
0,0,0,3,0,0,0,0,17,0,0,1,1,0,1
0,0,0,1,0,0,0,1,14,0,1,1,1,0,1
0,0,0,1,0,0,0,0,9,0,0,1,0,0,1
0,0,1,12,0,0,1,0,21,0,0,2,1,1,1
0,1,1,4,0,0,1,0,26,0,0,1,1,0,1
0,0,0,0,0,0,0,0,11,0,0,1,1,0,1
0,0,0,3,0,0,0,0,16,0,0,2,0,1,1
0,0,1,2,0,0,0,0,12,0,0,1,1,0,1
0,0,1,2,0,0,0,0,24,0,0,1,1,0,1
0,0,0,3,0,0,0,0,14,0,0,1,1,0,1
0,0,1,6,0,0,0,0,14,0,0,2,0,1,1
0,0,0,2,0,0,0,0,16,0,0,1,1,0,1
0,0,0,2,0,0,0,1,14,0,1,1,1,0,1
0,0,0,1,0,0,0,0,9,0,0,1,0,0,1
0,0,0,0,0,0,0,0,38,0,0,2,1,1,1
0,0,1,5,0,0,0,0,15,0,0,2,1,1,1
0,0,0,0,0,0,0,0,25,0,0,1,1,0,1
0,0,1,7,0,0,1,0,12,0,0,1,1,0,1
0,0,1,1,0,0,0,0,17,0,0,2,1,1,1
0,0,0,0,0,0,0,0,28,13,0,4,0,3,1
0,0,1,1,0,0,0,0,6,0,0,1,1,0,1
0,0,0,0,0,0,0,0,19,0,0,2,0,1,1
0,0,0,1,0,0,0,0,31,0,0,2,1,1,1
0,0,0,3,0,0,0,0,17,2,0,1,0,0,1
0,0,0,1,0,0,0,0,17,0,0,2,1,1,1
0,0,1,4,0,0,0,1,34,4,3,2,1,1,1
0,0,0,1,0,0,0,0,6,0,0,1,0,0,1
0,0,0,2,0,0,0,1,27,0,1,2,1,1,1
0,0,0,3,0,0,1,0,11,0,0,2,0,1,1
0,0,1,3,0,0,0,0,15,0,0,2,0,1,1
0,0,1,4,0,0,0,1,28,0,1,3,1,2,1
0,0,1,0,0,0,0,1,70,7,3,4,0,3,1
0,0,0,0,0,0,0,0,24,0,0,2,1,1,1
0,0,0,2,0,0,0,0,7,0,0,1,0,0,1
0,0,1,5,0,0,0,0,11,2,0,1,1,0,1
0,0,0,1,0,0,0,0,13,0,0,1,0,0,1
0,0,1,7,0,0,0,0,16,0,0,1,1,0,1
0,0,1,2,0,0,0,0,18,0,0,2,0,1,1
0,0,0,1,0,0,0,0,25,8,0,2,1,1,1
0,0,1,5,0,0,0,0,11,0,0,1,1,0,1
0,0,1,9,0,0,0,0,18,0,0,1,0,0,1
0,0,1,5,0,0,0,0,14,0,0,1,1,0,1
0,0,0,0,0,0,0,1,28,0,2,2,1,1,1
0,0,0,2,0,0,0,1,21,0,1,1,0,0,1
0,0,1,3,0,0,0,1,29,0,2,2,1,1,1
0,0,1,2,0,0,0,1,31,0,2,1,1,0,1
0,0,1,5,0,0,1,1,27,0,1,2,1,1,1
0,0,1,4,0,0,0,0,16,0,0,2,0,1,1
0,0,0,1,0,0,0,0,20,0,0,2,0,1,1
0,0,1,7,0,0,0,0,7,0,0,1,0,0,1
0,0,1,1,0,0,0,1,24,0,1,1,1,0,1
0,0,1,6,0,0,0,0,18,0,0,1,1,0,1
0,0,1,4,0,0,0,0,22,0,0,1,1,0,1
0,0,0,0,0,0,0,1,18,0,1,1,1,0,1
0,0,1,2,0,0,0,0,48,19,0,2,0,1,1
0,0,1,2,0,0,0,1,30,2,1,2,1,1,1
0,0,1,8,0,0,1,0,25,0,0,2,1,1,1
0,0,1,4,0,0,0,0,20,0,0,3,0,2,1
0,0,0,3,0,0,0,0,9,0,0,1,0,0,1
0,0,1,2,0,0,0,0,29,1,0,4,0,3,1
0,0,0,0,0,0,0,0,21,0,0,2,1,1,1
0,0,0,1,0,0,1,0,4,0,0,1,1,0,1
0,0,0,1,0,0,0,0,23,0,0,1,1,0,1
0,0,1,5,0,0,0,0,11,0,0,1,0,0,1
0,0,0,0,0,0,0,1,23,0,1,1,1,0,1
0,0,0,1,0,0,0,0,6,0,0,1,0,0,1
0,0,1,3,0,0,0,1,20,0,1,2,0,1,1
0,0,0,3,0,0,0,0,16,0,0,1,1,0,1
0,0,1,1,0,0,0,0,21,0,0,2,1,1,1
0,0,0,0,0,0,0,0,22,0,0,2,1,1,1
0,0,0,0,0,0,0,0,14,3,0,1,1,0,1
0,0,1,3,0,0,0,0,27,0,0,1,1,0,1
0,0,0,1,0,0,0,0,10,0,0,1,0,0,1
0,0,0,2,0,0,0,0,12,0,0,1,1,0,1
0,0,1,4,0,0,1,0,19,0,0,1,1,0,1
0,0,1,7,0,0,0,0,14,0,0,1,1,0,1
0,0,1,2,0,0,0,1,30,0,1,4,0,3,1
0,0,1,5,0,0,0,0,8,1,0,1,1,0,1
0,0,1,2,0,0,0,1,20,1,1,1,1,0,1
0,0,1,5,0,0,0,0,16,5,0,2,0,1,1
0,0,0,2,0,0,0,0,22,1,0,2,1,1,1
0,0,1,9,0,0,0,0,11,0,0,2,0,1,1
0,0,1,7,0,0,1,1,27,0,1,2,1,1,1
0,0,1,5,0,0,0,0,14,0,0,1,1,0,1
0,0,1,4,0,0,0,0,18,0,0,3,0,2,1
0,0,0,0,0,0,1,0,34,0,0,2,1,1,1
0,0,1,3,0,0,0,1,29,0,2,2,1,1,1
0,0,0,2,0,0,0,1,11,0,1,1,1,0,1
0,0,0,0,0,0,0,0,15,0,0,2,1,1,1
0,0,0,3,0,0,0,0,16,0,0,1,1,0,1
0,0,0,1,0,0,0,1,17,0,1,2,1,1,1
0,0,1,2,1,0,0,0,21,0,0,2,0,1,1
0,0,0,3,0,0,0,1,21,0,2,2,1,1,1
0,0,0,1,0,0,0,0,27,3,0,5,0,4,1
0,0,0,1,0,0,0,0,20,0,0,2,0,1,1
0,0,1,8,0,0,0,0,10,0,0,1,1,0,1
0,0,1,6,0,0,0,0,14,3,0,1,0,0,1
0,0,0,2,0,0,0,0,21,0,0,2,0,1,1
0,0,1,2,0,0,0,0,23,0,0,1,1,0,1
0,0,0,1,0,0,0,0,19,0,0,1,0,0,1
0,0,0,2,0,0,0,0,16,0,0,2,0,1,1
0,0,1,4,0,0,0,0,13,0,0,1,1,0,1
0,0,1,3,0,0,1,0,27,0,0,2,1,1,1
0,0,1,6,0,0,0,0,9,2,0,1,1,0,1
0,0,1,8,0,0,0,0,29,0,0,1,1,0,1
0,0,1,10,0,0,0,0,25,0,0,3,0,2,1
0,0,1,6,0,0,0,0,12,0,0,2,0,1,1
0,0,0,1,0,0,0,0,16,0,0,1,1,0,1
0,0,0,1,0,0,0,0,32,0,0,1,0,0,1
0,0,1,6,0,0,0,0,16,0,0,1,0,0,1
0,0,1,1,0,0,0,0,17,0,0,2,1,1,1
0,0,0,2,0,0,0,0,15,0,0,1,1,0,1
0,0,1,7,0,0,0,0,7,0,0,1,0,0,1
0,0,0,0,0,0,0,0,24,0,0,2,1,1,1
0,1,1,6,0,0,0,0,19,0,0,4,0,3,1
0,0,0,0,0,0,0,0,15,0,0,2,0,1,1
0,1,1,2,0,0,0,0,9,0,0,1,0,0,1
0,0,0,1,0,0,0,0,22,0,0,1,1,0,1
0,0,0,0,0,0,1,0,27,0,0,2,1,1,1
0,0,1,6,0,0,0,0,13,0,0,1,1,0,1
0,0,1,6,0,0,0,0,17,0,0,1,1,0,1
0,0,0,1,0,0,0,0,10,0,0,1,0,0,1
0,0,0,3,0,0,0,0,28,0,0,2,0,1,1
0,0,0,0,0,0,0,0,16,1,0,2,0,1,1
0,0,0,0,0,0,0,0,25,12,0,2,0,1,1
0,0,1,6,0,0,0,0,12,1,0,1,0,0,1
0,0,0,1,0,0,0,0,13,0,0,1,1,0,1
0,1,1,2,0,0,0,0,19,0,0,1,1,0,1
0,0,0,1,0,0,0,0,14,0,0,2,0,1,1
0,0,0,1,0,0,0,0,26,0,0,1,1,0,1
0,0,0,3,0,0,0,0,20,0,0,1,1,0,1
0,0,1,3,0,0,0,0,16,0,0,2,1,1,1
0,0,1,5,0,0,1,1,31,0,1,2,1,1,1
0,0,0,0,0,0,0,0,34,3,0,2,1,1,1
0,0,0,0,0,0,0,0,17,0,0,1,1,0,1
0,0,1,2,0,0,0,0,23,0,0,1,1,0,1
0,0,0,4,0,0,0,0,14,0,0,1,1,0,1
0,0,1,7,0,0,0,0,22,0,0,1,1,0,1
0,0,0,1,0,0,0,0,24,0,0,1,1,0,1
0,0,0,0,0,0,0,0,31,4,0,2,0,1,1
0,0,1,3,0,0,0,1,15,0,1,1,1,0,1
0,0,1,1,0,0,0,1,38,0,4,1,1,0,1
0,0,1,5,0,0,0,0,22,0,0,1,1,0,1
0,0,1,7,0,0,1,1,27,0,1,2,1,1,1
0,0,1,1,0,0,0,1,28,0,2,2,1,1,1
0,0,0,2,0,0,0,0,10,0,0,1,1,0,1
0,0,1,5,0,0,0,0,22,0,0,1,1,0,1
0,0,0,1,0,0,0,1,22,0,1,1,1,0,1
0,1,1,3,0,0,0,0,16,7,0,2,0,1,1
0,0,0,1,0,0,0,0,25,8,0,2,1,1,1
0,0,1,7,0,0,0,0,15,0,0,1,1,0,1
0,0,0,1,0,0,0,0,15,0,0,1,1,0,1
0,0,0,0,0,0,0,1,43,0,1,2,1,1,1
0,0,1,5,0,0,0,0,24,0,0,1,1,0,1
0,0,1,5,0,0,0,0,15,0,0,2,1,1,1
0,0,0,0,0,0,0,0,20,2,0,2,1,1,1
0,0,1,7,0,0,0,0,15,0,0,1,1,0,1
0,0,0,3,0,0,0,0,25,0,0,1,1,0,1
0,0,1,3,0,0,0,0,19,0,0,1,1,0,1
0,0,0,2,0,0,0,0,12,0,0,2,0,1,1
0,0,0,2,0,0,0,1,26,0,1,2,0,1,1
0,0,0,0,0,0,0,0,29,1,0,2,1,1,1
0,0,1,3,0,0,0,0,12,0,0,1,1,0,1
0,0,1,4,0,0,0,0,13,0,0,1,1,0,1
1,0,0,2,0,0,0,0,10,7,0,3,0,2,1
0,0,1,3,0,0,0,0,17,0,0,1,1,0,1
0,0,1,1,0,0,0,0,28,9,0,4,0,3,1
0,0,1,2,0,0,0,0,13,0,0,2,0,1,1
0,0,1,5,0,0,0,0,11,0,0,1,1,0,1
0,1,1,4,0,0,0,0,15,0,0,1,1,0,1
0,0,0,0,0,0,1,1,43,15,4,2,1,1,1
0,1,1,3,0,0,0,0,14,0,0,1,0,0,1
0,0,0,1,0,0,0,0,6,0,0,1,0,0,1
0,0,0,1,0,0,0,0,13,0,0,1,1,0,1
0,0,1,5,0,0,0,0,44,2,0,2,1,1,1
0,0,1,3,0,0,0,0,12,0,0,1,0,0,1
0,0,0,1,0,0,0,0,18,0,0,1,1,0,1
0,0,0,1,0,0,0,0,15,0,0,1,1,0,1
0,0,0,0,0,0,0,0,17,0,0,1,1,0,1
0,0,1,6,0,0,0,0,15,0,0,2,0,1,1
0,0,0,3,0,0,1,0,23,0,0,2,1,1,1
0,0,1,3,0,0,0,0,18,0,0,1,0,0,1
0,0,1,4,0,0,0,0,16,0,0,1,1,0,1
0,0,1,2,0,0,0,0,16,0,0,1,0,0,1
0,0,1,3,0,0,0,0,10,0,0,1,0,0,1
0,0,0,1,0,0,0,0,9,3,0,1,1,0,1
0,0,1,2,0,0,0,1,32,5,4,2,0,1,1
0,0,0,4,0,0,0,0,14,0,0,1,1,0,1
0,0,1,5,0,0,1,1,23,0,1,2,1,1,1
0,0,0,0,0,0,1,0,22,0,0,1,1,0,1
0,0,1,7,0,0,0,0,13,0,0,2,0,1,1
0,0,1,2,0,0,0,0,16,0,0,2,1,1,1
0,0,1,5,0,0,0,0,17,1,0,1,0,0,1
0,0,0,0,0,0,0,0,34,0,0,2,1,1,1
0,0,1,5,0,0,1,1,30,0,1,2,1,1,1
0,0,1,3,0,0,0,0,18,0,0,1,1,0,1
0,0,0,0,0,0,0,1,31,0,1,3,1,2,1
0,0,1,4,1,0,0,0,18,0,0,1,1,0,1
0,0,1,7,0,0,0,0,14,0,0,1,1,0,1
0,0,0,1,0,0,0,0,24,0,0,1,1,0,1
0,0,1,5,0,0,1,0,30,0,0,2,1,1,1
0,0,0,3,0,0,0,0,16,0,0,3,0,2,1
0,0,1,8,0,0,0,0,18,0,0,1,0,0,1
0,0,1,0,0,0,0,1,60,1,5,4,0,3,1
0,0,1,2,0,0,0,0,14,0,0,1,1,0,1
0,0,1,5,0,0,0,0,7,0,0,1,0,0,1
0,1,1,3,0,0,0,0,13,0,0,1,0,0,1
0,0,0,3,0,0,0,0,8,0,0,1,0,0,1
0,0,1,2,0,0,1,0,15,0,0,1,1,0,1
0,0,0,2,0,0,0,0,11,0,0,1,1,0,1
0,0,1,4,0,0,0,0,10,0,0,1,0,0,1
1,0,0,0,0,0,0,0,13,10,0,3,0,2,1
0,0,1,3,0,0,0,0,18,0,0,1,1,0,1
0,0,0,0,0,0,0,0,24,11,0,2,0,1,1
0,0,1,1,0,0,0,0,24,0,0,2,0,1,1
0,0,1,3,0,0,0,0,35,2,0,3,1,2,1
0,0,1,1,0,0,1,0,22,6,0,2,1,1,1
0,0,0,0,0,0,0,1,26,0,1,3,0,2,1
0,0,1,2,0,0,0,0,22,0,0,2,1,1,1
0,0,0,0,0,0,0,0,10,2,0,2,0,1,1
0,0,1,3,0,0,0,0,17,0,0,1,1,0,1
0,0,1,1,1,0,0,0,24,0,0,2,0,1,1
0,0,0,2,0,0,0,0,13,0,0,1,1,0,1
0,0,0,3,0,0,0,0,12,0,0,2,0,1,1
0,0,1,2,0,0,0,1,46,0,3,2,0,1,1
0,0,0,0,0,0,0,1,42,0,2,2,1,1,1
0,0,0,1,0,0,0,0,17,0,0,2,0,1,1
0,0,1,5,0,0,0,0,17,0,0,1,1,0,1
0,0,0,1,0,0,0,1,20,0,1,1,0,0,1
0,0,1,2,0,0,0,0,7,1,0,1,0,0,1
0,0,0,1,0,0,1,1,16,0,2,1,1,0,1
0,0,0,1,0,0,0,0,7,0,0,1,0,0,1
0,0,0,0,0,0,0,1,19,0,1,1,1,0,1
0,0,0,1,0,0,0,1,29,0,1,1,1,0,1
0,0,0,2,0,0,0,0,21,0,0,1,1,0,1
0,0,1,4,0,0,0,0,15,0,0,2,1,1,1
0,0,0,0,0,0,0,1,24,0,2,1,0,0,1
0,0,0,1,0,0,1,0,13,0,0,1,1,0,1
0,0,0,0,0,0,1,0,24,0,0,2,1,1,1
0,0,1,5,0,0,0,0,19,7,0,2,1,1,1
0,0,0,0,0,0,0,0,19,0,0,2,0,1,1
0,0,1,6,0,0,0,0,16,0,0,1,1,0,1
0,0,0,2,0,0,0,0,12,0,0,1,0,0,1
0,0,1,2,0,0,0,0,13,0,0,1,1,0,1
0,0,1,5,0,0,0,0,12,0,0,1,1,0,1
0,0,0,1,0,0,0,0,13,2,0,1,1,0,1
0,0,0,3,0,0,0,0,13,0,0,1,0,0,1
0,1,1,8,0,0,1,0,28,0,0,1,1,0,1
0,0,1,1,0,0,0,1,37,11,4,3,1,2,1
0,0,0,1,1,0,0,0,12,0,0,1,1,0,1
0,0,1,9,0,0,0,0,19,0,0,1,1,0,1
0,0,1,1,0,0,1,0,11,3,0,1,1,0,1
0,0,1,4,0,0,0,0,27,0,0,1,1,0,1
0,0,1,3,0,0,0,0,29,0,0,1,1,0,1
0,0,1,3,0,0,0,0,59,7,0,7,0,6,1
0,0,0,0,0,0,0,0,16,0,0,2,1,1,1
0,0,0,0,0,0,0,0,16,0,0,1,1,0,1
0,0,0,1,0,0,0,0,27,0,0,2,0,1,1
0,0,0,1,0,0,0,1,17,0,1,1,1,0,1
0,1,1,4,0,0,0,0,8,0,0,1,0,0,1
0,0,0,5,0,0,0,0,11,2,0,1,1,0,1
0,0,0,1,0,0,0,0,25,0,0,1,1,0,1
0,0,0,2,0,0,0,1,17,0,1,1,1,0,1
0,0,1,4,0,0,1,0,16,0,0,1,1,0,1
0,0,0,2,0,0,0,1,11,0,1,1,0,0,1
0,0,1,1,0,0,1,0,30,0,0,2,1,1,1
0,0,0,1,0,0,0,0,10,0,0,1,1,0,1
0,0,0,1,0,0,0,0,19,0,0,2,0,1,1
0,0,0,2,0,0,0,0,31,0,0,1,1,0,1
0,0,1,1,0,0,0,0,16,0,0,1,0,0,1
0,0,1,3,0,0,0,0,19,0,0,1,1,0,1
0,0,0,2,0,0,0,1,22,0,1,1,1,0,1
0,0,0,0,0,0,0,1,24,0,1,2,0,1,1
0,0,1,1,0,0,0,0,11,0,0,1,1,0,1
0,0,1,5,0,0,0,0,9,0,0,1,0,0,1
0,0,1,2,0,0,0,1,6,0,1,1,0,0,1
0,0,1,7,0,0,0,0,15,0,0,1,1,0,1
0,0,1,5,0,0,0,1,15,0,1,1,1,0,1
0,0,1,2,0,0,0,0,16,0,0,1,1,0,1
0,0,1,4,0,0,0,0,21,0,0,1,1,0,1
0,0,0,1,0,0,0,0,9,0,0,1,0,0,1
0,0,1,5,0,0,0,0,18,0,0,1,1,0,1
0,0,1,5,0,0,1,1,36,10,1,2,1,1,1
0,0,0,1,0,0,0,0,5,0,0,1,0,0,1
0,0,1,4,0,0,0,0,37,0,0,4,0,3,1
0,0,1,7,0,0,0,0,15,0,0,1,1,0,1
0,1,1,3,0,0,0,0,14,0,0,1,0,0,1
0,0,1,2,0,0,0,0,20,0,0,1,1,0,1
0,0,1,6,0,0,0,0,8,2,0,1,1,0,1
0,0,0,2,0,0,0,0,13,0,0,1,1,0,1
0,0,0,1,0,0,0,0,8,1,0,1,1,0,1
0,0,1,6,0,0,0,0,11,0,0,1,1,0,1
0,0,0,0,0,0,0,0,24,0,0,2,1,1,1
0,0,0,1,0,0,0,0,14,0,0,2,0,1,1
0,0,1,3,0,0,0,0,27,0,0,1,0,0,1
0,0,0,1,0,0,0,0,11,0,0,2,1,1,1
0,0,0,1,0,0,0,0,6,0,0,1,0,0,1
0,0,1,1,0,0,0,1,78,1,4,6,0,5,1
0,0,1,3,0,0,0,0,22,0,0,1,1,0,1
0,0,0,1,0,0,0,0,15,0,0,1,0,0,1
0,0,1,2,0,0,0,0,14,0,0,2,1,1,1
0,0,1,4,0,0,0,0,23,0,0,1,1,0,1
0,0,0,0,0,0,0,1,31,0,2,2,1,1,1
0,0,0,1,0,0,0,0,19,0,0,1,1,0,1
0,0,0,2,0,0,0,0,12,0,0,2,0,1,1
0,1,1,5,0,0,1,0,30,0,0,2,1,1,1
0,0,0,1,0,0,0,1,29,2,1,3,0,2,1
1,0,0,2,0,0,0,0,13,10,0,3,0,2,1
0,0,1,7,0,0,1,1,31,0,1,2,1,1,1
1,0,0,1,0,0,0,0,14,11,0,3,0,2,1
0,0,1,5,0,0,0,0,15,0,0,1,1,0,1
0,1,1,7,0,0,1,0,17,0,0,1,0,0,1
0,0,1,7,0,0,1,0,11,0,0,1,1,0,1
0,0,1,6,0,0,0,1,22,0,1,1,0,0,1
0,0,1,5,0,0,1,1,34,0,1,2,1,1,1
0,0,0,0,0,0,0,0,16,1,0,2,0,1,1
0,0,0,2,0,0,0,1,17,1,1,2,1,1,1
0,0,0,1,0,0,0,0,22,0,0,2,1,1,1
0,0,0,1,0,0,0,0,15,0,0,1,1,0,1
0,0,1,4,0,0,0,0,13,0,0,1,1,0,1
0,0,0,1,0,0,0,0,10,0,0,1,0,0,1
0,0,1,4,0,0,0,0,56,2,0,4,1,3,1
0,0,1,3,0,0,1,0,22,0,0,2,1,1,1
0,0,1,1,1,0,0,1,17,0,1,1,1,0,1
0,0,0,1,0,0,0,0,15,0,0,1,0,0,1
0,0,0,2,0,0,0,0,16,0,0,1,1,0,1
0,0,1,5,0,0,0,1,14,0,1,1,0,0,1
0,0,1,5,0,0,0,0,9,2,0,1,0,0,1
0,0,1,5,0,0,0,0,12,0,0,1,1,0,1
0,0,1,6,0,0,0,0,12,0,0,1,0,0,1
0,0,0,0,0,0,0,0,28,0,0,2,1,1,1
0,0,0,3,0,0,0,0,17,0,0,1,0,0,1
0,0,0,0,0,0,1,0,18,0,0,3,1,2,1
0,0,0,2,0,0,0,0,19,0,0,1,1,0,1
0,0,1,1,0,0,0,0,17,0,0,2,1,1,1
0,0,1,5,0,0,1,1,23,2,1,2,1,1,1
0,0,1,4,0,0,0,0,11,0,0,1,1,0,1
0,1,1,3,0,0,1,0,17,0,0,2,0,1,1
0,0,1,5,0,0,1,1,26,0,1,2,1,1,1
0,1,1,4,0,0,1,1,21,0,1,1,0,0,1
0,0,0,0,0,0,0,0,14,0,0,2,1,1,0
0,0,0,1,0,0,0,0,17,0,0,2,1,1,0
0,0,0,1,0,0,0,0,14,0,0,2,1,1,0
0,0,0,2,0,0,0,0,13,0,0,2,1,1,0
0,0,0,2,0,0,0,0,13,0,0,2,1,1,0
0,0,0,0,0,0,0,0,15,0,0,2,1,1,0
0,0,0,0,0,0,0,0,13,0,0,1,1,0,0
0,0,0,1,0,0,0,0,9,0,0,2,1,1,0
0,0,0,2,0,0,0,0,16,0,0,2,1,1,0
0,0,0,2,0,0,0,0,10,0,0,1,1,0,0
0,0,0,2,0,0,0,0,15,0,0,3,0,2,0
0,0,0,1,0,0,0,0,13,0,0,2,1,1,0
0,0,0,2,0,0,0,0,16,0,0,3,0,2,0
0,0,0,0,0,0,0,0,17,0,0,2,1,1,0
0,0,0,3,0,0,0,0,15,0,0,3,0,2,0
0,0,0,1,0,0,0,0,17,0,0,2,1,1,0
0,0,0,1,0,0,0,0,12,0,0,2,1,1,0
0,0,0,0,0,0,0,0,20,0,0,3,0,2,0
0,0,0,3,0,0,0,0,12,0,0,2,1,1,0
0,0,0,2,0,0,0,0,13,0,0,2,0,1,0
0,0,0,2,0,0,0,0,14,0,0,2,1,1,0
0,0,0,0,0,0,0,0,14,0,0,2,1,1,0
0,0,0,2,0,0,0,0,15,3,0,2,1,1,0
0,0,0,3,0,0,0,0,17,0,0,2,1,1,0
0,0,0,2,0,0,0,0,13,0,0,2,0,1,0
0,0,0,2,0,0,0,0,12,0,0,2,1,1,0
0,0,0,2,0,0,0,0,20,0,0,3,0,2,0
0,0,0,0,0,0,1,0,7,0,0,2,1,1,0
0,0,0,1,0,0,0,0,12,0,0,2,0,1,0
0,0,0,0,0,0,1,0,18,0,0,2,1,1,0
0,0,0,0,0,0,0,0,17,0,0,2,1,1,0
0,0,0,1,0,0,0,0,12,0,0,2,0,1,0
0,0,0,2,0,0,1,0,15,0,0,2,1,1,0
0,0,0,2,0,0,0,0,13,0,0,2,0,1,0
0,0,0,1,0,0,0,0,17,0,0,2,0,1,0
0,0,0,0,0,0,0,0,18,0,0,2,1,1,0
0,0,0,1,0,0,1,0,16,0,0,2,1,1,0
0,0,0,1,0,0,0,0,12,0,0,2,1,1,0
0,0,0,2,0,0,0,0,17,0,0,3,0,2,0
0,0,0,1,0,0,0,0,15,0,0,2,1,1,0
0,0,0,1,0,0,0,0,19,0,0,2,1,1,0
0,0,0,0,0,0,0,0,18,0,0,2,1,1,0
0,0,0,0,0,0,0,0,11,0,0,2,1,1,0
0,0,0,3,0,0,0,0,17,0,0,2,1,1,0
0,0,0,0,0,0,0,0,14,0,0,2,1,1,0
0,0,0,2,0,0,1,0,16,0,0,2,1,1,0
0,0,0,1,0,0,0,0,19,0,0,2,1,1,0
0,0,0,3,0,0,0,0,14,0,0,2,0,1,0
0,0,0,1,0,0,0,0,14,0,0,2,0,1,0
0,0,0,1,0,0,0,0,13,0,0,2,1,1,0
0,0,0,2,0,0,1,0,14,0,0,2,1,1,0
0,0,0,1,0,0,0,0,14,0,0,2,0,1,0
0,0,0,3,0,0,0,0,11,1,0,2,1,1,0
0,0,0,3,0,0,0,0,15,0,0,2,1,1,0
0,0,0,1,0,0,0,0,14,3,0,2,0,1,0
0,0,0,2,0,0,0,0,10,0,0,2,0,1,0
0,0,0,0,0,0,0,0,10,0,0,2,0,1,0
0,0,0,0,0,0,0,0,17,0,0,1,1,0,0
0,0,0,1,0,0,0,0,10,0,0,2,1,1,0
0,0,0,2,0,0,0,0,14,0,0,2,0,1,0
0,0,0,3,0,0,0,0,17,0,0,3,0,2,0
0,0,0,2,0,0,0,0,17,0,0,3,0,2,0
0,0,0,2,0,0,0,0,16,0,0,2,1,1,0
0,0,0,2,0,0,0,0,18,0,0,3,0,2,0
0,0,0,0,0,0,0,0,9,0,0,1,0,0,0
0,0,0,1,0,0,0,0,14,0,0,2,0,1,0
0,0,0,0,0,0,0,0,21,0,0,3,0,2,0
0,0,0,3,0,0,0,0,14,0,0,2,1,1,0
0,0,0,2,0,0,0,0,13,0,0,2,1,1,0
0,0,0,1,0,0,0,0,14,0,0,1,1,0,0
0,0,0,1,0,0,0,0,16,0,0,2,1,1,0
0,0,0,0,0,0,0,0,18,0,0,3,0,2,0
0,0,0,2,0,0,0,0,17,0,0,2,1,1,0
0,0,0,1,0,0,1,0,17,0,0,2,1,1,0
0,0,0,2,0,0,0,0,11,0,0,2,1,1,0
0,0,0,2,0,0,0,0,16,0,0,2,1,1,0
0,0,0,0,0,0,0,0,16,0,0,3,1,2,0
0,0,0,2,0,0,0,0,28,0,0,2,1,1,0
0,0,0,0,0,0,0,0,13,0,0,2,1,1,0
0,0,0,2,0,0,0,0,10,0,0,2,1,1,0
0,0,0,1,0,0,0,0,17,0,0,2,0,1,0
0,0,0,1,0,0,1,0,21,0,0,1,1,0,0
0,0,0,0,0,0,0,0,16,0,0,3,0,2,0
0,0,0,2,0,0,0,0,14,0,0,2,1,1,0
0,0,0,2,0,0,0,0,16,0,0,3,0,2,0
0,0,0,1,0,0,0,0,13,0,0,3,0,2,0
0,0,0,2,0,0,0,0,18,0,0,2,1,1,0
0,0,0,1,0,0,1,0,16,0,0,2,1,1,0
0,0,0,2,0,0,0,0,12,0,0,2,0,1,0
0,0,0,1,0,0,0,0,15,0,0,2,1,1,0
0,0,0,1,0,0,1,0,16,0,0,2,1,1,0
0,0,0,3,0,0,0,0,14,0,0,2,0,1,0
0,0,0,2,0,0,0,0,21,0,0,3,0,2,0
0,0,0,2,0,0,0,0,12,0,0,2,0,1,0
0,0,0,1,0,0,0,0,14,0,0,2,1,1,0
0,0,0,0,0,0,0,0,9,0,0,2,0,1,0
0,0,0,0,0,0,0,0,23,0,0,2,1,1,0
0,0,0,2,0,0,0,0,14,0,0,3,0,2,0
0,0,0,2,0,0,0,0,10,0,0,2,1,1,0
0,0,0,0,0,0,0,0,14,0,0,2,1,1,0
0,0,0,0,0,0,0,0,14,0,0,2,1,1,0
0,0,0,0,0,0,0,0,16,0,0,2,1,1,0
0,0,0,2,0,0,0,0,15,0,0,1,1,0,0
0,0,0,2,0,0,0,0,13,0,0,2,1,1,0
0,0,0,1,0,0,0,0,12,0,0,2,1,1,0
0,0,0,1,0,0,0,0,24,0,0,2,1,1,0
0,0,0,1,0,0,0,0,14,0,0,2,0,1,0
0,0,0,2,0,0,0,0,13,0,0,2,1,1,0
0,0,0,1,0,0,0,0,12,3,0,2,1,1,0
0,0,0,3,0,0,0,0,16,0,0,2,0,1,0
0,0,0,0,0,0,0,0,18,0,0,3,0,2,0
0,0,0,3,0,0,0,0,14,0,0,2,1,1,0
0,0,0,3,0,0,0,0,22,0,0,2,1,1,0
0,0,0,2,0,0,0,0,14,0,0,2,1,1,0
0,0,0,0,0,0,0,0,13,0,0,2,0,1,0
0,0,0,3,0,0,0,0,9,0,0,2,0,1,0
0,0,0,0,0,0,1,0,19,0,0,2,1,1,0
0,0,0,1,0,0,1,0,11,0,0,2,1,1,0
0,0,0,2,0,0,0,0,13,0,0,2,1,1,0
0,0,0,1,0,0,0,0,16,0,0,2,1,1,0
0,0,0,1,0,0,0,0,14,0,0,2,1,1,0
0,0,0,2,0,0,0,0,18,0,0,3,0,2,0
0,0,0,0,0,0,0,0,12,0,0,2,1,1,0
0,0,0,2,0,0,1,0,23,0,0,2,1,1,0
0,0,0,0,0,0,0,0,17,0,0,3,0,2,0
0,0,0,0,0,0,0,0,17,0,0,2,1,1,0
0,0,0,1,0,0,0,0,20,0,0,3,1,2,0
0,0,0,3,0,0,0,0,16,0,0,3,0,2,0
0,0,0,2,0,0,0,0,15,0,0,3,0,2,0
0,0,0,3,0,0,0,0,22,0,0,2,1,1,0
0,0,0,1,0,0,0,0,13,0,0,2,0,1,0
0,0,0,0,0,0,0,0,18,0,0,2,1,1,0
0,0,0,1,0,0,0,0,14,0,0,2,0,1,0
0,0,0,1,0,0,0,0,17,0,0,2,1,1,0
0,0,0,2,0,0,0,0,14,0,0,2,0,1,0
0,0,0,1,0,0,0,0,20,0,0,2,1,1,0
0,0,0,1,0,0,0,0,11,0,0,2,1,1,0
0,0,0,0,0,0,0,0,15,0,0,2,1,1,0
0,0,0,2,0,0,0,0,12,0,0,2,1,1,0
0,0,0,2,0,0,0,0,9,0,0,1,0,0,0
0,0,0,0,0,0,0,0,13,0,0,2,0,1,0
0,0,0,2,0,0,0,0,18,0,0,2,1,1,0
0,0,0,2,0,0,0,0,14,0,0,2,1,1,0
0,0,0,0,0,0,0,0,21,0,0,2,1,1,0
0,0,0,0,0,0,0,0,16,0,0,2,0,1,0
0,0,0,0,0,0,0,0,21,0,0,2,1,1,0
0,0,0,0,0,0,1,0,14,0,0,2,1,1,0
0,0,0,3,0,0,0,0,10,0,0,2,1,1,0
0,0,0,2,0,0,1,0,12,0,0,2,1,1,0
0,0,0,2,0,0,0,0,11,0,0,2,1,1,0
0,0,0,0,0,0,0,0,21,0,0,3,0,2,0
0,0,0,0,0,0,0,0,19,0,0,2,1,1,0
0,0,0,2,0,0,0,0,15,0,0,2,1,1,0
0,0,0,2,0,0,0,0,13,0,0,2,1,1,0
0,0,0,1,0,0,0,0,17,0,0,2,0,1,0
0,0,0,2,0,0,0,0,11,0,0,2,1,1,0
0,0,0,1,0,0,0,0,13,0,0,2,1,1,0
0,0,0,1,0,0,0,0,14,0,0,2,1,1,0
0,0,0,2,0,0,0,0,16,0,0,2,1,1,0
0,0,0,0,0,0,0,0,19,0,0,2,1,1,0
0,0,0,2,0,0,0,0,10,0,0,1,1,0,0
0,0,0,2,0,0,0,0,13,0,0,2,0,1,0
0,0,0,0,0,0,0,0,14,0,0,2,1,1,0
0,0,0,1,0,0,0,0,13,0,0,2,1,1,0
0,0,0,1,0,0,0,0,15,0,0,2,1,1,0
0,0,0,2,0,0,0,1,25,1,1,2,1,1,0
0,0,0,1,0,0,0,0,18,0,0,2,1,1,0
0,0,0,1,0,0,0,0,19,0,0,2,1,1,0
0,0,0,2,0,0,1,0,10,0,0,2,0,1,0
0,0,0,1,0,0,0,0,16,0,0,2,1,1,0
0,0,0,2,0,0,0,0,15,0,0,2,1,1,0
0,0,0,2,0,0,0,0,8,0,0,1,0,0,0
0,0,0,0,0,0,1,0,20,0,0,3,1,2,0
0,0,0,1,0,0,0,0,16,0,0,3,0,2,0
0,0,0,0,0,0,0,0,15,0,0,2,1,1,0
0,0,0,1,0,0,0,0,17,0,0,3,0,2,0
0,0,0,1,0,0,0,0,19,0,0,2,1,1,0
0,0,0,1,0,0,0,0,13,0,0,2,0,1,0
0,0,0,1,0,0,0,0,18,0,0,2,1,1,0
0,0,0,2,0,0,0,0,15,0,0,2,1,1,0
0,0,0,1,0,0,0,0,13,0,0,2,1,1,0
0,0,0,0,0,0,0,0,12,0,0,1,0,0,0
0,0,0,1,0,0,0,0,13,0,0,2,0,1,0
0,0,0,0,0,0,0,0,11,0,0,1,1,0,0
0,0,0,1,0,0,0,0,19,0,0,2,1,1,0
0,0,0,1,0,0,0,0,14,0,0,3,0,2,0
0,0,0,2,0,0,0,0,16,0,0,2,1,1,0
0,0,0,2,0,0,0,0,19,0,0,2,1,1,0
0,0,0,0,0,0,0,0,9,0,0,1,1,0,0
0,0,0,1,0,0,0,0,15,0,0,2,1,1,0
0,0,0,0,0,0,1,0,14,0,0,2,1,1,0
0,0,0,2,0,0,0,0,18,0,0,2,0,1,0
0,0,0,1,0,0,0,0,19,0,0,2,1,1,0
0,0,0,1,0,0,0,0,18,0,0,3,0,2,0
0,0,0,1,0,0,0,0,15,0,0,1,1,0,0
0,0,0,0,0,0,0,0,15,0,0,2,1,1,0
0,0,0,1,0,0,0,0,23,0,0,2,1,1,0
0,0,0,0,0,0,1,0,21,0,0,2,1,1,0
0,0,0,2,0,0,0,0,17,0,0,2,1,1,0
0,0,0,2,0,0,0,0,21,0,0,2,1,1,0
0,0,0,1,0,0,0,0,15,0,0,2,1,1,0
0,0,0,1,0,0,0,0,19,0,0,2,1,1,0
0,0,0,0,0,0,0,0,18,1,0,2,1,1,0
0,0,0,2,0,0,0,0,23,0,0,3,1,2,0
0,0,0,1,0,0,0,0,17,0,0,2,1,1,0
0,0,0,1,0,0,0,0,16,0,0,2,1,1,0
0,0,0,3,0,0,0,0,14,0,0,2,1,1,0
0,0,0,2,0,0,1,0,10,0,0,1,1,0,0
0,0,0,1,0,0,0,0,12,0,0,2,1,1,0
0,0,0,2,0,0,1,0,19,0,0,2,1,1,0
0,0,0,1,0,0,0,0,18,0,0,2,1,1,0
0,0,0,0,0,0,0,0,11,1,0,2,1,1,0
0,0,0,3,0,0,0,0,13,0,0,2,1,1,0
0,0,0,1,0,0,0,0,19,0,0,2,1,1,0
0,0,0,1,0,0,0,0,19,0,0,2,1,1,0
0,0,0,2,0,0,0,0,21,0,0,2,1,1,0
0,0,0,2,0,0,0,0,12,0,0,2,0,1,0
0,0,0,0,0,0,0,0,27,0,0,2,1,1,0
0,0,0,1,0,0,0,0,17,0,0,3,1,2,0
0,0,0,2,0,0,0,0,22,0,0,2,1,1,0
0,0,0,0,0,0,0,0,18,0,0,2,1,1,0
0,0,0,2,0,0,0,0,18,0,0,2,1,1,0
0,0,0,2,0,0,0,0,14,0,0,2,0,1,0
0,0,0,3,0,0,1,0,21,0,0,2,1,1,0
0,0,0,2,0,0,0,0,19,0,0,3,0,2,0
0,0,0,3,0,0,0,0,16,0,0,2,1,1,0
0,0,0,1,0,0,0,0,15,0,0,2,1,1,0
0,0,0,0,0,0,0,0,21,0,0,2,1,1,0
0,0,0,0,0,0,1,0,16,0,0,2,1,1,0
0,0,0,2,0,0,0,0,21,0,0,2,1,1,0
0,0,0,2,0,0,0,0,12,0,0,2,1,1,0
0,0,0,0,0,0,0,0,17,0,0,2,1,1,0
0,0,0,2,0,0,0,0,19,0,0,2,1,1,0
0,0,0,0,0,0,0,0,16,0,0,2,1,1,0
0,0,0,2,0,0,0,0,24,0,0,2,1,1,0
0,0,0,3,0,0,0,0,10,2,0,2,0,1,0
0,0,0,3,0,0,0,0,24,0,0,2,1,1,0
0,0,0,2,0,0,1,0,12,0,0,2,1,1,0
0,0,0,1,0,0,0,0,14,0,0,3,0,2,0
0,0,0,3,0,0,0,0,14,0,0,2,0,1,0
0,0,0,2,0,0,0,0,15,0,0,2,1,1,0
0,0,0,1,0,0,0,0,15,0,0,2,1,1,0
0,0,0,2,0,0,0,0,14,0,0,2,0,1,0
0,0,0,1,0,0,0,0,9,0,0,1,0,0,0
0,0,0,1,0,0,0,0,21,0,0,2,1,1,0
0,0,0,2,0,0,0,0,18,3,0,2,1,1,0
0,0,0,2,0,0,0,0,17,0,0,3,0,2,0
0,0,0,2,0,0,0,0,12,0,0,2,1,1,0
0,0,0,1,0,0,0,0,14,0,0,2,1,1,0
0,0,0,2,0,0,0,0,18,0,0,3,0,2,0
0,0,0,0,0,0,0,0,15,0,0,2,0,1,0
0,0,0,2,0,0,0,0,18,0,0,2,1,1,0
0,0,0,2,0,0,0,0,10,0,0,2,0,1,0
0,0,0,1,0,0,0,0,13,0,0,2,1,1,0
0,0,0,1,0,0,0,0,15,0,0,2,0,1,0
0,0,0,1,0,0,0,0,11,0,0,2,1,1,0
0,0,0,0,0,0,0,0,10,0,0,1,1,0,0
0,0,0,2,0,0,0,0,12,0,0,2,0,1,0
0,0,0,0,0,0,0,0,13,0,0,2,1,1,0
0,0,0,3,0,0,0,0,14,0,0,2,1,1,0
0,0,0,1,0,0,0,0,13,0,0,2,0,1,0
0,0,0,2,0,0,0,1,26,0,1,2,0,1,0
0,0,0,1,0,0,1,0,20,0,0,3,0,2,0
0,0,0,0,0,0,0,0,11,0,0,2,1,1,0
0,0,0,3,0,0,0,0,11,0,0,2,1,1,0
0,0,0,1,0,0,0,0,14,0,0,2,1,1,0
0,0,0,2,0,0,0,0,17,0,0,3,0,2,0
0,0,0,2,0,0,0,0,13,0,0,2,0,1,0
0,0,0,0,0,0,0,0,22,0,0,3,0,2,0
0,0,0,1,0,0,0,0,17,0,0,2,1,1,0
0,0,0,2,0,0,0,0,13,0,0,2,1,1,0
0,0,0,2,0,0,0,0,12,0,0,2,1,1,0
0,0,0,2,0,0,0,0,19,0,0,2,1,1,0
0,0,0,2,0,0,0,1,19,0,1,2,1,1,0
0,0,0,2,0,0,0,0,14,0,0,2,0,1,0
0,0,0,1,0,0,0,0,22,0,0,2,1,1,0
0,0,0,2,0,0,0,0,21,0,0,3,1,2,0
0,0,0,1,0,0,0,0,17,0,0,2,1,1,0
0,0,0,2,0,0,0,0,18,0,0,2,1,1,0
0,0,0,1,0,0,0,0,20,0,0,2,1,1,0
0,0,0,2,0,0,0,0,18,0,0,2,1,1,0
0,0,0,1,0,0,0,0,15,0,0,2,1,1,0
0,0,0,1,0,0,0,0,12,0,0,2,1,1,0
0,0,0,2,0,0,0,0,20,0,0,2,1,1,0
0,0,0,0,0,0,0,0,17,0,0,2,1,1,0
0,0,0,1,0,0,0,0,15,0,0,2,1,1,0
0,0,0,3,0,0,0,0,16,0,0,2,1,1,0
0,0,0,1,0,0,0,0,23,0,0,2,1,1,0
0,0,0,3,0,0,0,0,9,0,0,2,0,1,0
0,0,0,2,0,0,0,0,14,1,0,2,1,1,0
0,0,0,2,0,0,0,0,14,0,0,2,1,1,0
0,0,0,0,0,0,0,0,14,0,0,2,1,1,0
0,0,0,3,0,0,0,0,11,0,0,2,1,1,0
0,0,0,2,0,0,1,0,14,0,0,2,1,1,0
0,0,0,2,0,0,0,0,9,0,0,1,1,0,0
0,0,0,2,0,0,0,0,12,0,0,2,0,1,0
0,0,0,2,0,0,0,0,9,0,0,1,0,0,0
0,0,0,3,0,0,0,0,14,0,0,2,0,1,0
0,0,0,2,0,0,0,0,14,1,0,2,1,1,0
0,0,0,2,0,0,0,0,14,0,0,2,1,1,0
0,0,0,2,0,0,0,0,10,0,0,2,0,1,0
0,0,0,1,0,0,0,0,13,3,0,2,1,1,0
0,0,0,2,0,0,0,0,11,0,0,2,1,1,0
0,0,0,3,0,0,0,0,10,0,0,1,1,0,0
0,0,0,3,0,0,0,1,19,0,1,2,0,1,0
0,0,0,2,0,0,0,0,11,0,0,2,1,1,0
0,0,0,2,0,0,0,0,14,0,0,2,0,1,0
0,0,0,0,0,0,0,0,16,0,0,2,1,1,0
0,0,0,2,0,0,0,0,18,0,0,3,0,2,0
0,0,0,0,0,0,0,0,13,0,0,2,0,1,0
0,0,0,3,0,0,0,0,13,0,0,2,0,1,0
0,0,0,2,0,0,0,0,17,0,0,2,1,1,0
0,0,0,0,0,0,0,0,19,0,0,2,1,1,0
0,0,0,3,0,0,0,0,20,0,0,2,0,1,0
0,0,0,1,0,0,0,0,22,0,0,2,1,1,0
0,0,0,2,0,0,0,0,18,0,0,2,1,1,0
0,0,0,3,0,0,0,0,16,0,0,2,0,1,0
0,0,0,3,0,0,0,0,14,0,0,2,1,1,0
0,0,0,0,0,0,0,0,17,0,0,2,0,1,0
0,0,0,0,0,0,0,0,14,0,0,2,1,1,0
0,0,0,0,0,0,0,0,19,0,0,3,0,2,0
0,0,0,1,0,0,0,0,21,0,0,2,1,1,0
0,0,0,0,0,0,0,0,17,0,0,2,1,1,0
0,0,0,1,0,0,0,0,11,0,0,1,1,0,0
0,0,0,0,0,0,0,0,11,4,0,2,1,1,0
0,0,0,1,0,0,0,0,15,0,0,2,1,1,0
0,0,0,1,0,0,0,0,16,0,0,2,1,1,0
0,0,0,0,0,0,0,0,12,0,0,2,1,1,0
0,0,0,1,0,0,0,0,16,0,0,3,0,2,0
0,0,0,1,0,0,0,0,18,0,0,2,1,1,0
0,0,0,1,0,0,0,0,16,0,0,2,1,1,0
0,0,0,2,0,0,0,0,15,0,0,2,1,1,0
0,0,0,1,0,0,0,0,11,0,0,2,0,1,0
0,0,0,0,0,0,0,0,12,0,0,2,1,1,0
0,0,0,0,0,0,0,0,10,2,0,2,1,1,0
0,0,0,2,0,0,0,0,14,0,0,2,1,1,0
0,0,0,3,0,0,0,0,12,1,0,2,1,1,0
0,0,0,0,0,0,0,0,12,0,0,2,0,1,0
0,0,0,1,0,0,0,0,14,0,0,2,1,1,0
0,0,0,1,0,0,0,0,19,0,0,2,1,1,0
0,0,0,0,0,0,0,0,18,0,0,2,1,1,0
0,0,0,0,0,0,0,0,16,1,0,2,1,1,0
0,0,0,2,0,0,0,0,20,0,0,2,1,1,0
0,0,0,2,0,0,0,0,14,0,0,2,1,1,0
0,0,0,2,0,0,0,0,15,0,0,2,1,1,0
0,0,0,0,0,0,0,0,15,0,0,2,0,1,0
0,0,0,2,0,0,0,0,18,0,0,2,1,1,0
0,0,0,3,0,0,0,0,16,1,0,2,1,1,0
0,0,0,2,0,0,0,0,22,0,0,2,1,1,0
0,0,0,3,0,0,0,0,15,1,0,2,1,1,0
0,0,0,2,0,0,1,0,11,0,0,2,1,1,0
0,0,0,2,0,0,1,0,17,0,0,2,1,1,0
0,0,0,2,0,0,0,0,12,0,0,2,0,1,0
0,0,0,3,0,0,0,0,12,0,0,2,1,1,0
0,0,0,1,0,0,0,0,14,0,0,2,1,1,0
0,0,0,1,0,0,0,0,18,0,0,2,1,1,0
0,0,0,1,0,0,0,0,15,0,0,2,1,1,0
0,0,0,1,0,0,0,0,17,0,0,2,0,1,0
0,0,0,2,0,0,0,0,16,0,0,2,1,1,0
0,0,0,3,0,0,0,0,12,4,0,2,1,1,0
0,0,0,0,0,0,0,0,17,0,0,2,0,1,0
0,0,0,2,0,0,1,0,21,0,0,2,1,1,0
0,0,0,2,0,0,0,1,23,0,1,2,1,1,0
0,0,0,2,0,0,0,0,15,0,0,3,0,2,0
0,0,0,2,0,0,0,0,17,0,0,2,1,1,0
0,0,0,2,0,0,0,0,15,0,0,2,1,1,0
0,0,0,2,0,0,0,0,14,1,0,2,1,1,0
0,0,0,2,0,0,0,0,9,0,0,1,0,0,0
0,0,0,0,0,0,0,0,13,0,0,2,1,1,0
0,0,0,3,0,0,0,0,22,0,0,2,1,1,0
0,0,0,2,0,0,0,0,15,0,0,2,1,1,0
0,0,0,2,0,0,0,0,14,0,0,2,1,1,0
0,0,0,2,0,0,0,0,15,0,0,2,1,1,0
0,0,0,0,0,0,0,0,9,0,0,1,0,0,0
0,0,0,1,0,0,0,0,18,0,0,3,0,2,0
0,0,0,1,0,0,0,0,15,0,0,2,1,1,0
0,0,0,2,0,0,0,0,22,0,0,3,1,2,0
0,0,0,2,0,0,0,0,23,0,0,2,0,1,0
0,0,0,2,0,0,0,0,18,0,0,2,1,1,0
0,0,1,3,0,0,0,0,27,0,0,2,1,1,0
0,0,0,2,0,0,0,0,16,0,0,2,0,1,0
0,0,0,2,0,0,0,0,24,0,0,3,1,2,0
0,0,0,1,0,0,0,0,19,0,0,2,1,1,0
0,0,0,1,0,0,0,0,19,0,0,2,1,1,0
0,0,0,1,0,0,0,0,11,0,0,2,0,1,0
0,0,0,0,0,0,0,0,23,0,0,2,1,1,0
0,0,0,1,0,0,0,0,14,0,0,2,1,1,0
0,0,0,1,0,0,0,0,14,0,0,3,0,2,0
0,0,0,1,0,0,0,0,14,0,0,2,1,1,0
0,0,0,2,0,0,0,0,14,0,0,2,1,1,0
0,0,0,1,0,0,0,0,16,0,0,2,1,1,0
0,0,0,1,0,0,1,0,19,0,0,3,0,2,0
0,0,0,1,0,0,0,0,18,0,0,3,0,2,0
0,0,0,1,0,0,0,0,16,0,0,2,0,1,0
0,0,0,0,0,0,0,0,11,0,0,2,0,1,0
0,0,0,1,0,0,0,0,14,2,0,2,1,1,0
0,0,0,0,0,0,0,0,12,0,0,2,1,1,0
0,0,0,2,0,0,0,0,9,0,0,1,0,0,0
0,0,0,1,0,0,0,0,22,0,0,3,1,2,0
0,0,0,0,0,0,0,0,16,0,0,2,1,1,0
0,0,0,2,0,0,1,0,11,0,0,2,0,1,0
0,0,0,2,0,0,1,0,23,0,0,2,1,1,0
0,0,0,2,0,0,1,0,11,0,0,2,1,1,0
0,0,0,1,0,0,0,0,18,0,0,2,1,1,0
0,0,0,1,0,0,0,0,17,0,0,1,1,0,0
0,0,0,0,0,0,0,0,15,0,0,2,1,1,0
0,0,0,3,0,0,0,0,17,0,0,2,0,1,0
0,0,0,0,0,0,0,0,17,0,0,3,0,2,0
0,0,0,0,0,0,0,0,18,0,0,3,1,2,0
0,0,0,1,0,0,0,0,15,0,0,2,0,1,0
0,0,0,1,0,0,0,0,14,0,0,3,0,2,0
0,0,0,1,0,0,1,0,20,0,0,2,1,1,0
0,0,0,2,0,0,0,0,13,0,0,2,1,1,0
0,0,0,2,0,0,0,0,14,0,0,2,1,1,0
0,0,0,2,0,0,0,0,13,0,0,2,1,1,0
0,0,0,2,0,0,0,0,10,0,0,2,1,1,0
0,0,0,2,0,0,0,0,17,0,0,2,1,1,0
0,0,0,1,0,0,0,0,17,0,0,2,1,1,0
0,0,0,3,0,0,0,0,14,0,0,2,1,1,0
0,0,0,2,0,0,0,0,16,0,0,3,0,2,0
0,0,0,0,0,0,0,0,17,0,0,2,1,1,0
0,0,0,0,0,0,0,0,17,0,0,3,0,2,0
0,0,0,1,0,0,0,0,9,0,0,2,0,1,0
0,0,0,0,0,0,0,0,15,0,0,2,1,1,0
0,0,0,1,0,0,0,0,14,0,0,2,1,1,0
0,0,0,2,0,0,0,0,25,0,0,2,1,1,0
0,0,0,1,0,0,0,0,10,0,0,2,0,1,0
0,0,0,3,0,0,0,0,9,0,0,1,0,0,0
0,0,0,2,0,0,0,0,17,4,0,2,1,1,0
0,0,0,1,0,0,0,0,17,0,0,2,1,1,0
0,0,0,1,0,0,0,0,13,0,0,1,1,0,0
0,0,0,1,0,0,0,0,14,0,0,2,0,1,0
0,0,0,0,0,0,1,0,20,0,0,2,1,1,0
0,0,0,1,0,0,0,0,9,0,0,2,1,1,0
0,0,0,1,0,0,0,0,14,0,0,2,1,1,0
0,0,0,0,0,0,0,0,19,0,0,2,1,1,0
0,0,0,1,0,0,1,0,20,0,0,3,0,2,0
0,0,0,1,0,0,0,0,12,0,0,2,1,1,0
0,0,0,0,0,0,0,0,13,0,0,2,1,1,0
0,0,0,1,0,0,0,0,10,0,0,1,0,0,0
0,0,0,2,0,0,0,1,20,0,1,2,1,1,0
0,0,0,1,0,0,0,0,13,0,0,2,1,1,0
0,0,0,0,0,0,0,0,19,0,0,3,0,2,0
0,0,0,1,0,0,0,0,14,0,0,2,0,1,0
0,0,0,1,0,0,0,0,17,0,0,2,1,1,0
0,0,0,2,0,0,0,0,14,0,0,2,1,1,0
0,0,0,2,0,0,0,0,16,0,0,2,0,1,0
0,0,0,2,0,0,1,0,19,0,0,3,0,2,0
0,0,0,3,0,0,0,0,9,0,0,1,0,0,0
0,0,0,2,0,0,0,0,23,0,0,3,0,2,0
0,0,0,0,0,0,0,0,16,1,0,2,1,1,0
0,0,0,1,0,0,0,0,14,0,0,2,1,1,0
0,0,0,2,0,0,0,0,14,1,0,2,1,1,0
0,0,0,1,0,0,0,0,8,2,0,1,1,0,0
0,0,0,0,0,0,0,0,22,0,0,2,1,1,0
0,0,0,2,0,0,1,0,19,0,0,2,1,1,0
0,0,0,2,0,0,0,0,14,0,0,2,1,1,0
0,0,0,1,0,0,0,0,14,0,0,2,1,1,0
0,0,0,3,0,0,0,0,13,0,0,2,1,1,0
0,0,0,0,0,0,0,0,17,0,0,2,0,1,0
0,0,0,2,0,0,0,0,19,0,0,2,1,1,0
0,0,0,2,0,0,0,0,17,0,0,2,1,1,0
0,0,0,0,0,0,0,0,22,0,0,2,1,1,0
0,0,0,2,0,0,0,0,20,0,0,2,1,1,0
0,0,0,2,0,0,0,0,13,0,0,2,1,1,0
0,0,0,3,0,0,0,0,19,0,0,2,1,1,0
0,0,0,0,0,0,0,0,15,0,0,2,1,1,0
0,0,0,0,0,0,0,0,16,0,0,2,1,1,0
0,0,0,1,0,0,0,0,21,0,0,2,1,1,0
0,0,0,0,0,0,0,0,19,0,0,2,1,1,0
0,0,0,2,0,0,0,0,17,4,0,2,1,1,0
0,0,0,2,0,0,1,0,17,0,0,2,0,1,0
0,0,0,3,0,0,0,0,13,0,0,2,0,1,0
0,0,0,1,0,0,0,0,5,0,0,1,0,0,0
0,0,0,2,0,0,0,0,16,0,0,3,0,2,0
0,0,0,2,0,0,0,0,14,0,0,2,1,1,0
0,0,0,0,0,0,0,0,14,0,0,2,0,1,0
0,0,0,1,0,0,0,0,10,0,0,2,0,1,0
0,0,0,1,0,0,0,0,16,0,0,2,1,1,0
0,0,0,2,0,0,0,0,11,0,0,2,0,1,0
0,0,0,0,0,0,0,0,13,0,0,2,1,1,0
0,0,0,2,0,0,0,0,10,0,0,1,0,0,0
0,0,0,1,0,0,0,0,19,0,0,2,1,1,0
0,0,0,2,0,0,0,0,16,0,0,2,0,1,0
0,0,0,2,0,0,0,0,10,0,0,1,1,0,0
0,0,0,0,0,0,0,0,13,0,0,2,1,1,0
0,0,0,0,0,0,1,0,13,0,0,2,1,1,0
0,0,0,0,0,0,0,0,16,0,0,2,1,1,0
0,0,0,2,0,0,0,0,12,0,0,2,1,1,0
0,0,0,2,0,0,1,0,18,0,0,3,0,2,0
0,0,0,3,0,0,0,0,19,0,0,2,1,1,0
0,0,0,2,0,0,0,0,15,0,0,2,0,1,0
0,0,0,2,0,0,0,0,10,0,0,2,0,1,0
0,0,0,1,0,0,0,0,13,0,0,2,1,1,0
0,0,0,1,0,0,0,0,11,0,0,2,1,1,0
0,0,0,2,0,0,0,0,16,0,0,2,1,1,0
0,0,0,0,0,0,0,1,22,0,1,2,1,1,0
0,0,0,3,0,0,0,0,13,0,0,2,1,1,0
0,0,0,2,0,0,0,0,17,0,0,2,0,1,0
0,0,0,0,0,0,1,0,18,0,0,2,1,1,0
0,0,0,1,0,0,0,0,17,0,0,2,1,1,0
0,0,0,2,0,0,0,0,15,0,0,2,1,1,0
0,0,0,1,0,0,1,0,15,0,0,2,1,1,0
0,0,0,2,0,0,0,0,21,0,0,2,1,1,0
0,0,0,2,0,0,0,0,13,0,0,2,1,1,0
0,0,0,2,0,0,0,0,19,0,0,2,1,1,0
0,0,0,3,0,0,0,0,12,0,0,2,0,1,0
0,0,0,2,0,0,1,0,17,0,0,2,1,1,0
0,0,0,1,0,0,0,0,13,0,0,2,1,1,0
0,0,0,3,0,0,0,0,18,0,0,2,1,1,0
0,0,0,3,0,0,0,0,13,0,0,2,1,1,0
0,0,0,2,0,0,0,0,14,0,0,1,0,0,0
0,0,0,3,0,0,0,0,18,0,0,2,1,1,0
0,0,0,1,0,0,0,0,15,0,0,2,1,1,0
0,0,0,0,0,0,0,0,20,0,0,3,0,2,0
0,0,0,2,0,0,0,0,13,0,0,2,0,1,0
0,0,0,2,0,0,0,0,16,0,0,2,1,1,0
0,0,0,2,0,0,1,0,14,0,0,2,1,1,0
0,0,0,2,0,0,0,0,18,0,0,2,1,1,0
0,0,0,0,0,0,0,0,18,0,0,2,1,1,0
0,0,0,3,0,0,0,0,14,0,0,2,1,1,0
0,0,0,0,0,0,0,0,19,0,0,2,1,1,0
0,0,0,1,0,0,0,0,15,0,0,2,1,1,0
0,0,0,2,0,0,0,0,22,4,0,3,1,2,0
0,0,0,0,0,0,0,0,17,0,0,2,1,1,0
0,0,0,2,0,0,0,0,14,0,0,2,0,1,0
0,0,0,2,0,0,0,0,13,0,0,2,1,1,0
0,0,0,2,0,0,0,0,10,0,0,2,0,1,0
0,0,0,2,0,0,0,0,12,0,0,1,1,0,0
0,0,0,1,0,0,0,0,19,0,0,2,1,1,0
0,0,0,1,0,0,0,0,17,0,0,3,0,2,0
0,0,0,3,0,0,0,1,19,1,1,2,1,1,0
0,0,0,0,0,0,0,0,19,0,0,2,1,1,0
0,0,0,1,0,0,0,0,15,0,0,2,1,1,0
0,0,0,0,0,0,0,0,13,0,0,2,1,1,0
0,0,0,2,0,0,0,0,8,0,0,1,1,0,0
0,0,0,1,0,0,0,0,11,0,0,1,0,0,0
0,0,0,2,0,0,1,0,18,2,0,3,0,2,0
0,0,0,1,0,0,0,0,15,0,0,2,1,1,0
0,0,0,2,0,0,0,0,16,0,0,3,0,2,0
0,0,0,2,0,0,0,0,24,0,0,3,0,2,0
0,0,0,1,0,0,0,0,14,0,0,2,1,1,0
0,0,0,0,0,0,0,0,16,0,0,3,0,2,0
0,0,0,3,0,0,0,0,13,0,0,2,0,1,0
0,0,0,1,0,0,0,0,12,0,0,2,0,1,0
0,0,0,2,0,0,0,0,17,0,0,3,0,2,0
0,0,0,1,0,0,0,0,14,0,0,2,1,1,0
0,0,0,1,0,0,0,0,19,0,0,2,1,1,0
0,0,0,1,0,0,0,0,16,0,0,2,1,1,0
0,0,0,2,0,0,0,0,11,0,0,1,1,0,0
0,0,0,2,0,0,0,0,24,0,0,3,0,2,0
0,0,0,0,0,0,0,0,23,0,0,2,1,1,0
0,0,0,2,0,0,0,0,12,0,0,2,1,1,0
0,0,0,1,0,0,0,0,21,0,0,2,1,1,0
0,0,0,1,0,0,0,0,14,0,0,2,1,1,0
0,0,0,1,0,0,0,0,14,0,0,2,1,1,0
0,0,0,3,0,0,0,0,10,1,0,2,1,1,0
0,0,0,0,0,0,0,0,14,0,0,2,1,1,0
0,0,0,3,0,0,0,0,13,0,0,2,1,1,0
0,0,0,2,0,0,0,0,15,0,0,2,0,1,0
0,0,0,1,0,0,0,0,13,0,0,2,0,1,0
0,0,0,0,0,0,0,0,14,0,0,2,1,1,0
0,0,0,1,0,0,0,0,16,0,0,2,1,1,0
0,0,0,2,0,0,0,0,16,0,0,1,1,0,0
0,0,0,2,0,0,1,0,7,0,0,1,1,0,0
0,0,0,1,0,0,0,0,16,0,0,2,1,1,0
0,0,0,2,0,0,0,0,12,0,0,2,0,1,0
0,0,0,1,0,0,1,0,22,0,0,2,1,1,0
0,0,0,2,0,0,0,0,11,2,0,2,1,1,0
0,0,0,1,0,0,0,0,18,0,0,2,1,1,0
0,0,0,0,0,0,0,0,14,0,0,2,1,1,0
0,0,0,2,0,0,0,0,18,0,0,2,1,1,0
0,0,0,2,0,0,0,0,10,0,0,1,1,0,0
0,0,0,1,0,0,0,0,17,0,0,2,0,1,0
0,0,0,1,0,0,0,0,14,0,0,2,1,1,0
0,0,0,3,0,0,0,0,18,1,0,2,1,1,0
0,0,0,1,0,0,0,0,10,0,0,2,0,1,0
0,0,0,2,0,0,0,0,13,0,0,2,1,1,0
0,0,0,2,0,0,0,0,19,0,0,2,1,1,0
0,0,0,1,0,0,0,0,13,0,0,2,1,1,0
0,0,0,1,0,0,0,0,13,0,0,2,1,1,0
0,0,0,1,0,0,0,0,16,0,0,2,1,1,0
0,0,0,0,0,0,0,0,20,0,0,2,1,1,0
0,0,0,0,0,0,0,0,12,0,0,2,0,1,0
0,0,0,1,0,0,0,0,14,0,0,2,0,1,0
0,0,0,2,0,0,0,0,16,0,0,2,1,1,0
0,0,0,0,0,0,0,0,18,0,0,2,1,1,0
0,0,0,0,0,0,0,0,15,0,0,2,1,1,0
0,0,0,2,0,0,0,0,17,0,0,2,1,1,0
0,0,0,2,0,0,0,0,19,0,0,2,1,1,0
0,0,0,1,0,0,0,0,16,0,0,2,0,1,0
0,0,0,3,0,0,0,0,19,0,0,2,0,1,0
0,0,0,0,0,0,0,0,20,0,0,2,1,1,0
0,0,0,2,0,0,0,0,15,0,0,2,1,1,0
0,0,0,2,0,0,0,0,10,0,0,1,1,0,0
0,0,0,2,0,0,0,0,20,0,0,2,1,1,0
0,0,0,1,0,0,0,0,22,0,0,2,1,1,0
0,0,0,2,0,0,0,0,17,0,0,3,0,2,0
0,0,0,3,0,0,0,0,16,0,0,2,1,1,0
0,0,0,1,0,0,0,0,18,0,0,2,1,1,0
0,0,0,0,0,0,0,0,6,0,0,1,1,0,0
0,0,0,2,0,0,0,0,18,0,0,2,1,1,0
0,0,0,0,0,0,1,0,12,0,0,2,1,1,0
0,0,0,2,0,0,1,0,19,0,0,2,1,1,0
0,0,0,3,0,0,0,0,20,0,0,2,1,1,0
0,0,0,2,0,0,0,0,14,0,0,2,1,1,0
0,0,0,3,0,0,0,0,20,0,0,2,1,1,0
0,0,0,1,0,0,0,1,16,0,1,3,0,2,0
0,0,0,0,0,0,0,0,19,0,0,2,1,1,0
0,0,0,2,0,0,0,0,19,0,0,2,1,1,0
0,0,0,1,0,0,0,0,20,0,0,2,1,1,0
0,0,0,2,0,0,0,0,9,0,0,1,1,0,0
0,0,0,2,0,0,0,0,15,0,0,2,1,1,0
0,0,0,1,0,0,0,0,18,0,0,2,1,1,0
0,0,0,0,0,0,0,0,15,0,0,2,1,1,0
0,0,0,2,0,0,0,0,17,3,0,2,1,1,0
0,0,0,0,0,0,0,0,20,0,0,2,0,1,0
0,0,0,1,0,0,0,0,16,0,0,2,1,1,0
0,0,0,0,0,0,0,0,14,0,0,2,1,1,0
0,0,0,0,0,0,0,0,24,0,0,2,1,1,0
0,0,0,2,0,0,0,0,14,0,0,2,1,1,0
0,0,0,0,0,0,0,0,9,0,0,1,1,0,0
0,0,0,1,0,0,0,0,26,0,0,2,1,1,0
0,0,0,2,0,0,1,0,18,0,0,2,1,1,0
0,0,0,0,0,0,0,0,17,0,0,2,1,1,0
0,0,0,1,0,0,0,0,18,0,0,3,0,2,0
0,0,0,1,0,0,0,0,16,0,0,2,0,1,0
0,0,0,2,0,0,0,0,10,3,0,2,0,1,0
0,0,0,2,0,0,1,0,17,0,0,3,0,2,0
0,0,0,1,0,0,0,0,16,0,0,1,1,0,0
0,0,0,1,0,0,0,0,11,2,0,2,1,1,0
0,0,0,1,0,0,0,0,20,0,0,2,1,1,0
0,0,0,0,0,0,0,0,14,0,0,2,1,1,0
0,0,0,1,0,0,0,0,10,0,0,1,1,0,0
0,0,0,2,0,0,0,0,13,0,0,1,1,0,0
0,0,0,2,0,0,0,0,15,0,0,3,0,2,0
0,0,0,0,0,0,0,0,17,0,0,2,1,1,0
0,0,0,1,0,0,0,0,13,0,0,2,1,1,0
0,0,0,1,0,0,1,0,13,0,0,1,1,0,0
0,0,0,2,0,0,0,0,15,0,0,2,0,1,0
0,0,0,0,0,0,1,0,12,0,0,2,1,1,0
0,0,0,2,0,0,0,0,19,0,0,2,1,1,0
0,0,0,2,0,0,0,0,17,0,0,2,0,1,0
0,0,0,0,0,0,0,0,15,0,0,2,1,1,0
0,0,0,2,0,0,0,0,13,0,0,2,1,1,0
0,0,0,2,0,0,1,0,9,0,0,2,0,1,0
0,0,0,2,0,0,0,0,14,3,0,1,1,0,0
0,0,0,2,0,0,0,0,14,0,0,2,1,1,0
0,0,0,0,0,0,0,0,14,0,0,2,1,1,0
0,0,0,3,0,0,0,0,14,0,0,2,1,1,0
0,0,0,0,0,0,0,0,21,0,0,2,1,1,0
0,0,0,2,0,0,0,0,12,0,0,2,1,1,0
0,0,0,0,0,0,1,0,23,0,0,2,1,1,0
0,0,0,2,0,0,0,0,22,0,0,2,1,1,0
0,0,0,0,0,0,0,0,13,0,0,2,1,1,0
0,0,0,1,0,0,0,0,11,0,0,2,1,1,0
0,0,0,2,0,0,0,0,15,0,0,2,1,1,0
0,0,0,2,0,0,0,0,20,0,0,3,0,2,0
0,0,0,2,0,0,0,0,18,0,0,2,1,1,0
0,0,0,1,0,0,0,0,12,0,0,2,0,1,0
0,0,0,2,0,0,0,0,17,0,0,2,1,1,0
0,0,0,3,0,0,0,0,12,0,0,2,1,1,0
0,0,0,0,0,0,0,0,21,0,0,2,0,1,0
0,0,0,1,0,0,0,0,20,0,0,2,1,1,0
0,0,0,2,0,0,0,0,17,0,0,2,1,1,0
0,0,0,3,0,0,0,0,15,0,0,2,1,1,0
0,0,0,2,0,0,0,0,21,0,0,2,1,1,0
0,0,0,3,0,0,0,0,11,0,0,2,1,1,0
0,0,0,2,0,0,0,0,17,0,0,2,1,1,0
0,0,0,2,0,0,0,0,14,0,0,2,1,1,0
0,0,0,2,0,0,1,0,18,0,0,2,1,1,0
0,0,0,2,0,0,0,0,14,0,0,2,1,1,0
0,0,0,0,0,0,0,0,13,0,0,2,1,1,0
0,0,0,0,0,0,0,0,18,0,0,2,1,1,0
0,0,0,0,0,0,0,0,18,0,0,2,1,1,0
0,0,0,1,0,0,1,0,18,0,0,2,1,1,0
0,0,0,0,0,0,0,0,14,0,0,2,1,1,0
0,0,0,2,0,0,0,0,13,0,0,2,1,1,0
0,0,0,2,0,0,0,0,15,2,0,2,1,1,0
0,0,0,3,0,0,0,0,19,0,0,2,1,1,0
0,0,0,3,0,0,0,0,19,0,0,2,1,1,0
0,0,0,1,0,0,0,0,12,0,0,2,0,1,0
0,0,0,1,0,0,0,0,19,0,0,2,1,1,0
0,0,0,0,0,0,0,0,17,0,0,2,1,1,0
0,0,0,2,0,0,0,0,18,0,0,2,1,1,0
0,0,0,1,0,0,0,0,15,0,0,2,1,1,0
0,0,0,1,0,0,0,0,14,0,0,2,1,1,0
0,0,0,2,0,0,0,0,10,0,0,2,0,1,0
0,0,0,2,0,0,0,0,12,0,0,2,1,1,0
0,0,0,1,0,0,0,0,21,0,0,2,1,1,0
0,0,0,1,0,0,0,0,16,0,0,2,1,1,0
0,0,0,2,0,0,0,0,21,0,0,2,1,1,0
0,0,0,2,0,0,0,0,12,0,0,2,0,1,0
0,0,0,0,0,0,0,0,18,0,0,2,1,1,0
0,0,0,1,0,0,0,0,11,0,0,2,1,1,0
0,0,0,1,0,0,0,0,8,0,0,1,1,0,0
0,0,0,1,0,0,0,0,14,0,0,2,1,1,0
0,0,0,2,0,0,0,0,17,0,0,2,0,1,0
0,0,0,1,0,0,0,1,13,0,1,1,1,0,0
0,0,0,2,0,0,0,0,16,0,0,2,1,1,0
0,0,0,0,0,0,0,0,16,0,0,2,1,1,0
0,0,0,0,0,0,0,0,12,0,0,2,1,1,0
0,0,0,2,0,0,0,0,21,1,0,2,1,1,0
0,0,0,3,0,0,0,0,17,0,0,2,1,1,0
0,0,0,2,0,0,0,0,13,0,0,2,1,1,0
0,0,0,1,0,0,0,0,15,0,0,2,0,1,0
0,0,0,1,0,0,0,0,21,0,0,2,1,1,0
0,0,0,2,0,0,0,0,19,0,0,2,1,1,0
0,0,0,0,0,0,0,0,17,0,0,2,1,1,0
0,0,0,1,0,0,0,0,10,0,0,1,1,0,0
0,0,0,2,0,0,0,0,30,0,0,2,1,1,0
0,0,0,0,0,0,0,0,17,0,0,2,0,1,0
0,0,0,2,0,0,0,0,18,0,0,3,1,2,0
0,0,0,2,0,0,0,0,15,0,0,2,1,1,0
0,0,0,2,0,0,0,0,15,0,0,2,1,1,0
0,0,0,1,0,0,1,0,17,0,0,2,1,1,0
0,0,0,2,0,0,0,0,12,0,0,2,1,1,0
0,0,0,2,0,0,0,0,16,0,0,2,1,1,0
0,0,0,0,0,0,0,0,14,0,0,2,0,1,0
0,0,0,2,0,0,1,0,14,0,0,2,1,1,0
0,0,0,2,0,0,0,0,15,3,0,2,1,1,0
0,0,0,0,0,0,0,0,24,0,0,3,0,2,0
0,0,0,3,0,0,1,0,20,0,0,2,1,1,0
0,0,0,0,0,0,0,0,19,0,0,3,0,2,0
0,0,0,1,0,0,0,0,11,0,0,1,1,0,0
0,0,0,1,0,0,0,0,21,0,0,2,1,1,0
0,0,0,1,0,0,0,0,14,0,0,2,1,1,0
0,0,0,2,0,0,0,0,16,0,0,2,0,1,0
0,0,0,0,0,0,0,0,14,0,0,2,1,1,0
0,0,0,3,0,0,0,0,21,0,0,2,1,1,0
0,0,0,1,0,0,0,0,16,0,0,2,1,1,0
0,0,0,2,0,0,0,0,19,0,0,2,1,1,0
0,0,0,2,0,0,0,0,16,0,0,2,1,1,0
0,0,0,2,0,0,0,0,20,0,0,2,1,1,0
0,0,0,3,0,0,0,0,16,0,0,2,1,1,0
0,0,0,3,0,0,0,0,9,0,0,1,1,0,0
0,0,0,2,0,0,0,0,10,0,0,1,1,0,0
0,0,0,2,0,0,0,0,14,0,0,2,1,1,0
0,0,0,3,0,0,0,0,17,0,0,3,0,2,0
0,0,0,3,0,0,0,0,24,0,0,2,1,1,0
0,0,0,1,0,0,0,0,11,0,0,2,0,1,0
0,0,0,3,0,0,1,0,15,0,0,2,1,1,0
0,0,0,2,0,0,0,0,13,0,0,1,1,0,0
0,0,0,2,0,0,0,0,17,0,0,2,1,1,0
0,0,0,2,0,0,0,0,14,0,0,2,0,1,0
0,0,0,3,0,0,0,0,10,2,0,2,1,1,0
0,0,0,1,0,0,0,0,18,0,0,3,0,2,0
0,0,0,2,0,0,0,0,24,0,0,2,1,1,0
0,0,0,2,0,0,0,0,18,0,0,2,1,1,0
0,0,0,3,0,0,0,0,23,0,0,2,1,1,0
0,0,0,2,0,0,0,0,13,1,0,2,1,1,0
0,0,0,2,0,0,0,0,19,0,0,2,1,1,0
0,0,0,0,0,0,0,0,12,0,0,2,1,1,0
0,0,0,0,0,0,0,0,23,0,0,2,1,1,0
0,0,0,2,0,0,0,0,18,0,0,3,0,2,0
0,0,0,2,0,0,0,0,16,0,0,2,1,1,0
0,0,0,1,0,0,0,1,25,0,1,2,1,1,0
0,0,0,0,0,0,0,0,13,0,0,2,1,1,0
0,0,0,1,0,0,0,0,15,0,0,2,1,1,0
0,0,0,1,0,0,0,0,13,0,0,2,0,1,0
0,0,0,1,0,0,0,0,18,0,0,2,1,1,0
0,0,0,1,0,0,0,0,12,0,0,2,1,1,0
0,0,0,2,0,0,0,0,21,0,0,2,0,1,0
0,0,0,2,0,0,0,0,11,0,0,2,1,1,0
0,0,0,2,0,0,0,0,15,0,0,3,0,2,0
0,0,0,2,0,0,0,0,17,0,0,2,1,1,0
0,0,0,1,0,0,0,0,15,0,0,2,1,1,0
0,0,0,0,0,0,0,0,11,0,0,2,1,1,0
0,0,0,2,0,0,0,0,19,0,0,2,1,1,0
0,0,0,1,0,0,0,0,14,0,0,2,0,1,0
0,0,0,0,0,0,0,0,15,0,0,2,1,1,0
0,0,0,2,0,0,0,0,17,0,0,2,0,1,0
0,0,0,1,0,0,0,0,15,0,0,2,1,1,0
0,0,0,2,0,0,0,0,16,0,0,2,0,1,0
0,0,0,0,0,0,0,0,11,1,0,1,1,0,0
0,0,0,1,0,0,0,0,21,0,0,2,1,1,0
0,0,0,0,0,0,0,0,14,0,0,3,0,2,0
0,0,0,2,0,0,0,0,19,0,0,2,1,1,0
0,0,0,3,0,0,0,0,11,0,0,2,1,1,0
0,0,0,2,0,0,0,0,14,0,0,2,0,1,0
0,0,0,0,0,0,0,0,14,1,0,2,1,1,0
0,0,0,2,0,0,0,0,17,0,0,2,1,1,0
0,0,0,2,0,0,0,0,14,0,0,2,1,1,0
0,0,0,2,0,0,0,0,11,0,0,2,0,1,0
0,0,0,1,0,0,0,0,12,0,0,2,1,1,0
0,0,0,2,0,0,0,0,6,0,0,1,0,0,0
0,0,0,2,0,0,0,0,14,3,0,2,1,1,0
0,0,0,2,0,0,0,0,11,0,0,2,1,1,0
0,0,0,0,0,0,0,0,15,0,0,2,1,1,0
0,0,0,2,0,0,0,0,15,0,0,3,0,2,0
0,0,0,2,0,0,0,0,14,0,0,3,0,2,0
0,0,0,2,0,0,0,0,16,0,0,2,1,1,0
0,0,0,2,0,0,0,0,12,0,0,2,1,1,0
0,0,0,1,0,0,0,1,20,0,1,2,1,1,0
0,0,0,3,0,0,0,0,16,0,0,2,1,1,0
0,0,0,2,0,0,0,0,21,0,0,2,1,1,0
0,0,0,2,0,0,0,0,16,0,0,1,1,0,0
0,0,0,2,0,0,0,0,13,3,0,2,1,1,0
0,0,0,2,0,0,0,0,18,0,0,2,1,1,0
0,0,0,1,0,0,0,0,13,0,0,2,1,1,0
0,0,0,2,0,0,0,0,19,0,0,2,1,1,0
0,0,0,2,0,0,0,0,19,0,0,2,1,1,0
0,0,0,2,0,0,0,0,11,0,0,2,1,1,0
0,0,0,2,0,0,0,0,12,0,0,2,0,1,0
0,0,0,3,0,0,0,0,17,0,0,2,1,1,0
0,0,0,2,0,0,0,0,10,0,0,2,1,1,0
0,0,0,1,0,0,0,0,17,0,0,3,0,2,0
0,0,0,3,0,0,0,0,15,0,0,2,1,1,0
0,0,0,1,0,0,0,0,25,0,0,2,1,1,0
0,0,0,0,0,0,0,0,19,0,0,2,1,1,0
0,0,0,2,0,0,0,0,22,0,0,2,1,1,0
0,0,0,0,0,0,0,0,26,0,0,2,1,1,0
0,0,0,1,0,0,0,0,17,0,0,2,0,1,0
0,0,0,1,0,0,0,0,15,0,0,2,0,1,0
0,0,0,2,0,0,0,0,17,0,0,2,1,1,0
0,0,0,1,0,0,0,0,12,0,0,2,0,1,0
0,0,0,1,0,0,0,0,19,0,0,2,1,1,0
0,0,0,1,0,0,0,0,11,0,0,2,1,1,0
0,0,0,2,0,0,0,0,16,0,0,2,0,1,0
0,0,0,2,0,0,0,0,15,0,0,2,0,1,0
0,0,0,2,0,0,0,0,15,0,0,2,0,1,0
0,0,0,1,0,0,1,0,13,0,0,2,1,1,0
0,0,0,3,0,0,0,0,16,0,0,2,1,1,0
0,0,0,1,0,0,0,0,20,0,0,2,1,1,0
0,0,0,2,0,0,0,0,15,0,0,2,1,1,0
0,0,0,2,0,0,1,1,27,0,1,2,1,1,0
0,0,0,3,0,0,0,0,11,0,0,1,1,0,0
0,0,0,1,0,0,0,0,20,0,0,3,0,2,0
0,0,0,2,0,0,0,0,17,0,0,2,1,1,0
0,0,0,2,0,0,0,0,18,0,0,2,1,1,0
0,0,0,2,0,0,0,0,18,0,0,2,1,1,0
0,0,0,1,0,0,0,0,21,0,0,2,1,1,0
0,0,0,1,0,0,0,0,12,0,0,2,1,1,0
0,0,0,2,0,0,0,0,13,0,0,2,0,1,0
0,0,0,2,0,0,0,0,14,0,0,2,1,1,0
0,0,0,3,0,0,0,0,16,0,0,2,1,1,0
0,0,0,2,0,0,0,0,14,0,0,2,1,1,0
0,0,0,1,0,0,0,0,13,0,0,2,0,1,0
0,0,0,2,0,0,0,0,17,3,0,2,1,1,0
0,0,0,1,0,0,0,0,16,0,0,2,1,1,0
0,0,0,2,0,0,0,0,8,0,0,1,1,0,0
0,0,0,2,0,0,0,0,18,0,0,2,0,1,0
0,0,0,2,0,0,1,0,13,0,0,2,1,1,0
0,0,0,1,0,0,0,0,16,2,0,2,1,1,0
0,0,0,1,0,0,1,0,14,0,0,3,0,2,0
0,0,0,2,0,0,0,0,14,0,0,2,1,1,0
0,0,0,1,0,0,0,0,14,0,0,2,1,1,0
0,0,0,0,0,0,0,0,19,3,0,2,1,1,0
0,0,0,2,0,0,0,0,14,0,0,2,0,1,0
0,0,0,0,0,0,0,0,15,0,0,2,0,1,0
0,0,0,0,0,0,0,0,18,0,0,2,1,1,0
0,0,0,2,0,0,0,0,18,0,0,2,1,1,0
0,0,0,1,0,0,0,0,20,0,0,3,0,2,0
0,0,0,0,0,0,0,0,17,0,0,2,0,1,0
0,0,0,1,0,0,1,0,21,0,0,2,1,1,0
0,0,0,2,0,0,0,0,10,0,0,1,1,0,0
0,0,0,2,0,0,0,0,17,0,0,2,1,1,0
0,0,0,1,0,0,0,0,18,0,0,3,0,2,0
0,0,0,1,0,0,0,0,14,0,0,1,1,0,0
0,0,0,1,0,0,0,0,14,0,0,2,0,1,0
0,0,0,2,0,0,0,0,17,0,0,2,1,1,0
0,0,0,0,0,0,0,1,16,0,1,2,1,1,0
0,0,0,0,0,0,0,0,15,0,0,3,0,2,0
0,0,0,1,0,0,1,0,20,0,0,3,0,2,0
0,0,0,2,0,0,0,0,11,0,0,2,0,1,0
0,0,0,2,0,0,0,0,14,0,0,2,1,1,0
0,0,0,0,0,0,0,0,18,0,0,2,1,1,0
0,0,0,1,0,0,0,0,18,0,0,2,1,1,0
0,0,0,0,0,0,0,0,15,0,0,3,0,2,0
0,0,0,1,0,0,0,0,10,0,0,1,0,0,0
0,0,0,2,0,0,0,0,21,0,0,2,1,1,0
0,0,0,0,0,0,0,0,23,0,0,2,1,1,0
0,0,0,2,0,0,0,0,11,1,0,2,1,1,0
0,0,0,2,0,0,0,0,11,0,0,2,0,1,0
0,0,0,2,0,0,0,0,10,0,0,1,1,0,0
0,0,0,1,0,0,0,0,14,3,0,2,1,1,0
0,0,0,1,0,0,0,0,16,0,0,2,1,1,0
0,0,0,0,0,0,0,0,14,0,0,2,1,1,0
0,0,0,2,0,0,0,0,12,0,0,2,1,1,0
0,0,0,2,0,0,0,0,20,0,0,3,0,2,0
0,0,0,1,0,0,0,0,22,0,0,2,1,1,0
0,0,0,2,0,0,0,0,11,0,0,2,1,1,0
0,0,0,0,0,0,0,0,21,0,0,2,1,1,0
0,0,0,2,0,0,1,0,22,0,0,2,1,1,0
0,0,0,2,0,0,0,0,13,0,0,2,1,1,0
0,0,0,0,0,0,0,0,16,0,0,2,1,1,0
0,0,0,2,0,0,0,0,16,0,0,2,1,1,0
0,0,0,3,0,0,1,0,13,0,0,1,1,0,0
0,0,0,1,0,0,0,0,15,0,0,2,0,1,0
0,0,0,2,0,0,0,0,7,0,0,1,1,0,0
0,0,0,2,0,0,0,0,16,0,0,2,1,1,0
0,0,0,0,0,0,0,0,13,0,0,2,1,1,0
0,0,0,2,0,0,0,0,10,0,0,2,1,1,0
0,0,0,0,0,0,0,0,17,0,0,2,1,1,0
0,0,0,2,0,0,1,0,19,0,0,2,1,1,0
0,0,0,1,0,0,0,0,21,0,0,2,1,1,0
0,0,0,2,0,0,0,0,21,0,0,2,1,1,0
0,0,0,1,0,0,0,0,13,0,0,2,0,1,0
0,0,0,2,0,0,1,0,15,0,0,2,1,1,0
0,0,0,1,0,0,0,0,8,0,0,1,1,0,0
0,0,0,0,0,0,0,0,12,0,0,2,1,1,0
0,0,0,0,0,0,0,0,12,1,0,2,1,1,0
0,0,0,1,0,0,1,0,22,0,0,2,1,1,0
0,0,0,3,0,0,0,0,19,0,0,2,1,1,0
0,0,0,2,0,0,0,0,17,0,0,2,1,1,0
0,0,0,0,0,0,0,0,19,0,0,2,1,1,0
0,0,0,1,0,0,0,0,17,0,0,2,1,1,0
0,0,0,0,0,0,0,0,19,0,0,2,1,1,0
0,0,0,1,0,0,0,0,17,3,0,2,1,1,0
0,0,0,2,0,0,0,0,13,0,0,2,1,1,0
0,0,0,3,0,0,0,0,17,0,0,2,0,1,0
0,0,0,3,0,0,0,0,18,0,0,2,1,1,0
0,0,0,1,0,0,0,0,17,0,0,2,1,1,0
0,0,0,2,0,0,0,0,12,0,0,2,0,1,0
0,0,0,2,0,0,0,0,17,0,0,2,0,1,0
0,0,0,0,0,0,0,0,15,0,0,2,1,1,0
0,0,0,0,0,0,0,0,14,0,0,2,0,1,0
0,0,0,2,0,0,0,0,17,0,0,2,1,1,0
0,0,0,2,0,0,0,0,13,0,0,2,0,1,0
0,0,0,2,0,0,1,0,23,0,0,2,1,1,0
0,0,0,0,0,0,0,0,16,0,0,2,0,1,0
0,0,0,1,0,0,0,0,16,0,0,2,1,1,0
0,0,0,2,0,0,0,0,15,0,0,2,1,1,0
0,0,0,3,0,0,0,0,14,0,0,3,0,2,0
0,0,0,2,0,0,0,0,12,0,0,2,0,1,0
0,0,0,2,0,0,0,0,14,0,0,2,0,1,0
0,0,0,2,0,0,0,0,8,0,0,1,0,0,0
0,0,0,3,0,0,0,0,17,0,0,3,0,2,0
0,0,0,0,0,0,0,0,16,0,0,2,1,1,0
0,0,0,3,0,0,0,0,17,0,0,3,0,2,0
0,0,0,2,0,0,0,0,24,0,0,2,1,1,0
0,0,0,0,0,0,0,0,11,0,0,2,0,1,0
0,0,0,2,0,0,0,0,11,0,0,2,0,1,0
0,0,0,0,0,0,0,0,15,0,0,2,1,1,0
0,0,0,0,0,0,0,0,11,0,0,2,1,1,0
0,0,0,2,0,0,0,0,12,0,0,2,1,1,0
0,0,0,3,0,0,0,0,18,0,0,2,1,1,0
0,0,0,0,0,0,0,0,18,0,0,2,1,1,0
0,0,0,1,0,0,0,0,15,0,0,2,1,1,0
0,0,0,2,0,0,0,0,20,0,0,3,0,2,0
0,0,0,2,0,0,0,0,20,0,0,2,1,1,0
0,0,0,2,0,0,0,0,15,0,0,2,1,1,0
0,0,0,2,0,0,0,0,14,1,0,2,0,1,0
0,0,0,3,0,0,0,0,19,0,0,2,1,1,0
0,0,0,1,0,0,0,0,28,0,0,2,1,1,0
0,0,0,0,0,0,0,0,13,0,0,2,1,1,0
0,0,0,1,0,0,0,0,8,1,0,1,1,0,0
0,0,0,2,0,0,0,0,16,0,0,2,1,1,0
0,0,0,2,0,0,0,0,19,0,0,2,1,1,0
0,0,0,1,0,0,0,0,16,0,0,3,0,2,0
0,0,0,2,0,0,0,0,18,0,0,2,1,1,0
0,0,0,2,0,0,0,0,16,0,0,2,1,1,0
0,0,0,2,0,0,0,0,15,0,0,2,1,1,0
0,0,0,0,0,0,1,0,13,0,0,2,1,1,0
0,0,0,0,0,0,0,0,16,0,0,2,1,1,0
0,0,0,1,0,0,1,0,15,0,0,2,1,1,0
0,0,0,0,0,0,0,0,15,0,0,2,0,1,0
0,0,0,2,0,0,1,0,20,0,0,2,1,1,0
0,0,0,2,0,0,0,0,19,0,0,2,1,1,0
0,0,0,1,0,0,0,0,17,0,0,2,1,1,0
0,0,0,1,0,0,0,0,19,0,0,2,1,1,0
0,0,0,2,0,0,0,0,14,0,0,2,1,1,0
0,0,0,1,0,0,0,0,19,0,0,2,1,1,0
0,0,0,1,0,0,0,0,17,0,0,3,0,2,0
0,0,0,1,0,0,0,0,15,0,0,2,0,1,0
0,0,0,0,0,0,1,0,12,0,0,2,1,1,0
0,0,0,2,0,0,0,0,17,0,0,2,1,1,0
0,0,0,2,0,0,0,0,17,0,0,2,1,1,0
0,0,0,2,0,0,0,0,15,0,0,2,1,1,0
0,0,0,2,0,0,0,0,21,0,0,2,1,1,0
0,0,0,0,0,0,0,1,21,0,1,2,1,1,0
0,0,0,3,0,0,0,0,18,0,0,2,1,1,0
0,0,0,2,0,0,0,0,13,0,0,2,1,1,0
0,0,0,3,0,0,0,0,17,0,0,2,1,1,0
0,0,0,0,0,0,0,0,11,2,0,2,1,1,0
0,0,0,2,0,0,0,0,15,0,0,2,1,1,0
0,0,0,2,0,0,0,0,11,0,0,2,1,1,0
0,0,0,2,0,0,0,0,12,0,0,2,1,1,0
0,0,0,1,0,0,0,1,19,0,1,2,1,1,0
0,0,0,2,0,0,0,0,16,0,0,2,1,1,0
0,0,0,1,0,0,0,0,11,1,0,2,0,1,0
0,0,0,2,0,0,0,0,12,0,0,2,0,1,0
0,0,0,0,0,0,0,0,9,0,0,1,1,0,0
0,0,0,1,0,0,0,0,13,0,0,2,1,1,0
0,0,0,1,0,0,0,0,18,0,0,2,1,1,0
0,0,0,2,0,0,0,0,15,0,0,3,0,2,0
0,0,0,2,0,0,0,1,19,0,1,2,1,1,0
0,0,0,1,0,0,0,0,20,0,0,2,1,1,0
0,0,0,1,0,0,0,0,12,0,0,2,1,1,0
0,0,0,2,0,0,0,0,15,0,0,2,1,1,0
0,0,0,1,0,0,0,0,14,0,0,2,0,1,0
0,0,0,2,0,0,0,0,19,0,0,2,1,1,0
0,0,0,0,0,0,0,0,18,0,0,3,0,2,0
0,0,0,1,0,0,0,1,18,0,1,2,1,1,0
0,0,0,2,0,0,0,0,16,0,0,2,1,1,0
0,0,0,1,0,0,0,0,14,0,0,2,1,1,0
0,0,0,2,0,0,0,1,23,0,1,2,1,1,0
0,0,0,2,0,0,0,0,18,0,0,2,1,1,0
0,0,0,0,0,0,0,0,9,0,0,1,1,0,0
0,0,0,0,0,0,0,0,15,0,0,2,0,1,0
0,0,0,1,0,0,0,0,15,0,0,2,0,1,0
0,0,0,2,0,0,0,0,18,0,0,2,1,1,0
0,0,0,2,0,0,0,0,14,0,0,2,0,1,0
0,0,0,2,0,0,1,0,6,0,0,1,1,0,0
0,0,0,1,0,0,0,0,18,0,0,2,1,1,0
0,0,0,2,0,0,1,0,17,0,0,2,1,1,0
0,0,0,3,0,0,0,0,17,0,0,2,0,1,0
0,0,0,2,0,0,0,0,11,0,0,2,0,1,0
0,0,0,0,0,0,0,0,15,0,0,2,1,1,0
0,0,0,2,0,0,0,1,19,0,1,2,1,1,0
0,0,0,2,0,0,0,0,17,0,0,2,1,1,0
0,0,0,1,0,0,0,0,11,3,0,2,0,1,0
0,0,0,2,0,0,0,0,18,0,0,2,1,1,0
0,0,0,2,0,0,0,0,15,0,0,2,0,1,0
0,0,0,2,0,0,0,0,21,0,0,3,0,2,0
0,0,0,1,0,0,1,0,15,0,0,2,1,1,0
0,0,0,2,0,0,0,0,18,0,0,2,1,1,0
0,0,0,0,0,0,0,0,12,3,0,2,1,1,0
0,0,0,1,0,0,0,0,25,0,0,2,1,1,0
0,0,0,0,0,0,0,0,14,0,0,2,0,1,0
0,0,0,2,0,0,0,0,19,0,0,2,0,1,0
0,0,0,1,0,0,0,0,13,0,0,2,1,1,0
0,0,0,0,0,0,0,0,20,0,0,2,1,1,0
0,0,0,3,0,0,0,1,22,0,1,2,1,1,0
0,0,0,3,0,0,0,0,10,0,0,2,1,1,0
0,0,0,1,0,0,0,0,10,0,0,2,1,1,0
0,0,0,2,0,0,0,0,21,2,0,2,1,1,0
0,0,0,1,0,0,0,0,24,0,0,2,1,1,0
0,0,0,2,0,0,0,0,11,0,0,2,0,1,0
0,0,0,2,0,0,0,0,20,0,0,2,0,1,0
0,0,0,1,0,0,0,0,25,2,0,2,0,1,0
0,0,0,0,0,0,0,0,16,0,0,2,0,1,0
0,0,0,3,0,0,0,0,15,1,0,2,1,1,0
0,0,0,2,0,0,0,0,14,0,0,2,0,1,0
0,0,0,1,0,0,0,1,18,0,1,2,1,1,0
0,0,0,2,0,0,0,0,13,0,0,2,0,1,0
0,0,0,0,0,0,0,0,11,0,0,1,1,0,0
0,0,0,2,0,0,0,0,17,0,0,2,1,1,0
0,0,0,2,0,0,0,0,17,0,0,2,1,1,0
0,0,0,2,0,0,0,0,19,0,0,2,0,1,0
0,0,0,0,0,0,0,0,16,0,0,1,1,0,0
0,0,0,1,0,0,0,0,13,0,0,2,1,1,0
0,0,0,2,0,0,0,0,13,0,0,2,1,1,0
0,0,0,2,0,0,1,0,18,0,0,2,1,1,0
0,0,0,3,0,0,0,0,12,0,0,1,0,0,0
0,0,0,2,0,0,1,0,12,0,0,1,1,0,0
0,0,0,1,0,0,0,0,14,2,0,2,1,1,0
0,0,0,2,0,0,0,0,26,0,0,2,1,1,0
0,0,0,0,0,0,1,0,16,0,0,2,1,1,0
0,0,0,2,0,0,0,0,17,0,0,2,1,1,0
0,0,0,2,0,0,0,0,11,0,0,2,0,1,0
0,0,0,2,0,0,0,0,15,0,0,2,0,1,0
0,0,0,0,0,0,0,0,14,0,0,2,1,1,0
0,0,0,0,0,0,1,0,15,0,0,2,1,1,0
0,0,0,2,0,0,0,0,17,0,0,2,1,1,0
0,0,0,2,0,0,0,0,17,0,0,2,0,1,0
0,0,0,1,0,0,0,0,29,0,0,2,1,1,0
0,0,0,2,0,0,0,0,17,0,0,2,1,1,0
0,0,0,3,0,0,0,0,15,3,0,3,0,2,0
0,0,0,0,0,0,0,0,17,0,0,2,1,1,0
0,0,0,0,0,0,0,0,15,0,0,1,0,0,0
0,0,0,2,0,0,0,0,17,0,0,2,1,1,0
0,0,0,2,0,0,0,0,17,0,0,2,1,1,0
0,0,0,1,0,0,0,0,16,0,0,2,1,1,0
0,0,0,2,0,0,0,0,14,3,0,2,1,1,0
0,0,0,2,0,0,0,0,20,0,0,4,0,3,0
0,0,0,2,0,0,0,0,15,0,0,2,1,1,0
0,0,0,3,0,0,0,0,20,0,0,2,1,1,0
0,0,0,1,0,0,0,0,18,0,0,2,1,1,0
0,0,0,2,0,0,0,0,12,0,0,2,1,1,0
0,0,0,2,0,0,0,0,13,0,0,2,0,1,0
0,0,0,2,0,0,0,0,23,0,0,2,1,1,0
0,0,0,1,0,0,1,0,16,0,0,2,1,1,0
0,0,0,0,0,0,0,0,16,0,0,2,1,1,0
0,0,0,2,0,0,0,0,22,0,0,2,1,1,0
0,0,0,3,0,0,0,0,14,0,0,2,1,1,0
0,0,0,1,0,0,0,0,19,0,0,2,0,1,0
0,0,0,2,0,0,0,0,7,0,0,1,0,0,0
0,0,0,1,0,0,0,0,14,0,0,2,1,1,0
0,0,0,2,0,0,0,0,11,0,0,2,1,1,0
0,0,0,0,0,0,0,0,14,0,0,2,0,1,0
0,0,0,2,0,0,0,0,14,0,0,2,1,1,0
0,0,0,2,0,0,0,0,18,0,0,2,1,1,0
0,0,0,3,0,0,0,0,14,0,0,2,1,1,0
0,0,0,1,0,0,0,0,12,0,0,2,1,1,0
0,0,0,2,0,0,0,0,12,0,0,1,1,0,0
0,0,0,1,0,0,0,1,23,0,1,2,1,1,0
0,0,0,2,0,0,0,0,22,0,0,1,1,0,0
0,0,0,3,0,0,0,0,20,0,0,2,1,1,0
0,0,0,3,0,0,0,0,18,0,0,3,0,2,0
0,0,0,3,0,0,0,0,16,0,0,2,1,1,0
0,0,0,2,0,0,0,0,17,0,0,2,1,1,0
0,0,0,0,0,0,0,0,17,2,0,2,0,1,0
0,0,0,2,0,0,0,0,16,0,0,3,0,2,0
0,0,0,2,0,0,0,0,11,0,0,2,0,1,0
0,0,0,2,0,0,0,0,30,0,0,3,0,2,0
0,0,0,3,0,0,0,0,17,0,0,2,1,1,0
0,0,0,1,0,0,0,0,28,0,0,3,0,2,0
0,0,0,2,0,0,0,0,13,0,0,2,1,1,0
0,0,0,2,0,0,0,0,20,0,0,2,1,1,0
0,0,0,1,0,0,0,0,22,3,0,2,1,1,0
0,0,0,2,0,0,0,0,20,0,0,3,0,2,0
0,0,0,1,0,0,0,0,10,0,0,2,0,1,0
0,0,0,2,0,0,0,0,12,0,0,2,1,1,0
0,0,0,1,0,0,0,0,30,0,0,3,0,2,0
0,0,0,1,0,0,0,0,15,0,0,2,1,1,0
0,0,0,2,0,0,0,0,12,0,0,2,1,1,0
0,0,0,2,0,0,0,0,16,2,0,2,1,1,0
0,0,0,2,0,0,0,0,16,0,0,2,0,1,0
0,0,0,1,0,0,0,0,18,0,0,2,0,1,0
0,0,0,2,0,0,0,0,15,0,0,2,1,1,0
0,0,0,3,0,0,1,0,14,0,0,2,1,1,0
0,0,0,2,0,0,0,0,20,0,0,2,1,1,0
0,0,0,1,0,0,1,0,19,0,0,2,1,1,0
0,0,0,1,0,0,0,0,11,0,0,1,1,0,0
0,0,0,2,0,0,0,0,11,0,0,2,1,1,0
0,0,0,1,0,0,0,0,14,0,0,2,1,1,0
0,0,0,1,0,0,0,0,17,0,0,2,1,1,0
0,0,0,2,0,0,0,0,15,0,0,2,1,1,0
0,0,0,2,0,0,0,0,13,0,0,2,1,1,0
0,0,0,1,0,0,0,0,15,1,0,2,0,1,0
0,0,0,2,0,0,0,1,19,0,1,2,1,1,0
0,0,0,1,0,0,0,0,17,0,0,3,0,2,0
0,0,0,0,0,0,0,0,13,0,0,2,1,1,0
0,0,0,1,0,0,1,0,14,0,0,3,0,2,0
0,0,0,0,0,0,0,0,11,4,0,2,0,1,0
0,0,0,3,0,0,0,0,15,0,0,2,1,1,0
0,0,0,2,0,0,0,0,23,0,0,2,1,1,0
0,0,0,1,0,0,0,0,12,0,0,2,0,1,0
0,0,0,2,0,0,0,0,16,0,0,1,1,0,0
0,0,0,3,0,0,0,0,17,0,0,2,1,1,0
0,0,0,2,0,0,0,0,12,0,0,2,0,1,0
0,0,0,1,0,0,0,0,10,0,0,2,1,1,0
0,0,0,1,0,0,0,0,20,0,0,2,1,1,0
0,0,0,0,0,0,0,0,13,0,0,1,1,0,0
0,0,0,1,0,0,1,0,17,0,0,2,1,1,0
0,0,0,0,0,0,0,0,18,0,0,2,1,1,0
0,0,0,3,0,0,0,0,12,0,0,2,1,1,0
0,0,0,0,0,0,0,0,15,0,0,2,1,1,0
0,0,0,2,0,0,0,0,16,0,0,2,1,1,0
0,0,0,1,0,0,0,0,27,0,0,2,1,1,0
0,0,0,0,0,0,0,0,12,0,0,1,1,0,0
0,0,0,2,0,0,0,0,12,0,0,2,0,1,0
0,0,0,0,0,0,0,0,12,0,0,2,0,1,0
0,0,0,1,0,0,0,0,29,0,0,2,1,1,0
0,0,0,2,0,0,0,0,15,0,0,2,1,1,0
0,0,0,2,0,0,0,0,12,0,0,2,1,1,0
0,0,0,2,0,0,0,0,17,0,0,2,1,1,0
0,0,0,1,0,0,0,0,25,0,0,3,0,2,0
0,0,0,0,0,0,0,0,15,0,0,2,1,1,0
0,0,0,1,0,0,0,0,20,0,0,2,1,1,0
0,0,0,1,0,0,0,0,19,0,0,2,1,1,0
0,0,0,0,0,0,0,0,19,0,0,2,1,1,0
0,0,0,1,0,0,0,0,17,0,0,2,1,1,0
0,0,0,1,0,0,0,0,9,1,0,2,0,1,0
0,0,0,2,0,0,0,0,18,0,0,3,0,2,0
0,0,0,3,0,0,0,0,16,0,0,2,0,1,0
0,0,0,2,0,0,0,0,17,0,0,2,1,1,0
0,0,0,3,0,0,0,0,16,0,0,2,1,1,0
0,0,0,1,0,0,0,0,13,0,0,2,0,1,0
0,0,0,2,0,0,0,0,14,0,0,2,1,1,0
0,0,0,1,0,0,0,0,21,0,0,2,1,1,0
0,0,0,1,0,0,0,0,14,0,0,1,1,0,0
0,0,0,1,0,0,0,0,16,0,0,2,1,1,0
0,0,0,1,0,0,0,0,12,0,0,2,0,1,0
0,0,0,1,0,0,0,0,20,0,0,2,1,1,0
0,0,0,2,0,0,0,0,18,0,0,2,1,1,0
0,0,0,1,0,0,0,0,7,0,0,1,0,0,0
0,0,0,1,0,0,0,0,15,0,0,2,1,1,0
0,0,0,0,0,0,0,0,10,0,0,2,0,1,0
0,0,0,1,0,0,0,0,15,0,0,2,1,1,0
0,0,0,3,0,0,0,0,22,0,0,2,1,1,0
0,0,0,1,0,0,0,0,12,0,0,2,1,1,0
0,0,0,1,0,0,0,0,18,0,0,2,0,1,0
0,0,0,2,0,0,0,0,21,0,0,2,0,1,0
0,0,0,1,0,0,0,0,16,0,0,2,0,1,0
0,0,0,2,0,0,0,0,14,0,0,2,1,1,0
0,0,0,2,0,0,0,0,16,0,0,2,1,1,0
0,0,0,2,0,0,0,0,13,0,0,2,1,1,0
0,0,0,2,0,0,0,0,19,0,0,2,1,1,0
0,0,0,2,0,0,1,0,24,0,0,2,1,1,0
0,0,0,1,0,0,0,0,11,0,0,2,1,1,0
0,0,0,0,0,0,0,0,17,0,0,2,1,1,0
0,0,0,2,0,0,0,0,12,1,0,2,1,1,0
0,0,0,2,0,0,0,0,10,0,0,2,0,1,0
0,0,0,2,0,0,0,0,18,0,0,2,1,1,0
0,0,0,0,0,0,0,0,16,0,0,2,1,1,0
0,0,0,2,0,0,0,0,10,0,0,2,0,1,0
0,0,0,2,0,0,0,0,14,1,0,2,1,1,0
0,0,0,1,0,0,0,0,14,3,0,2,1,1,0
0,0,0,2,0,0,1,0,19,0,0,2,1,1,0
0,0,0,2,0,0,0,1,14,1,1,2,1,1,0
0,0,0,1,0,0,0,0,10,0,0,2,1,1,0
0,0,0,2,0,0,0,0,16,0,0,2,1,1,0
0,0,0,2,0,0,1,0,17,0,0,2,1,1,0
0,0,0,0,0,0,1,0,12,0,0,2,1,1,0
0,0,0,1,0,0,0,0,16,0,0,2,1,1,0
0,0,0,3,0,0,0,0,18,0,0,2,1,1,0
0,0,0,2,0,0,0,0,17,0,0,2,0,1,0
0,0,0,2,0,0,1,0,12,0,0,1,1,0,0
0,0,0,1,0,0,0,0,11,0,0,2,1,1,0
0,0,0,3,0,0,0,0,12,0,0,2,0,1,0
0,0,0,0,0,0,0,1,23,0,1,2,0,1,0
0,0,0,2,0,0,0,0,12,0,0,2,0,1,0
0,0,0,0,0,0,0,0,21,0,0,2,1,1,0
0,0,0,2,0,0,0,0,19,2,0,2,1,1,0
0,0,0,2,0,0,0,0,21,0,0,2,1,1,0
0,0,0,0,0,0,0,0,18,0,0,1,1,0,0
0,0,0,0,0,0,0,0,17,0,0,2,1,1,0
0,0,0,3,0,0,0,0,19,0,0,2,1,1,0
0,0,0,1,0,0,0,0,15,0,0,2,1,1,0
0,0,0,2,0,0,0,0,18,0,0,2,1,1,0
0,0,0,2,0,0,0,0,16,1,0,2,1,1,0
0,0,0,3,0,0,0,0,16,0,0,2,1,1,0
0,0,0,2,0,0,0,0,13,0,0,2,1,1,0
0,0,0,2,0,0,0,0,15,0,0,2,1,1,0
0,0,0,1,0,0,0,0,15,0,0,3,0,2,0
0,0,0,3,0,0,0,0,16,0,0,2,0,1,0
0,0,0,1,0,0,0,0,14,0,0,2,1,1,0
0,0,0,0,0,0,0,0,16,0,0,3,0,2,0
0,0,0,1,0,0,0,0,16,0,0,1,1,0,0
0,0,0,2,0,0,0,0,16,0,0,2,1,1,0
0,0,0,2,0,0,0,0,15,0,0,2,1,1,0
0,0,0,1,0,0,0,0,11,0,0,2,1,1,0
0,0,0,2,0,0,0,0,14,0,0,2,0,1,0
0,0,0,1,0,0,0,0,15,0,0,2,1,1,0
0,0,0,1,0,0,0,0,22,0,0,3,0,2,0
0,0,0,0,0,0,0,0,11,0,0,2,1,1,0
0,0,0,2,0,0,0,0,18,0,0,2,1,1,0
0,0,0,1,0,0,0,0,13,0,0,1,1,0,0
0,0,0,0,0,0,0,0,18,0,0,2,1,1,0
0,0,0,2,0,0,0,0,13,0,0,2,1,1,0
0,0,0,2,0,0,1,0,13,0,0,1,1,0,0
0,0,0,0,0,0,0,0,16,0,0,3,0,2,0
0,0,0,0,0,0,0,0,12,1,0,2,1,1,0
0,0,0,2,0,0,0,0,11,0,0,2,1,1,0
0,0,0,2,0,0,0,0,12,1,0,2,0,1,0
0,0,0,0,0,0,0,0,11,2,0,2,0,1,0
0,0,0,2,0,0,0,0,17,0,0,2,1,1,0
0,0,0,1,0,0,0,0,14,0,0,2,1,1,0
0,0,0,2,0,0,1,0,17,0,0,2,1,1,0
0,0,0,2,0,0,0,0,21,0,0,2,1,1,0
0,0,0,1,0,0,0,0,18,0,0,2,1,1,0
0,0,0,1,0,0,0,0,18,0,0,2,0,1,0
0,0,0,1,0,0,0,0,18,0,0,2,1,1,0
0,0,0,1,0,0,0,0,16,0,0,2,1,1,0
0,0,0,0,0,0,0,0,15,0,0,2,1,1,0
0,0,0,2,0,0,0,0,20,0,0,2,1,1,0
0,0,0,3,0,0,0,0,18,0,0,3,0,2,0
0,0,0,2,0,0,0,0,18,0,0,2,1,1,0
0,0,0,2,0,0,0,1,16,1,1,1,1,0,0
0,0,0,2,0,0,0,0,13,0,0,2,0,1,0
0,0,0,3,0,0,0,0,17,0,0,2,0,1,0
0,0,0,1,0,0,0,0,17,0,0,2,1,1,0
0,0,0,3,0,0,0,0,20,0,0,2,1,1,0
0,0,0,2,0,0,0,0,18,0,0,2,1,1,0
0,0,0,1,0,0,0,0,11,0,0,2,0,1,0
0,0,0,1,0,0,0,0,12,0,0,2,1,1,0
0,0,0,2,0,0,0,0,12,0,0,2,0,1,0
0,0,0,2,0,0,0,0,8,0,0,1,1,0,0
0,0,0,3,0,0,0,0,19,0,0,3,0,2,0
0,0,0,2,0,0,0,0,17,0,0,2,1,1,0
0,0,0,3,0,0,0,0,10,0,0,2,0,1,0
0,0,0,1,0,0,0,0,10,0,0,2,1,1,0
0,0,0,2,0,0,0,0,14,0,0,2,1,1,0
0,0,0,2,0,0,1,0,23,0,0,2,1,1,0
0,0,0,0,0,0,0,0,24,0,0,2,1,1,0
0,0,0,1,0,0,0,0,11,1,0,2,1,1,0
0,0,0,1,0,0,0,0,13,0,0,1,1,0,0
0,0,0,2,0,0,0,0,22,0,0,2,1,1,0
0,0,0,0,0,0,0,0,14,0,0,2,1,1,0
0,0,0,1,0,0,0,0,15,0,0,2,1,1,0
0,0,0,2,0,0,0,0,15,0,0,3,0,2,0
0,0,0,2,0,0,0,0,14,0,0,2,1,1,0
0,0,0,2,0,0,0,0,14,0,0,2,1,1,0
0,0,0,0,0,0,0,0,15,0,0,2,1,1,0
0,0,0,1,0,0,0,0,18,0,0,2,1,1,0
0,0,0,2,0,0,0,0,14,0,0,3,1,2,0
0,0,0,2,0,0,0,0,9,0,0,2,1,1,0
0,0,0,3,0,0,1,0,8,0,0,2,0,1,0
0,0,0,2,0,0,1,0,20,0,0,2,1,1,0
0,0,0,1,0,0,0,1,21,0,1,2,1,1,0
0,0,0,2,0,0,0,0,15,0,0,2,0,1,0
0,0,0,2,0,0,0,0,15,0,0,3,0,2,0
0,0,0,1,0,0,0,0,17,0,0,2,1,1,0
0,0,0,2,0,0,0,0,23,0,0,2,1,1,0
0,0,0,2,0,0,0,0,13,0,0,2,0,1,0
0,0,0,2,0,0,0,0,19,0,0,2,1,1,0
0,0,0,1,0,0,1,0,14,0,0,2,1,1,0
0,0,0,2,0,0,0,0,23,0,0,2,1,1,0
0,0,0,0,0,0,0,0,13,0,0,2,0,1,0
0,0,0,1,0,0,0,1,18,0,1,2,0,1,0
0,0,0,0,0,0,0,0,13,0,0,2,0,1,0
0,0,0,2,0,0,0,0,12,0,0,2,1,1,0
0,0,0,2,0,0,0,0,17,0,0,2,0,1,0
0,0,0,1,0,0,0,0,13,0,0,2,0,1,0
0,0,0,1,0,0,0,0,13,0,0,2,0,1,0
0,0,0,1,0,0,0,0,23,0,0,2,1,1,0
0,0,0,2,0,0,0,0,14,0,0,2,0,1,0
0,0,0,2,0,0,0,0,15,0,0,2,1,1,0
0,0,0,2,0,0,0,0,17,0,0,2,1,1,0
0,0,0,2,0,0,0,0,16,1,0,2,0,1,0
0,0,0,2,0,0,0,0,15,0,0,2,1,1,0
0,0,0,2,0,0,0,0,27,1,0,2,1,1,0
0,0,0,1,0,0,0,0,21,2,0,2,1,1,0
0,0,0,2,0,0,0,0,15,0,0,2,0,1,0
0,0,0,2,0,0,0,0,15,3,0,3,0,2,0
0,0,0,2,0,0,0,0,7,0,0,1,1,0,0
0,0,0,0,0,0,0,0,10,0,0,1,0,0,0
0,0,0,0,0,0,0,0,13,0,0,1,1,0,0
0,0,0,1,0,0,0,1,21,0,1,2,1,1,0
0,0,0,0,0,0,1,0,14,0,0,2,1,1,0
0,0,0,0,0,0,0,0,16,0,0,2,1,1,0
0,0,0,2,0,0,0,0,12,0,0,2,1,1,0
0,0,0,2,0,0,0,0,12,0,0,2,0,1,0
0,0,0,2,0,0,0,0,13,0,0,1,1,0,0
0,0,0,2,0,0,0,0,20,0,0,3,0,2,0
0,0,0,0,0,0,0,0,19,0,0,2,1,1,0
0,0,0,2,0,0,0,0,10,0,0,1,1,0,0
0,0,0,3,0,0,0,0,17,0,0,2,1,1,0
0,0,0,0,0,0,0,0,14,0,0,1,1,0,0
0,0,0,1,0,0,0,0,22,0,0,3,0,2,0
0,0,0,1,0,0,0,0,11,0,0,2,1,1,0
0,0,0,2,0,0,0,0,13,0,0,1,1,0,0
0,0,0,1,0,0,1,0,16,0,0,2,1,1,0
0,0,0,0,0,0,0,0,24,0,0,2,0,1,0
0,0,0,1,0,0,0,0,18,0,0,2,1,1,0
0,0,0,1,0,0,0,0,16,0,0,3,0,2,0
0,0,0,2,0,0,0,0,16,0,0,2,1,1,0
0,0,0,2,0,0,0,0,16,0,0,3,0,2,0
0,0,0,3,0,0,0,0,16,0,0,2,0,1,0
0,0,0,2,0,0,0,0,12,0,0,2,1,1,0
0,0,0,2,0,0,1,0,18,0,0,2,1,1,0
0,0,0,1,0,0,0,0,19,0,0,2,1,1,0
0,0,0,1,0,0,0,0,17,0,0,2,1,1,0
0,0,0,0,0,0,0,0,13,0,0,2,0,1,0
0,0,0,3,0,0,0,0,11,0,0,2,1,1,0
0,0,0,3,0,0,0,0,20,0,0,2,1,1,0
0,0,0,2,0,0,1,0,18,0,0,2,1,1,0
0,0,0,0,0,0,0,0,15,0,0,1,1,0,0
0,0,0,0,0,0,0,0,15,0,0,2,1,1,0
0,0,0,3,0,0,0,0,16,2,0,2,1,1,0
0,0,0,2,0,0,0,0,15,0,0,2,1,1,0
0,0,0,2,0,0,0,0,22,0,0,2,1,1,0
0,0,0,1,0,0,0,0,12,0,0,1,0,0,0
0,0,0,2,0,0,0,0,10,0,0,2,0,1,0
0,0,0,1,0,0,0,0,17,0,0,2,1,1,0
0,0,0,0,0,0,0,0,16,0,0,1,1,0,0
0,0,0,2,0,0,0,0,11,1,0,2,0,1,0
0,0,0,0,0,0,0,0,19,0,0,2,1,1,0
0,0,0,2,0,0,0,0,14,0,0,2,1,1,0
0,0,0,1,0,0,0,0,10,0,0,1,1,0,0
0,0,0,1,0,0,0,0,11,0,0,2,1,1,0
0,0,0,0,0,0,0,0,13,0,0,2,1,1,0
0,0,0,1,0,0,0,0,18,0,0,2,0,1,0
0,0,0,1,0,0,0,0,14,0,0,2,1,1,0
0,0,0,3,0,0,0,0,20,0,0,2,0,1,0
0,0,0,2,0,0,0,0,19,1,0,2,1,1,0
0,0,0,1,0,0,0,0,16,0,0,2,1,1,0
0,0,0,2,0,0,0,0,11,0,0,2,0,1,0
0,0,0,0,0,0,0,0,18,0,0,3,0,2,0
0,0,0,3,0,0,0,0,16,0,0,2,1,1,0
0,0,0,0,0,0,1,0,12,0,0,2,1,1,0
0,0,0,2,0,0,0,0,26,0,0,2,0,1,0
0,0,0,2,0,0,0,0,20,0,0,2,1,1,0
0,0,0,2,0,0,0,0,14,0,0,2,0,1,0
0,0,0,1,0,0,0,0,9,0,0,1,1,0,0
0,0,0,2,0,0,0,0,19,1,0,2,1,1,0
0,0,0,2,0,0,0,0,16,0,0,3,0,2,0
0,0,0,3,0,0,0,0,17,0,0,2,1,1,0
0,0,0,1,0,0,0,0,16,0,0,2,0,1,0
0,0,0,3,0,0,0,0,11,1,0,2,0,1,0
0,0,0,2,0,0,0,0,20,0,0,2,1,1,0
0,0,0,1,0,0,0,0,17,0,0,2,0,1,0
0,0,0,0,0,0,0,1,21,0,1,2,1,1,0
0,0,0,1,0,0,0,0,12,0,0,2,1,1,0
0,0,0,1,0,0,1,0,14,0,0,2,1,1,0
0,0,0,2,0,0,0,0,16,0,0,2,1,1,0
0,0,0,0,0,0,0,0,20,0,0,2,1,1,0
0,0,0,0,0,0,0,0,18,0,0,2,1,1,0
0,0,0,2,0,0,0,0,16,0,0,2,1,1,0
0,0,0,1,0,0,0,0,16,0,0,2,1,1,0
0,0,0,1,0,0,0,0,15,0,0,2,0,1,0
0,0,0,1,0,0,0,0,17,0,0,2,1,1,0
0,0,0,2,0,0,0,0,13,0,0,2,0,1,0
0,0,0,2,0,0,0,0,12,0,0,2,1,1,0
0,0,0,3,0,0,0,0,18,0,0,2,1,1,0
0,0,0,0,0,0,0,0,16,0,0,2,1,1,0
0,0,0,2,0,0,0,0,11,0,0,2,0,1,0
0,0,0,0,0,0,0,0,13,4,0,2,1,1,0
0,0,0,2,0,0,0,1,25,0,2,2,1,1,0
0,0,0,3,0,0,0,0,21,0,0,2,1,1,0
0,0,0,1,0,0,0,0,16,0,0,1,1,0,0
0,0,0,3,0,0,0,0,18,1,0,2,1,1,0
0,0,0,2,0,0,0,0,14,2,0,3,0,2,0
0,0,0,2,0,0,0,0,14,0,0,2,1,1,0
0,0,0,1,0,0,0,0,21,0,0,2,1,1,0
0,0,0,1,0,0,0,0,17,0,0,2,1,1,0
0,0,0,1,0,0,0,0,17,0,0,2,1,1,0
0,0,0,1,0,0,0,0,20,0,0,2,1,1,0
0,0,0,1,0,0,0,0,16,0,0,2,1,1,0
0,0,0,1,0,0,0,0,14,2,0,2,1,1,0
0,0,0,1,0,0,0,0,17,0,0,2,1,1,0
0,0,0,1,0,0,0,1,18,0,1,2,1,1,0
0,0,0,0,0,0,0,0,11,1,0,2,1,1,0
0,0,0,1,0,0,0,0,14,0,0,2,1,1,0
0,0,0,2,0,0,0,0,12,0,0,2,0,1,0
0,0,0,2,0,0,0,0,17,0,0,2,1,1,0
0,0,0,2,0,0,0,0,14,0,0,2,1,1,0
0,0,0,1,0,0,0,0,19,0,0,2,1,1,0
0,0,0,0,0,0,0,0,16,0,0,2,1,1,0
0,0,0,2,0,0,0,0,16,0,0,2,0,1,0
0,0,0,3,0,0,0,0,14,0,0,2,1,1,0
0,0,0,2,0,0,0,0,25,0,0,2,1,1,0
0,0,0,3,0,0,0,0,22,0,0,2,1,1,0
0,0,0,1,0,0,0,0,15,0,0,2,1,1,0
0,0,0,2,0,0,0,0,16,0,0,2,1,1,0
0,0,0,1,0,0,0,0,14,0,0,2,1,1,0
0,0,0,2,0,0,0,0,15,0,0,2,1,1,0
0,0,1,3,0,0,0,1,26,0,1,3,0,2,0
0,0,0,1,0,0,0,0,22,0,0,2,1,1,0
0,0,0,2,0,0,0,0,17,0,0,3,0,2,0
0,0,0,2,0,0,0,0,14,0,0,2,1,1,0
0,0,0,1,0,0,0,1,23,0,1,3,0,2,0
0,0,0,2,0,0,0,0,17,0,0,2,1,1,0
0,0,0,2,0,0,0,0,19,0,0,2,0,1,0
0,0,0,2,0,0,0,0,13,3,0,2,1,1,0
0,0,0,1,0,0,0,0,20,0,0,2,1,1,0
0,0,0,0,0,0,0,0,18,0,0,3,0,2,0
0,0,0,1,0,0,0,0,24,0,0,2,1,1,0
0,0,0,1,0,0,0,0,18,0,0,2,0,1,0
0,0,0,3,0,0,0,0,11,0,0,2,1,1,0
0,0,0,1,0,0,0,0,15,0,0,2,1,1,0
0,0,0,1,0,0,0,0,18,0,0,2,1,1,0
0,0,0,1,0,0,0,0,24,0,0,3,0,2,0
0,0,0,3,0,0,0,0,12,0,0,2,1,1,0
0,0,0,2,0,0,0,1,17,0,1,2,1,1,0
0,0,0,2,0,0,0,0,13,0,0,2,1,1,0
0,0,0,3,0,0,0,0,15,0,0,2,1,1,0
0,0,0,2,0,0,0,0,17,0,0,2,1,1,0
0,0,0,2,0,0,0,0,18,0,0,2,1,1,0
0,0,0,2,0,0,0,0,9,0,0,1,1,0,0
0,0,0,2,0,0,1,0,13,0,0,2,1,1,0
0,0,0,0,0,0,0,0,14,0,0,2,1,1,0
0,0,0,2,0,0,0,0,9,0,0,2,0,1,0
0,0,0,2,0,0,1,0,18,0,0,2,1,1,0
0,0,0,2,0,0,0,0,13,0,0,1,1,0,0
0,0,0,2,0,0,0,0,19,0,0,2,1,1,0
0,0,0,0,0,0,0,0,13,4,0,2,1,1,0
0,0,0,0,0,0,0,0,9,2,0,1,1,0,0
0,0,0,1,0,0,0,0,15,0,0,2,1,1,0
0,0,0,2,0,0,0,0,20,0,0,3,1,2,0
0,0,0,2,0,0,0,0,17,0,0,3,0,2,0
0,0,0,1,0,0,0,0,13,0,0,3,0,2,0
0,0,0,2,0,0,0,0,16,0,0,2,1,1,0
0,0,0,2,0,0,0,0,11,0,0,2,0,1,0
0,0,0,2,0,0,0,0,15,0,0,2,0,1,0
0,0,0,2,0,0,0,1,18,0,1,2,1,1,0
0,0,0,2,0,0,0,0,14,0,0,1,1,0,0
0,0,0,1,0,0,0,0,15,0,0,2,1,1,0
0,0,0,0,0,0,0,0,16,0,0,2,1,1,0
0,0,0,1,0,0,0,0,15,0,0,2,1,1,0
0,0,0,1,0,0,1,0,16,0,0,2,1,1,0
0,0,0,2,0,0,0,0,20,0,0,2,1,1,0
0,0,0,2,0,0,0,0,13,0,0,2,1,1,0
0,0,0,2,0,0,0,0,19,2,0,2,0,1,0
0,0,0,0,0,0,1,0,15,0,0,2,1,1,0
0,0,0,2,0,0,0,0,18,0,0,2,1,1,0
0,0,0,0,0,0,0,0,20,0,0,2,0,1,0
0,0,0,0,0,0,0,0,12,3,0,2,0,1,0
0,0,0,0,0,0,0,0,12,2,0,2,1,1,0
0,0,0,0,0,0,0,0,15,0,0,2,1,1,0
0,0,0,1,0,0,0,0,16,0,0,2,1,1,0
0,0,0,1,0,0,0,0,14,0,0,2,1,1,0
0,0,0,1,0,0,0,0,13,0,0,2,1,1,0
0,0,0,2,0,0,0,0,16,0,0,2,1,1,0
0,0,0,2,0,0,0,0,19,0,0,3,0,2,0
0,0,0,3,0,0,0,0,14,0,0,2,0,1,0
0,0,0,1,0,0,0,0,13,0,0,2,0,1,0
0,0,0,3,0,0,0,0,17,0,0,2,1,1,0
0,0,0,2,0,0,0,0,15,0,0,1,1,0,0
0,0,0,2,0,0,0,0,14,0,0,2,1,1,0
0,0,0,3,0,0,0,0,17,0,0,2,1,1,0
0,0,0,0,0,0,0,0,14,0,0,2,0,1,0
0,0,0,1,0,0,0,0,10,0,0,2,0,1,0
0,0,0,0,0,0,0,0,16,0,0,2,0,1,0
0,0,0,0,0,0,0,0,18,0,0,2,0,1,0
0,0,0,1,0,0,0,0,12,1,0,2,0,1,0
0,0,0,2,0,0,0,0,19,0,0,3,0,2,0
0,0,0,2,0,0,1,1,17,0,1,2,1,1,0
0,0,0,1,0,0,0,0,13,0,0,2,1,1,0
0,0,0,2,0,0,0,0,18,0,0,2,1,1,0
0,0,0,2,0,0,0,0,25,0,0,2,1,1,0
0,0,0,2,0,0,0,0,13,0,0,2,1,1,0
0,0,0,2,0,0,0,0,20,0,0,2,1,1,0
0,0,0,2,0,0,0,0,15,0,0,2,0,1,0
0,0,0,2,0,0,0,1,19,0,1,2,0,1,0
0,0,0,1,0,0,0,0,20,0,0,2,1,1,0
0,0,0,2,0,0,0,0,19,0,0,2,1,1,0
0,0,0,0,0,0,0,0,18,0,0,3,0,2,0
0,0,0,2,0,0,0,0,17,0,0,2,1,1,0
0,0,0,1,0,0,0,0,12,0,0,2,0,1,0
0,0,0,0,0,0,0,0,13,0,0,2,1,1,0
0,0,0,2,0,0,0,0,9,0,0,2,0,1,0
0,0,0,2,0,0,0,0,10,0,0,2,0,1,0
0,0,0,3,0,0,0,0,14,0,0,2,0,1,0
0,0,0,1,0,0,0,0,15,0,0,3,0,2,0
0,0,0,3,0,0,0,0,10,0,0,2,0,1,0
0,0,0,1,0,0,0,0,23,0,0,2,1,1,0
0,0,0,2,0,0,0,0,17,0,0,2,0,1,0
0,0,0,2,0,0,0,0,15,0,0,2,1,1,0
0,0,0,2,0,0,1,0,15,0,0,2,1,1,0
0,0,0,1,0,0,0,0,18,0,0,2,1,1,0
0,0,0,2,0,0,0,0,16,2,0,2,1,1,0
0,0,0,2,0,0,0,0,21,0,0,2,1,1,0
0,0,0,2,0,0,0,0,14,4,0,1,1,0,0
0,0,0,2,0,0,0,0,7,0,0,1,0,0,0
0,0,0,1,0,0,0,0,11,0,0,2,0,1,0
0,0,0,2,0,0,0,0,15,0,0,2,1,1,0
0,0,0,2,0,0,0,0,17,0,0,2,0,1,0
0,0,0,2,0,0,0,0,23,0,0,2,1,1,0
0,0,0,2,0,0,0,0,23,0,0,2,1,1,0
0,0,0,1,0,0,0,0,17,0,0,2,1,1,0
0,0,0,2,0,0,0,0,12,2,0,2,0,1,0
0,0,0,1,0,0,0,1,13,0,1,1,0,0,0
0,0,0,0,0,0,0,0,11,0,0,2,0,1,0
0,0,0,1,0,0,0,0,20,0,0,2,1,1,0
0,0,0,1,0,0,0,0,24,0,0,2,1,1,0
0,0,0,2,0,0,0,0,10,0,0,2,0,1,0
0,0,0,2,0,0,1,0,13,1,0,2,1,1,0
0,0,0,2,0,0,0,0,14,1,0,2,1,1,0
0,0,0,2,0,0,0,0,18,0,0,2,1,1,0
0,0,0,1,0,0,0,0,18,0,0,2,1,1,0
0,0,0,2,0,0,0,0,16,0,0,2,0,1,0
0,0,0,0,0,0,0,0,26,0,0,2,1,1,0
0,0,0,2,0,0,0,0,22,0,0,2,1,1,0
0,0,0,3,0,0,0,0,10,0,0,2,1,1,0
0,0,0,1,0,0,0,0,10,0,0,2,1,1,0
0,0,0,0,0,0,0,0,22,0,0,3,0,2,0
0,0,0,1,0,0,0,0,17,0,0,2,1,1,0
0,0,0,0,0,0,0,0,29,0,0,2,1,1,0
0,0,0,0,0,0,0,0,15,0,0,2,1,1,0
0,0,0,1,0,0,0,0,12,0,0,2,0,1,0
0,0,0,2,0,0,0,0,19,0,0,3,0,2,0
0,0,0,3,0,0,0,0,19,0,0,2,0,1,0
0,0,0,2,0,0,0,0,20,0,0,2,1,1,0
0,0,0,1,0,0,0,0,12,0,0,2,0,1,0
0,0,0,0,0,0,0,0,13,0,0,2,1,1,0
0,0,0,2,0,0,0,0,11,0,0,2,1,1,0
0,0,0,1,0,0,0,0,23,0,0,2,1,1,0
0,0,0,2,0,0,0,0,20,0,0,2,1,1,0
0,0,0,2,0,0,0,0,19,0,0,3,0,2,0
0,0,0,1,0,0,0,0,19,0,0,3,0,2,0
0,0,0,1,0,0,0,0,16,0,0,3,0,2,0
0,0,0,0,0,0,0,0,17,0,0,2,1,1,0
0,0,0,3,0,0,0,0,13,0,0,2,1,1,0
0,0,0,1,0,0,0,0,14,0,0,1,1,0,0
0,0,0,1,0,0,0,0,13,5,0,2,1,1,0
0,0,0,1,0,0,0,0,18,0,0,2,1,1,0
0,0,0,1,0,0,0,0,21,0,0,2,0,1,0
0,0,0,2,0,0,0,0,30,0,0,2,1,1,0
0,0,0,2,0,0,0,1,15,0,1,2,1,1,0
0,0,0,3,0,0,1,0,16,0,0,3,0,2,0
0,0,0,2,0,0,0,0,22,0,0,2,1,1,0
0,0,0,0,0,0,0,0,13,0,0,2,1,1,0
0,0,0,2,0,0,0,0,15,0,0,2,1,1,0
0,0,0,2,0,0,0,0,19,0,0,2,1,1,0
0,0,0,2,0,0,0,0,16,0,0,2,1,1,0
0,0,0,2,0,0,0,0,18,0,0,2,1,1,0
0,0,0,0,0,0,0,0,13,0,0,2,0,1,0
0,0,0,2,0,0,0,0,22,3,0,2,1,1,0
0,0,0,2,0,0,0,0,18,0,0,2,1,1,0
0,0,0,1,0,0,0,0,13,0,0,2,1,1,0
0,0,0,1,0,0,0,0,12,0,0,2,0,1,0
0,0,0,1,0,0,0,0,12,0,0,2,0,1,0
0,0,0,1,0,0,0,0,15,0,0,2,1,1,0
0,0,0,2,0,0,0,0,19,0,0,2,0,1,0
0,0,0,1,0,0,0,0,12,0,0,2,1,1,0
0,0,0,2,0,0,0,0,13,0,0,2,0,1,0
0,0,0,0,0,0,0,0,28,0,0,2,1,1,0
0,0,0,0,0,0,0,0,9,0,0,1,1,0,0
0,0,0,0,0,0,0,0,21,0,0,3,0,2,0
0,0,0,1,0,0,0,0,17,0,0,2,1,1,0
0,0,0,2,0,0,0,0,13,0,0,2,1,1,0
0,0,0,3,0,0,0,0,19,0,0,1,1,0,0
0,0,0,1,0,0,0,0,15,0,0,3,0,2,0
0,0,0,1,0,0,0,1,12,0,1,2,0,1,0
0,0,0,0,0,0,0,0,15,0,0,2,1,1,0
0,0,0,1,0,0,0,0,21,0,0,2,1,1,0
0,0,0,2,0,0,0,0,18,0,0,2,0,1,0
0,0,0,0,0,0,0,0,12,0,0,2,1,1,0
0,0,0,1,0,0,1,0,19,0,0,2,1,1,0
0,0,0,3,0,0,0,0,12,0,0,2,0,1,0
0,0,0,0,0,0,0,0,13,0,0,2,0,1,0
0,0,0,1,0,0,0,0,9,0,0,1,1,0,0
0,0,0,0,0,0,0,0,16,0,0,2,1,1,0
0,0,0,2,0,0,0,0,13,0,0,2,0,1,0
0,0,0,2,0,0,0,0,13,0,0,2,0,1,0
0,0,0,0,0,0,0,0,15,0,0,2,1,1,0
0,0,0,2,0,0,0,0,7,0,0,1,0,0,0
0,0,0,3,0,0,0,0,17,0,0,2,1,1,0
0,0,0,2,0,0,0,0,14,0,0,2,1,1,0
0,0,0,1,0,0,0,0,20,0,0,2,1,1,0
0,0,0,0,0,0,0,0,18,0,0,2,1,1,0
0,0,0,0,0,0,0,0,15,0,0,2,1,1,0
0,0,0,2,0,0,0,0,14,0,0,2,0,1,0
0,0,0,1,0,0,0,0,20,0,0,2,1,1,0
0,0,0,1,0,0,0,0,20,0,0,2,0,1,0
0,0,0,0,0,0,0,0,18,0,0,3,0,2,0
0,0,0,2,0,0,1,0,19,0,0,2,1,1,0
0,0,0,2,0,0,0,0,12,0,0,1,1,0,0
0,0,0,2,0,0,0,0,13,0,0,2,1,1,0
0,0,0,1,0,0,1,0,15,0,0,2,1,1,0
0,0,0,3,0,0,0,0,23,0,0,2,1,1,0
0,0,0,2,0,0,1,0,14,0,0,3,0,2,0
0,0,0,0,0,0,0,0,16,0,0,3,1,2,0
0,0,0,1,0,0,0,0,16,0,0,2,1,1,0
0,0,0,2,0,0,0,0,19,0,0,2,0,1,0
0,0,0,2,0,0,0,0,13,0,0,2,1,1,0
0,0,0,2,0,0,0,0,22,0,0,2,1,1,0
0,0,0,1,0,0,0,0,20,0,0,2,1,1,0
0,0,0,0,0,0,0,0,13,0,0,2,0,1,0
0,0,0,2,0,0,0,0,15,0,0,2,1,1,0
0,0,0,2,0,0,0,0,13,0,0,2,1,1,0
0,0,0,1,0,0,0,0,13,0,0,2,1,1,0
0,0,0,1,0,0,0,0,12,0,0,1,1,0,0
0,0,0,2,0,0,0,0,12,0,0,2,0,1,0
0,0,0,2,0,0,1,0,25,0,0,2,1,1,0
0,0,0,3,0,0,0,0,14,0,0,2,1,1,0
0,0,0,0,0,0,0,0,16,0,0,2,1,1,0
0,0,0,2,0,0,0,0,19,0,0,2,1,1,0
0,0,0,0,0,0,0,0,18,0,0,2,1,1,0
0,0,0,2,0,0,0,0,15,0,0,2,1,1,0
0,0,0,0,0,0,0,0,14,0,0,2,1,1,0
0,0,0,0,0,0,1,0,18,0,0,2,1,1,0
0,0,0,2,0,0,0,0,16,0,0,2,0,1,0
0,0,0,3,0,0,0,0,16,0,0,2,1,1,0
0,0,0,3,0,0,0,0,11,0,0,2,1,1,0
0,0,0,2,0,0,0,0,22,0,0,2,1,1,0
0,0,0,2,0,0,0,0,13,0,0,2,1,1,0
0,0,0,0,0,0,0,0,12,0,0,2,0,1,0
0,0,0,0,0,0,0,0,19,0,0,2,0,1,0
0,0,0,1,0,0,0,0,10,0,0,1,1,0,0
0,0,0,0,0,0,0,0,22,0,0,2,1,1,0
0,0,0,3,0,0,0,0,10,0,0,1,0,0,0
0,0,0,1,0,0,0,0,20,0,0,2,1,1,0
0,0,0,3,0,0,0,0,17,0,0,2,1,1,0
0,0,0,3,0,0,1,0,18,0,0,2,1,1,0
0,0,0,2,0,0,0,0,17,0,0,2,1,1,0
0,0,0,2,0,0,0,0,20,0,0,2,1,1,0
0,0,0,1,0,0,0,0,22,0,0,3,0,2,0
0,0,0,1,0,0,0,0,14,1,0,2,1,1,0
0,0,0,2,0,0,0,0,15,0,0,2,1,1,0
0,0,0,1,0,0,0,0,16,0,0,2,1,1,0
0,0,0,2,0,0,0,0,15,0,0,2,0,1,0
0,0,0,2,0,0,0,0,19,0,0,2,1,1,0
0,0,0,1,0,0,0,0,14,0,0,2,1,1,0
0,0,0,1,0,0,0,0,16,0,0,2,1,1,0
0,0,0,1,0,0,0,0,9,0,0,1,1,0,0
0,0,0,3,0,0,1,0,19,0,0,2,1,1,0
0,0,0,2,0,0,0,0,17,0,0,2,0,1,0
0,0,0,2,0,0,0,0,15,1,0,2,1,1,0
0,0,0,1,0,0,0,0,11,0,0,1,1,0,0
0,0,0,0,0,0,0,0,18,0,0,2,1,1,0
0,0,0,1,0,0,1,0,9,3,0,1,1,0,0
0,0,0,1,0,0,0,0,6,0,0,1,1,0,0
0,0,0,2,0,0,0,0,20,0,0,3,1,2,0
0,0,0,2,0,0,0,0,24,0,0,2,1,1,0
0,0,0,1,0,0,0,0,18,0,0,2,1,1,0
0,0,0,1,0,0,0,0,19,0,0,2,1,1,0
0,0,0,0,0,0,0,0,12,0,0,2,0,1,0
0,0,0,2,0,0,0,0,12,0,0,1,1,0,0
0,0,0,1,0,0,0,0,19,0,0,2,1,1,0
0,0,0,0,0,0,0,0,17,0,0,2,1,1,0
0,0,0,2,0,0,0,0,11,1,0,2,1,1,0
0,0,0,2,0,0,0,0,10,1,0,2,0,1,0
0,0,0,2,0,0,0,0,15,0,0,2,1,1,0
0,0,0,0,0,0,0,0,17,0,0,2,1,1,0
0,0,0,2,0,0,0,0,14,0,0,2,1,1,0
0,0,0,2,0,0,0,0,22,0,0,2,1,1,0
0,0,0,1,0,0,0,0,19,0,0,2,1,1,0
0,0,0,2,0,0,0,0,20,0,0,2,1,1,0
0,0,0,1,0,0,0,0,13,0,0,2,1,1,0
0,0,0,0,0,0,0,0,18,0,0,3,0,2,0
0,0,0,0,0,0,0,0,17,0,0,1,1,0,0
0,0,0,0,0,0,0,0,12,0,0,3,0,2,0
0,0,0,2,0,0,0,0,18,0,0,2,1,1,0
0,0,0,1,0,0,0,0,14,0,0,2,1,1,0
0,0,0,0,0,0,0,0,12,0,0,2,1,1,0
0,0,0,3,0,0,0,0,20,0,0,3,0,2,0
0,0,0,2,0,0,0,0,16,0,0,2,1,1,0
0,0,0,3,0,0,0,0,15,0,0,3,0,2,0
0,0,0,1,0,0,0,0,18,0,0,2,0,1,0
0,0,0,2,0,0,0,0,13,0,0,2,1,1,0
0,0,0,0,0,0,0,0,18,0,0,2,1,1,0
0,0,0,0,0,0,0,0,16,0,0,2,1,1,0
0,0,0,1,0,0,0,0,19,0,0,2,1,1,0
0,0,0,0,0,0,1,0,21,0,0,2,1,1,0
0,0,0,0,0,0,0,0,16,0,0,2,1,1,0
0,0,0,1,0,0,0,0,17,0,0,2,0,1,0
0,0,0,2,0,0,0,0,18,0,0,2,1,1,0
0,0,0,2,0,0,0,0,16,0,0,2,1,1,0
0,0,0,0,0,0,0,0,20,0,0,2,1,1,0
0,0,0,1,0,0,1,0,17,0,0,2,1,1,0
0,0,0,2,0,0,0,0,16,0,0,2,1,1,0
0,0,0,2,0,0,0,0,14,0,0,2,1,1,0
0,0,0,2,0,0,0,0,15,0,0,2,1,1,0
0,0,0,2,0,0,0,0,16,0,0,2,1,1,0
0,0,0,1,0,0,0,0,17,0,0,2,1,1,0
0,0,0,1,0,0,0,0,16,0,0,2,0,1,0
0,0,0,0,0,0,1,0,24,0,0,2,1,1,0
0,0,0,0,0,0,0,0,19,0,0,2,1,1,0
0,0,0,2,0,0,0,0,17,0,0,2,0,1,0
0,0,0,0,0,0,0,0,18,0,0,2,1,1,0
0,0,0,0,0,0,0,0,21,0,0,2,0,1,0
0,0,0,1,0,0,0,0,20,0,0,2,1,1,0
0,0,0,1,0,0,0,0,13,0,0,2,1,1,0
0,0,0,1,0,0,0,0,20,0,0,2,0,1,0
0,0,0,2,0,0,0,0,16,0,0,2,1,1,0
0,0,0,1,0,0,0,0,9,0,0,1,0,0,0
0,0,0,0,0,0,0,0,16,0,0,2,0,1,0
0,0,0,1,0,0,0,0,11,0,0,1,1,0,0
0,0,0,3,0,0,0,0,15,0,0,2,1,1,0
0,0,0,2,0,0,0,0,21,0,0,2,1,1,0
0,0,0,2,0,0,0,0,15,0,0,2,1,1,0
0,0,0,2,0,0,0,0,14,0,0,2,0,1,0
0,0,0,3,0,0,0,0,17,0,0,2,1,1,0
0,0,0,2,0,0,0,0,17,0,0,2,1,1,0
0,0,0,0,0,0,0,0,21,0,0,2,1,1,0
0,0,0,1,0,0,0,0,17,0,0,2,1,1,0
0,0,0,1,0,0,0,0,8,0,0,2,0,1,0
0,0,0,2,0,0,0,0,20,0,0,3,1,2,0
0,0,0,2,0,0,0,0,24,0,0,3,0,2,0
0,0,0,2,0,0,0,0,21,0,0,3,0,2,0
0,0,0,1,0,0,0,0,21,0,0,2,1,1,0
0,0,0,1,0,0,0,0,15,0,0,2,1,1,0
0,0,0,2,0,0,0,0,17,0,0,3,0,2,0
0,0,0,1,0,0,1,0,12,0,0,2,1,1,0
0,0,0,1,0,0,0,0,17,0,0,2,0,1,0
0,0,0,2,0,0,0,0,17,0,0,2,1,1,0
0,0,0,3,0,0,0,0,23,0,0,2,1,1,0
0,0,0,2,0,0,0,0,13,0,0,2,0,1,0
0,0,0,1,0,0,0,0,21,0,0,2,1,1,0
0,0,0,1,0,0,0,0,14,0,0,2,0,1,0
0,0,1,1,0,0,0,0,32,0,0,2,1,1,0
0,0,0,0,0,0,0,0,17,0,0,2,1,1,0
0,0,0,1,0,0,1,0,18,0,0,3,1,2,0
0,0,0,0,0,0,0,0,15,0,0,2,1,1,0
0,0,0,2,0,0,0,0,15,0,0,2,1,1,0
0,0,0,0,0,0,0,1,19,0,1,2,1,1,0
0,0,0,2,0,0,0,0,16,0,0,2,1,1,0
0,0,0,2,0,0,0,0,17,0,0,2,1,1,0
0,0,0,1,0,0,1,0,14,0,0,1,1,0,0
0,0,0,1,0,0,0,1,16,0,1,2,0,1,0
0,0,0,3,0,0,0,0,11,0,0,1,1,0,0
0,0,0,2,0,0,0,0,15,0,0,2,1,1,0
0,0,0,1,0,0,0,1,17,0,1,2,1,1,0
0,0,0,2,0,0,0,0,21,0,0,2,1,1,0
0,0,0,1,0,0,1,0,14,0,0,2,1,1,0
0,0,0,0,0,0,0,0,14,0,0,2,0,1,0
0,0,0,1,0,0,0,0,12,0,0,1,0,0,0
0,0,0,1,0,0,0,0,18,0,0,2,1,1,0
0,0,0,2,0,0,0,0,17,0,0,2,0,1,0
0,0,0,2,0,0,0,0,25,0,0,3,0,2,0
0,0,0,1,0,0,0,0,19,0,0,2,1,1,0
0,0,0,0,0,0,0,0,10,0,0,2,1,1,0
0,0,0,1,0,0,0,0,17,0,0,2,1,1,0
0,0,0,1,0,0,0,0,12,0,0,2,1,1,0
0,0,0,2,0,0,1,0,12,0,0,2,1,1,0
0,0,0,0,0,0,0,0,16,0,0,2,1,1,0
0,0,0,0,0,0,0,0,20,0,0,2,1,1,0
0,0,0,2,0,0,0,0,16,0,0,2,1,1,0
0,0,0,3,0,0,0,1,16,0,1,2,0,1,0
0,0,0,0,0,0,0,0,13,0,0,2,0,1,0
0,0,0,3,0,0,0,0,14,0,0,2,1,1,0
0,0,0,2,0,0,0,0,13,0,0,2,1,1,0
0,0,0,1,0,0,0,0,12,2,0,2,1,1,0
0,0,0,1,0,0,0,0,17,2,0,2,0,1,0
0,0,0,1,0,0,0,0,21,0,0,2,1,1,0
0,0,0,2,0,0,0,0,10,0,0,1,1,0,0
0,0,0,2,0,0,0,0,12,0,0,2,0,1,0
0,0,0,1,0,0,0,0,15,0,0,2,1,1,0
0,0,0,3,0,0,1,0,18,0,0,2,1,1,0
0,0,0,2,0,0,0,0,15,0,0,2,1,1,0
0,0,0,0,0,0,0,1,17,2,2,1,1,0,0
0,0,0,3,0,0,0,0,21,0,0,2,1,1,0
0,0,0,3,0,0,0,0,15,0,0,2,1,1,0
0,0,0,2,0,0,0,0,10,0,0,2,0,1,0
0,0,0,2,0,0,0,0,22,0,0,2,1,1,0
0,0,0,3,0,0,0,0,14,0,0,1,1,0,0
0,0,0,2,0,0,0,0,20,0,0,3,0,2,0
0,0,0,2,0,0,0,0,17,0,0,2,1,1,0
0,0,0,2,0,0,0,0,20,0,0,2,1,1,0
0,0,0,2,0,0,1,0,20,0,0,2,1,1,0
0,0,0,1,0,0,0,0,18,0,0,2,1,1,0
0,0,0,0,0,0,0,0,11,0,0,2,1,1,0
0,0,0,2,0,0,0,0,21,0,0,2,1,1,0
0,0,0,0,0,0,0,0,19,0,0,2,1,1,0
0,0,0,0,0,0,1,0,11,0,0,2,1,1,0
0,0,0,2,0,0,0,0,18,0,0,2,1,1,0
0,0,0,2,0,0,0,0,19,0,0,2,1,1,0
0,0,0,1,0,0,0,0,13,0,0,2,0,1,0
0,0,0,1,0,0,0,0,18,0,0,2,1,1,0
0,0,0,1,0,0,0,0,13,0,0,2,1,1,0
0,0,0,0,0,0,0,0,16,0,0,2,0,1,0
0,0,0,2,0,0,0,0,13,0,0,2,1,1,0
0,0,0,2,0,0,0,0,16,0,0,2,1,1,0
0,0,0,1,0,0,0,0,15,0,0,2,1,1,0
0,0,0,2,0,0,0,0,11,0,0,2,0,1,0
0,0,0,2,0,0,0,0,21,0,0,2,0,1,0
0,0,0,0,0,0,0,0,15,0,0,2,0,1,0
0,0,0,2,0,0,0,0,21,0,0,2,1,1,0
0,0,0,1,0,0,0,0,20,0,0,3,0,2,0
0,0,0,1,0,0,0,0,13,3,0,2,1,1,0
0,0,0,2,0,0,0,0,19,0,0,2,0,1,0
0,0,0,1,0,0,0,0,20,0,0,2,1,1,0
0,0,0,0,0,0,0,0,13,0,0,2,1,1,0
0,0,0,0,0,0,0,0,14,0,0,2,1,1,0
0,0,0,2,0,0,0,0,12,0,0,3,0,2,0
0,0,0,0,0,0,0,0,9,0,0,2,0,1,0
0,0,0,2,0,0,0,0,16,0,0,2,0,1,0
0,0,0,2,0,0,0,0,10,0,0,1,0,0,0
0,0,0,1,0,0,0,0,11,1,0,2,1,1,0
0,0,0,2,0,0,0,0,15,0,0,2,1,1,0
0,0,0,2,0,0,0,0,16,0,0,2,1,1,0
0,0,0,0,0,0,0,0,8,0,0,1,1,0,0
0,0,0,2,0,0,0,0,18,0,0,2,1,1,0
0,0,0,0,0,0,0,0,10,0,0,2,1,1,0
0,0,0,2,0,0,0,0,17,0,0,2,1,1,0
0,0,0,2,0,0,0,0,10,0,0,2,1,1,0
0,0,0,2,0,0,0,1,18,0,1,2,1,1,0
0,0,0,2,0,0,0,0,14,2,0,2,1,1,0
0,0,0,2,0,0,0,0,21,0,0,2,1,1,0
0,0,0,1,0,0,0,0,16,0,0,2,1,1,0
0,0,0,2,0,0,0,0,21,0,0,3,0,2,0
0,0,0,1,0,0,0,0,18,0,0,2,0,1,0
0,0,0,2,0,0,1,0,16,0,0,2,1,1,0
0,0,0,1,0,0,0,0,16,0,0,2,1,1,0
0,0,0,1,0,0,1,0,26,0,0,2,1,1,0
0,0,0,1,0,0,0,0,21,0,0,2,1,1,0
0,0,0,1,0,0,0,0,15,0,0,2,1,1,0
0,0,0,0,0,0,0,0,18,0,0,3,0,2,0
0,0,0,3,0,0,0,0,13,0,0,2,1,1,0
0,0,0,0,0,0,0,0,19,2,0,2,1,1,0
0,0,0,2,0,0,0,0,14,0,0,2,1,1,0
0,0,0,2,0,0,0,0,22,0,0,2,0,1,0
0,0,0,2,0,0,0,0,11,0,0,2,1,1,0
0,0,0,2,0,0,0,0,15,0,0,2,1,1,0
0,0,0,2,0,0,0,1,20,0,1,2,1,1,0
0,0,0,1,0,0,0,0,11,0,0,2,0,1,0
0,0,0,2,0,0,0,0,19,0,0,2,1,1,0
0,0,0,0,0,0,0,0,10,0,0,2,0,1,0
0,0,0,2,0,0,0,0,13,1,0,2,0,1,0
0,0,0,1,0,0,0,0,16,0,0,1,1,0,0
0,0,0,1,0,0,0,0,15,5,0,2,0,1,0
0,0,0,2,0,0,0,0,12,1,0,2,1,1,0
0,0,0,0,0,0,0,0,15,3,0,2,1,1,0
0,0,0,0,0,0,0,0,11,0,0,1,1,0,0
0,0,0,2,0,0,0,0,27,0,0,2,1,1,0
0,0,0,1,0,0,1,0,13,0,0,2,1,1,0
0,0,0,2,0,0,0,0,24,0,0,2,1,1,0
0,0,0,2,0,0,0,0,14,0,0,2,1,1,0
0,0,0,3,0,0,0,0,13,5,0,2,0,1,0
0,0,0,2,0,0,0,0,16,0,0,2,1,1,0
0,0,0,1,0,0,0,1,18,0,1,2,1,1,0
0,0,0,2,0,0,0,0,14,0,0,2,1,1,0
0,0,0,0,0,0,0,0,20,0,0,2,1,1,0
0,0,0,0,0,0,0,0,13,0,0,2,1,1,0
0,0,0,1,0,0,0,0,22,0,0,2,1,1,0
0,0,0,0,0,0,0,0,16,0,0,3,0,2,0
0,0,0,1,0,0,0,0,23,0,0,3,0,2,0
0,0,0,1,0,0,0,0,21,0,0,2,1,1,0
0,0,0,2,0,0,1,0,18,0,0,3,0,2,0
0,0,0,2,0,0,0,0,14,0,0,2,1,1,0
0,0,0,2,0,0,0,0,18,0,0,2,1,1,0
0,0,0,0,0,0,0,0,20,0,0,3,0,2,0
0,0,0,1,0,0,0,0,12,0,0,2,0,1,0
0,0,0,3,0,0,0,0,18,0,0,2,1,1,0
0,0,0,0,0,0,0,0,18,0,0,2,1,1,0
0,0,0,2,0,0,0,0,11,0,0,2,0,1,0
0,0,0,1,0,0,0,0,14,0,0,2,1,1,0
0,0,0,2,0,0,0,0,18,0,0,3,0,2,0
0,0,0,1,0,0,1,0,19,0,0,2,1,1,0
0,0,0,1,0,0,1,0,16,0,0,2,1,1,0
0,0,0,0,0,0,1,0,19,0,0,2,1,1,0
0,0,0,3,0,0,0,0,12,0,0,1,1,0,0
0,0,0,2,0,0,0,0,24,0,0,2,1,1,0
0,0,0,1,0,0,0,0,16,0,0,2,0,1,0
0,0,0,2,0,0,0,0,10,0,0,1,1,0,0
0,0,0,3,0,0,0,0,9,0,0,2,0,1,0
0,0,0,1,0,0,0,0,12,0,0,2,1,1,0
0,0,0,2,0,0,0,0,15,0,0,2,1,1,0
0,0,0,0,0,0,0,0,15,0,0,2,1,1,0
0,0,0,1,0,0,0,0,12,0,0,1,0,0,0
0,0,0,1,0,0,0,0,19,2,0,2,1,1,0
0,0,0,2,0,0,0,0,11,0,0,2,1,1,0
0,0,0,1,0,0,0,0,14,0,0,2,0,1,0
0,0,0,2,0,0,0,0,16,0,0,2,1,1,0
0,0,0,1,0,0,0,0,17,0,0,2,1,1,0
0,0,0,2,0,0,0,0,11,1,0,2,1,1,0
0,0,0,1,0,0,0,0,15,0,0,2,1,1,0
0,0,0,3,0,0,0,0,22,0,0,2,1,1,0
0,0,0,1,0,0,1,0,18,0,0,2,1,1,0
0,0,0,0,0,0,0,0,15,0,0,3,0,2,0
0,0,0,2,0,0,0,0,15,0,0,2,0,1,0
0,0,0,1,0,0,0,0,20,0,0,2,0,1,0
0,0,0,1,0,0,0,0,17,0,0,2,0,1,0
0,0,0,0,0,0,0,0,12,0,0,2,1,1,0
0,0,0,0,0,0,0,0,16,0,0,2,1,1,0
0,0,0,2,0,0,1,0,9,0,0,2,0,1,0
0,0,0,3,0,0,0,0,17,0,0,2,1,1,0
0,0,0,1,0,0,0,0,13,1,0,2,0,1,0
0,0,0,0,0,0,0,0,13,0,0,2,1,1,0
0,0,0,2,0,0,0,0,13,0,0,2,0,1,0
0,0,0,2,0,0,0,0,18,0,0,2,1,1,0
0,0,0,2,0,0,0,0,14,0,0,2,1,1,0
0,0,0,2,0,0,0,0,9,0,0,2,1,1,0
0,0,0,0,0,0,0,0,16,0,0,2,0,1,0
0,0,0,0,0,0,1,0,16,0,0,2,1,1,0
0,0,0,2,0,0,0,0,16,2,0,2,1,1,0
0,0,0,2,0,0,0,0,18,0,0,2,0,1,0
0,0,0,1,0,0,0,0,19,0,0,2,1,1,0
0,0,0,2,0,0,0,0,14,0,0,2,1,1,0
0,0,0,1,0,0,0,0,18,0,0,2,1,1,0
0,0,0,1,0,0,0,0,14,0,0,2,1,1,0
0,0,0,0,0,0,0,0,16,0,0,2,1,1,0
0,0,0,0,0,0,0,0,12,0,0,2,0,1,0
0,0,0,1,0,0,0,0,18,0,0,2,1,1,0
0,0,0,2,0,0,0,0,17,0,0,2,0,1,0
0,0,0,2,0,0,0,0,19,0,0,2,1,1,0
0,0,0,0,0,0,0,0,17,0,0,2,0,1,0
0,0,0,2,0,0,0,0,11,2,0,2,1,1,0
0,0,0,2,0,0,1,0,21,0,0,2,1,1,0
0,0,0,1,0,0,0,0,15,0,0,2,1,1,0
0,0,0,2,0,0,0,0,17,0,0,2,1,1,0
0,0,0,2,0,0,0,0,10,0,0,1,1,0,0
0,0,0,2,0,0,1,0,19,0,0,2,1,1,0
0,0,0,0,0,0,1,0,16,0,0,2,1,1,0
0,0,0,1,0,0,0,0,17,0,0,2,1,1,0
0,0,0,2,0,0,0,0,18,0,0,3,0,2,0
0,0,0,2,0,0,0,0,19,0,0,2,1,1,0
0,0,0,0,0,0,0,0,14,0,0,2,1,1,0
0,0,0,0,0,0,0,0,13,0,0,2,1,1,0
0,0,0,2,0,0,0,0,14,0,0,2,1,1,0
0,0,0,3,0,0,0,0,23,0,0,2,1,1,0
0,0,0,3,0,0,0,0,19,0,0,2,1,1,0
0,0,0,2,0,0,0,0,15,0,0,2,1,1,0
0,0,0,2,0,0,0,0,10,0,0,2,0,1,0
0,0,0,1,0,0,0,0,6,0,0,1,1,0,0
0,0,0,3,0,0,0,0,18,0,0,2,1,1,0
0,0,0,2,0,0,0,0,18,0,0,2,1,1,0
0,0,0,3,0,0,1,0,18,0,0,3,0,2,0
0,0,0,3,0,0,0,0,19,0,0,1,1,0,0
0,0,0,1,0,0,0,0,19,0,0,2,1,1,0
0,0,0,2,0,0,0,0,7,0,0,1,1,0,0
0,0,0,2,0,0,0,0,12,0,0,2,1,1,0
0,0,0,2,0,0,0,0,12,0,0,1,0,0,0
0,0,0,1,0,0,0,0,11,0,0,2,0,1,0
0,0,0,2,0,0,0,0,20,0,0,2,1,1,0
0,0,0,1,0,0,0,0,16,0,0,2,1,1,0
0,0,0,1,0,0,0,0,16,0,0,2,1,1,0
0,0,0,2,0,0,0,0,14,0,0,2,1,1,0
0,0,0,3,0,0,0,0,16,0,0,3,0,2,0
0,0,0,0,0,0,0,0,18,0,0,2,1,1,0
0,0,0,2,0,0,0,0,15,0,0,3,0,2,0
0,0,0,3,0,0,0,0,16,0,0,2,0,1,0
0,0,0,2,0,0,0,0,27,0,0,2,1,1,0
0,0,0,0,0,0,0,0,26,0,0,2,0,1,0
0,0,0,1,0,0,0,0,17,1,0,2,1,1,0
0,0,0,1,0,0,0,1,20,0,1,2,1,1,0
0,0,0,3,0,0,0,0,13,0,0,2,0,1,0
0,0,0,2,0,0,0,0,22,0,0,2,1,1,0
0,0,0,0,0,0,0,0,19,0,0,2,1,1,0
0,0,0,1,0,0,0,0,21,1,0,2,1,1,0
0,0,0,0,0,0,0,0,12,0,0,2,0,1,0
0,0,0,0,0,0,0,0,13,0,0,2,1,1,0
0,0,0,0,0,0,0,0,18,0,0,2,1,1,0
0,0,0,1,0,0,0,0,19,0,0,2,0,1,0
0,0,0,2,0,0,0,0,15,0,0,2,0,1,0
0,0,0,2,0,0,0,0,22,0,0,2,1,1,0
0,0,0,0,0,0,0,0,22,0,0,2,1,1,0
0,0,0,1,0,0,0,0,11,2,0,1,0,0,0
0,0,0,2,0,0,0,0,17,0,0,2,1,1,0
0,0,0,2,0,0,0,1,19,0,1,2,1,1,0
0,0,0,2,0,0,0,0,18,0,0,2,1,1,0
0,0,0,2,0,0,0,0,17,0,0,2,1,1,0
0,0,0,2,0,0,0,0,26,0,0,4,0,3,0
0,0,0,1,0,0,0,0,17,0,0,2,1,1,0
0,0,0,1,0,0,0,0,13,0,0,2,0,1,0
0,0,0,3,0,0,0,0,19,9,0,1,0,0,0
0,0,0,1,0,0,0,0,13,0,0,2,0,1,0
0,0,0,1,0,0,0,0,11,0,0,2,1,1,0
0,0,0,1,0,0,0,0,10,0,0,2,1,1,0
0,0,0,1,0,0,0,0,10,0,0,2,0,1,0
0,0,0,2,0,0,0,0,12,0,0,2,0,1,0
0,0,0,0,0,0,0,0,10,3,0,1,1,0,0
0,0,0,1,0,0,1,0,20,0,0,2,1,1,0
0,0,0,2,0,0,0,0,15,0,0,2,1,1,0
0,0,0,1,0,0,0,0,15,0,0,2,0,1,0
0,0,0,2,0,0,0,0,18,0,0,3,0,2,0
0,0,0,1,0,0,1,0,23,0,0,2,1,1,0
0,0,0,3,0,0,0,0,13,0,0,2,1,1,0
0,0,0,2,0,0,0,0,16,0,0,2,0,1,0
0,0,0,1,0,0,0,1,22,0,1,2,1,1,0
0,0,0,1,0,0,0,0,13,0,0,2,1,1,0
0,0,0,2,0,0,0,0,17,0,0,2,1,1,0
0,0,0,2,0,0,0,0,24,0,0,2,1,1,0
0,0,0,0,0,0,1,0,13,0,0,2,1,1,0
0,0,0,2,0,0,1,0,15,0,0,2,1,1,0
0,0,0,2,0,0,0,0,16,0,0,2,0,1,0
0,0,0,1,0,0,0,0,17,0,0,2,1,1,0
0,0,0,0,0,0,0,0,14,0,0,2,1,1,0
0,0,0,0,0,0,1,0,19,0,0,2,1,1,0
0,0,0,1,0,0,0,0,14,0,0,2,1,1,0
0,0,0,1,0,0,0,0,20,0,0,2,1,1,0
0,0,0,1,0,0,0,1,26,0,1,2,1,1,0
0,0,0,1,0,0,0,0,17,0,0,2,0,1,0
0,0,0,1,0,0,0,0,13,0,0,2,1,1,0
0,0,0,2,0,0,0,0,11,0,0,1,0,0,0
0,0,0,2,0,0,0,0,15,0,0,2,0,1,0
0,0,0,0,0,0,0,1,24,0,1,3,0,2,0
0,0,0,1,0,0,0,0,20,0,0,2,1,1,0
0,0,0,3,0,0,0,0,15,0,0,2,1,1,0
0,0,0,3,0,0,0,0,12,2,0,2,1,1,0
0,0,0,2,0,0,0,0,7,0,0,1,1,0,0
0,0,0,1,0,0,0,0,15,0,0,2,1,1,0
0,0,0,1,0,0,0,0,18,2,0,2,1,1,0
0,0,0,2,0,0,0,0,22,0,0,2,1,1,0
0,0,0,2,0,0,0,0,20,0,0,2,1,1,0
0,0,0,1,0,0,0,0,17,0,0,2,1,1,0
0,0,0,1,0,0,0,0,16,0,0,2,1,1,0
0,0,0,0,0,0,0,0,17,0,0,2,1,1,0
0,0,0,1,0,0,0,0,18,0,0,3,0,2,0
0,0,0,2,0,0,0,0,14,0,0,2,1,1,0
0,0,0,2,0,0,0,0,14,0,0,2,0,1,0
0,0,0,1,0,0,0,0,14,0,0,2,1,1,0
0,0,0,1,0,0,0,0,20,0,0,2,1,1,0
0,0,0,3,0,0,0,0,23,0,0,3,0,2,0
0,0,0,2,0,0,1,0,25,0,0,3,0,2,0
0,0,0,2,0,0,0,0,17,0,0,2,1,1,0
0,0,0,2,0,0,0,0,21,0,0,2,1,1,0
0,0,0,2,0,0,0,0,14,0,0,2,0,1,0
0,0,0,2,0,0,0,0,13,0,0,1,1,0,0
0,0,0,2,0,0,1,0,18,0,0,2,1,1,0
0,0,0,2,0,0,1,0,18,0,0,3,0,2,0
0,0,0,2,0,0,0,0,13,0,0,2,1,1,0
0,0,0,3,0,0,0,0,16,0,0,2,1,1,0
0,0,0,1,0,0,0,1,22,0,1,2,0,1,0
0,0,0,0,0,0,0,0,16,0,0,2,1,1,0
0,0,0,1,0,0,0,0,18,0,0,2,1,1,0
0,0,0,2,0,0,0,0,16,0,0,2,1,1,0
0,0,0,2,0,0,0,0,19,0,0,2,1,1,0
0,0,0,1,0,0,0,0,17,0,0,2,1,1,0
0,0,0,1,0,0,0,0,18,0,0,2,1,1,0
0,0,0,2,0,0,0,1,22,0,1,3,0,2,0
0,0,0,1,0,0,0,0,22,0,0,2,1,1,0
0,0,0,0,0,0,0,0,17,0,0,2,1,1,0
0,0,0,2,0,0,0,0,12,0,0,1,0,0,0
0,0,0,1,0,0,0,0,20,0,0,2,1,1,0
0,0,0,2,0,0,0,0,12,0,0,2,0,1,0
0,0,0,2,0,0,0,0,13,0,0,3,0,2,0
0,0,0,1,0,0,0,0,17,0,0,3,0,2,0
0,0,0,3,0,0,0,0,11,0,0,2,1,1,0
0,0,0,3,0,0,0,0,19,3,0,2,1,1,0
0,0,0,2,0,0,0,0,15,0,0,2,1,1,0
0,0,0,0,0,0,0,0,19,0,0,3,0,2,0
0,0,0,2,0,0,0,0,12,0,0,1,1,0,0
0,0,0,2,0,0,0,0,20,0,0,2,1,1,0
0,0,0,2,0,0,0,0,16,2,0,1,1,0,0
0,0,0,1,0,0,0,0,14,0,0,2,0,1,0
0,0,0,0,0,0,0,0,11,0,0,1,0,0,0
0,0,0,1,0,0,0,0,14,0,0,2,1,1,0
0,0,0,1,0,0,0,0,14,0,0,2,0,1,0
0,0,0,0,0,0,0,0,14,0,0,2,1,1,0
0,0,0,2,0,0,0,0,18,0,0,2,1,1,0
0,0,0,1,0,0,0,0,18,0,0,2,1,1,0
0,0,0,0,0,0,0,0,11,0,0,2,1,1,0
0,0,0,1,0,0,0,0,13,0,0,1,1,0,0
0,0,0,2,0,0,0,0,15,0,0,2,1,1,0
0,0,0,2,0,0,0,0,16,2,0,2,1,1,0
0,0,0,2,0,0,0,0,21,0,0,2,1,1,0
0,0,0,1,0,0,0,0,19,0,0,3,0,2,0
0,0,0,2,0,0,0,0,16,0,0,2,0,1,0
0,0,0,1,0,0,0,0,21,0,0,2,1,1,0
0,0,0,3,0,0,0,0,17,1,0,2,1,1,0
0,0,0,1,0,0,0,0,12,0,0,1,1,0,0
0,0,0,1,0,0,0,0,17,0,0,2,1,1,0
0,0,0,0,0,0,0,0,21,0,0,2,1,1,0
0,0,0,2,0,0,0,0,17,3,0,2,1,1,0
0,0,0,0,0,0,0,0,15,0,0,2,1,1,0
0,0,0,0,0,0,0,0,30,0,0,2,1,1,0
0,0,0,1,0,0,0,0,17,0,0,2,0,1,0
0,0,0,2,0,0,0,0,23,0,0,2,1,1,0
0,0,0,2,0,0,0,0,10,0,0,1,1,0,0
0,0,0,0,0,0,0,0,11,0,0,1,1,0,0
0,0,0,0,0,0,1,0,12,0,0,1,1,0,0
0,0,0,3,0,0,0,0,12,0,0,2,1,1,0
0,0,0,3,0,0,0,0,18,0,0,3,0,2,0
0,0,0,2,0,0,0,0,14,0,0,2,0,1,0
0,0,0,2,0,0,0,0,19,0,0,2,1,1,0
0,0,0,1,0,0,0,0,14,0,0,2,1,1,0
0,0,0,1,0,0,1,0,15,0,0,2,0,1,0
0,0,0,0,0,0,0,0,15,0,0,2,1,1,0
0,0,0,1,0,0,0,0,14,0,0,2,1,1,0
0,0,0,2,0,0,0,0,14,0,0,2,1,1,0
0,0,0,3,0,0,0,0,11,0,0,2,0,1,0
0,0,0,2,0,0,0,0,11,0,0,2,1,1,0
0,0,0,0,0,0,0,0,18,0,0,2,1,1,0
0,0,0,0,0,0,0,0,12,0,0,2,1,1,0
0,0,0,2,0,0,0,0,14,0,0,2,1,1,0
0,0,0,2,0,0,0,0,20,0,0,2,1,1,0
0,0,0,1,0,0,0,0,26,0,0,2,1,1,0
0,0,0,1,0,0,0,0,13,0,0,2,1,1,0
0,0,0,3,0,0,0,0,17,0,0,2,0,1,0
0,0,0,1,0,0,0,0,15,3,0,2,1,1,0
0,0,0,2,0,0,0,0,14,0,0,1,1,0,0
0,0,0,1,0,0,1,0,25,0,0,3,0,2,0
0,0,0,2,0,0,0,0,19,0,0,2,0,1,0
0,0,0,0,0,0,0,0,12,0,0,2,1,1,0
0,0,0,0,0,0,0,0,9,2,0,1,0,0,0
0,0,0,2,0,0,0,0,17,0,0,2,1,1,0
0,0,0,1,0,0,1,0,26,0,0,2,1,1,0
0,0,0,2,0,0,0,0,15,0,0,2,1,1,0
0,0,0,0,0,0,0,0,10,1,0,2,1,1,0
0,0,0,1,0,0,0,0,21,0,0,2,1,1,0
0,0,0,1,0,0,0,1,22,0,2,2,1,1,0
0,0,0,2,0,0,0,0,17,0,0,2,0,1,0
0,0,0,0,0,0,1,0,12,0,0,1,1,0,0
0,0,0,0,0,0,0,0,18,0,0,3,0,2,0
0,0,0,2,0,0,0,0,17,0,0,2,1,1,0
0,0,1,3,0,0,0,0,25,0,0,2,1,1,0
0,0,0,0,0,0,0,0,11,0,0,2,0,1,0
0,0,0,0,0,0,0,0,13,0,0,1,0,0,0
0,0,0,1,0,0,0,0,23,0,0,2,1,1,0
0,0,0,2,0,0,0,0,19,0,0,2,0,1,0
0,0,0,2,0,0,0,0,13,0,0,2,1,1,0
0,0,0,0,0,0,0,0,11,0,0,2,1,1,0
0,0,0,2,0,0,0,0,25,0,0,2,1,1,0
0,0,0,0,0,0,0,0,13,0,0,2,0,1,0
0,0,0,3,0,0,0,0,14,0,0,2,1,1,0
0,0,0,1,0,0,0,0,17,0,0,2,1,1,0
0,0,0,2,0,0,0,0,18,0,0,2,1,1,0
0,0,0,1,0,0,0,0,21,0,0,2,1,1,0
0,0,0,1,0,0,0,0,22,0,0,2,1,1,0
0,0,0,1,0,0,0,0,9,0,0,1,1,0,0
0,0,0,3,0,0,0,0,20,0,0,2,1,1,0
0,0,0,2,0,0,0,0,16,2,0,2,1,1,0
0,0,0,2,0,0,0,0,23,0,0,2,1,1,0
0,0,0,2,0,0,1,0,13,2,0,2,1,1,0
0,0,0,2,0,0,0,0,15,0,0,2,1,1,0
0,0,0,0,0,0,0,0,13,1,0,2,0,1,0
0,0,0,2,0,0,0,0,10,0,0,2,0,1,0
0,0,0,0,0,0,0,0,20,0,0,2,1,1,0
0,0,0,2,0,0,0,0,15,0,0,2,1,1,0
0,0,0,0,0,0,0,0,15,0,0,1,1,0,0
0,0,0,2,0,0,0,0,12,0,0,2,0,1,0
0,0,0,2,0,0,0,0,9,0,0,1,1,0,0
0,0,0,2,0,0,0,0,17,0,0,2,1,1,0
0,0,0,2,0,0,0,0,17,0,0,2,1,1,0
0,0,0,2,0,0,0,0,12,0,0,2,1,1,0
0,0,0,0,0,0,0,0,20,1,0,3,0,2,0
0,0,0,1,0,0,0,0,12,0,0,2,1,1,0
0,0,0,2,0,0,0,0,20,0,0,2,1,1,0
0,0,0,1,0,0,0,0,20,0,0,3,0,2,0
0,0,0,2,0,0,0,0,26,0,0,2,1,1,0
0,0,0,0,0,0,0,0,17,0,0,1,0,0,0
0,0,0,2,0,0,0,0,17,0,0,2,1,1,0
0,0,0,2,0,0,0,0,19,0,0,3,0,2,0
0,0,0,0,0,0,0,1,18,0,1,2,1,1,0
0,0,0,2,0,0,1,0,19,0,0,2,1,1,0
0,0,0,2,0,0,0,0,19,0,0,2,1,1,0
0,0,0,0,0,0,0,0,18,0,0,2,0,1,0
0,0,0,1,0,0,0,0,16,1,0,2,1,1,0
0,0,0,3,0,0,0,0,19,0,0,2,1,1,0
0,0,0,1,0,0,0,0,20,0,0,2,0,1,0
0,0,0,2,0,0,0,0,10,0,0,2,0,1,0
0,0,0,2,0,0,0,0,18,0,0,2,0,1,0
0,0,0,0,0,0,0,0,15,0,0,2,0,1,0
0,0,0,2,0,0,0,0,17,0,0,2,1,1,0
0,0,0,0,0,0,0,0,17,2,0,2,1,1,0
0,0,0,0,0,0,0,0,20,0,0,3,0,2,0
0,0,0,3,0,0,0,0,14,0,0,2,1,1,0
0,0,0,0,0,0,0,0,15,0,0,2,1,1,0
0,0,0,2,0,0,0,0,18,0,0,2,1,1,0
0,0,0,0,0,0,0,0,10,0,0,1,1,0,0
0,0,0,2,0,0,0,0,24,0,0,2,1,1,0
0,0,0,2,0,0,0,0,25,0,0,2,1,1,0
0,0,0,1,0,0,0,0,14,3,0,2,0,1,0
0,0,0,2,0,0,0,0,16,0,0,2,0,1,0
0,0,0,0,0,0,0,0,17,0,0,2,0,1,0
0,0,0,2,0,0,0,0,19,0,0,2,1,1,0
0,0,0,2,0,0,1,1,26,0,1,2,1,1,0
0,0,0,2,0,0,0,0,16,0,0,2,1,1,0
0,0,0,2,0,0,0,0,19,0,0,2,1,1,0
0,0,0,0,0,0,0,0,16,0,0,2,1,1,0
0,0,0,1,0,0,0,0,16,0,0,3,0,2,0
0,0,0,2,0,0,0,0,10,0,0,1,1,0,0
0,0,0,1,0,0,0,0,17,0,0,3,0,2,0
0,0,0,2,0,0,0,0,19,0,0,2,1,1,0
0,0,0,0,0,0,0,0,20,0,0,3,0,2,0
0,0,0,1,0,0,0,0,14,0,0,1,1,0,0
0,0,0,1,0,0,0,0,20,0,0,2,1,1,0
0,0,0,0,0,0,0,0,14,0,0,2,1,1,0
0,0,0,2,0,0,1,0,21,0,0,2,1,1,0
0,0,0,1,0,0,0,0,20,0,0,2,1,1,0
0,0,0,3,0,0,0,0,15,1,0,2,1,1,0
0,0,0,2,0,0,0,0,15,2,0,2,1,1,0
0,0,0,2,0,0,0,0,11,0,0,2,1,1,0
0,0,0,3,0,0,0,1,14,0,1,2,0,1,0
0,0,0,2,0,0,0,0,12,0,0,1,1,0,0
0,0,0,2,0,0,0,0,16,0,0,2,1,1,0
0,0,0,2,0,0,0,0,17,0,0,2,1,1,0
0,0,0,1,0,0,0,0,24,0,0,4,0,3,0
0,0,0,0,0,0,0,0,17,0,0,2,1,1,0
0,0,0,0,0,0,0,0,20,0,0,2,1,1,0
0,0,0,3,0,0,0,0,9,0,0,2,0,1,0
0,0,0,2,0,0,0,0,18,0,0,2,1,1,0
0,0,0,1,0,0,0,0,17,0,0,2,1,1,0
0,0,0,1,0,0,0,0,12,0,0,2,0,1,0
0,0,0,0,0,0,1,0,17,0,0,2,1,1,0
0,0,0,2,0,0,0,0,16,0,0,2,1,1,0
0,0,0,2,0,0,0,0,12,0,0,2,0,1,0
0,0,0,3,0,0,0,0,22,0,0,3,0,2,0
0,0,0,2,0,0,0,0,19,0,0,3,0,2,0
0,0,0,1,0,0,0,0,10,0,0,2,1,1,0
0,0,0,2,0,0,0,0,15,0,0,2,1,1,0
0,0,0,2,0,0,0,0,15,0,0,2,0,1,0
0,0,0,1,0,0,0,0,20,0,0,2,1,1,0
0,0,0,2,0,0,0,0,13,2,0,2,1,1,0
0,0,0,1,0,0,0,0,13,0,0,2,0,1,0
0,0,0,2,0,0,1,0,16,0,0,2,1,1,0
0,0,0,1,0,0,0,0,12,0,0,2,0,1,0
0,0,0,1,0,0,0,0,8,0,0,2,0,1,0
0,0,0,1,0,0,0,0,12,0,0,2,0,1,0
0,0,0,1,0,0,0,0,28,0,0,2,1,1,0
0,0,0,2,0,0,1,0,21,0,0,2,1,1,0
0,0,0,2,0,0,0,0,22,0,0,2,1,1,0
0,0,0,2,0,0,0,0,15,0,0,2,1,1,0
0,0,0,2,0,0,0,0,16,0,0,3,0,2,0
0,0,0,2,0,0,0,1,17,0,1,2,1,1,0
0,0,0,2,0,0,1,0,17,0,0,2,1,1,0
0,0,0,3,0,0,0,0,17,0,0,2,1,1,0
0,0,0,2,0,0,0,0,19,0,0,1,1,0,0
0,0,0,0,0,0,0,0,14,0,0,2,1,1,0
0,0,0,1,0,0,0,0,15,0,0,2,1,1,0
0,0,0,0,0,0,0,0,6,0,0,1,0,0,0
0,0,0,1,0,0,0,0,11,0,0,2,1,1,0
0,0,0,1,0,0,0,0,17,0,0,2,1,1,0
0,0,0,1,0,0,0,1,20,0,1,2,1,1,0
0,0,0,1,0,0,0,0,11,0,0,1,1,0,0
0,0,0,2,0,0,0,0,11,0,0,2,0,1,0
0,0,0,2,0,0,0,0,9,0,0,1,1,0,0
0,0,0,0,0,0,0,0,18,0,0,2,1,1,0
0,0,0,2,0,0,0,0,17,0,0,3,0,2,0
0,0,0,2,0,0,0,0,14,0,0,2,1,1,0
0,0,0,1,0,0,0,0,13,0,0,2,1,1,0
0,0,0,1,0,0,0,0,15,0,0,2,0,1,0
0,0,0,3,0,0,1,0,15,0,0,1,1,0,0
0,0,0,3,0,0,0,0,24,0,0,2,1,1,0
0,0,0,2,0,0,0,0,17,0,0,2,1,1,0
0,0,0,0,0,0,0,0,6,0,0,1,0,0,0
0,0,0,1,0,0,0,0,18,0,0,2,1,1,0
0,0,0,2,0,0,0,0,11,0,0,2,1,1,0
0,0,0,2,0,0,0,0,11,0,0,2,1,1,0
0,0,0,2,0,0,0,0,9,0,0,2,0,1,0
0,0,0,1,0,0,0,0,16,0,0,2,1,1,0
0,0,0,1,0,0,0,0,18,0,0,2,1,1,0
0,0,0,1,0,0,1,0,17,0,0,2,1,1,0
0,0,0,1,0,0,0,0,12,5,0,2,0,1,0
0,0,0,2,0,0,0,0,11,0,0,2,0,1,0
0,0,0,3,0,0,0,0,14,0,0,3,0,2,0
0,0,0,3,0,0,0,1,16,0,1,1,0,0,0
0,0,0,2,0,0,0,0,16,0,0,2,0,1,0
0,0,0,1,0,0,0,0,19,0,0,2,0,1,0
0,0,0,2,0,0,0,0,14,0,0,2,1,1,0
0,0,0,0,0,0,0,0,22,0,0,2,0,1,0
0,0,0,2,0,0,0,0,17,0,0,3,0,2,0
0,0,0,0,0,0,0,0,13,0,0,2,0,1,0
0,0,0,2,0,0,0,0,14,0,0,2,0,1,0
0,0,0,0,0,0,0,0,19,0,0,2,1,1,0
0,0,0,1,0,0,0,0,19,0,0,3,0,2,0
0,0,0,2,0,0,0,0,19,0,0,2,1,1,0
0,0,0,2,0,0,0,0,14,0,0,2,0,1,0
0,0,0,2,0,0,0,0,24,0,0,2,1,1,0
0,0,0,1,0,0,0,0,11,0,0,2,0,1,0
0,0,0,2,0,0,0,0,10,0,0,2,0,1,0
0,0,0,2,0,0,0,0,20,0,0,2,1,1,0
0,0,0,3,0,0,0,0,9,0,0,2,0,1,0
0,0,0,2,0,0,0,0,19,0,0,2,1,1,0
0,0,0,0,0,0,0,0,21,0,0,3,1,2,0
0,0,0,1,0,0,0,0,17,0,0,2,1,1,0
0,0,0,2,0,0,0,0,14,0,0,3,0,2,0
0,0,0,2,0,0,0,0,21,0,0,3,0,2,0
0,0,0,1,0,0,0,0,17,0,0,2,1,1,0
0,0,0,2,0,0,0,0,11,0,0,2,1,1,0
0,0,0,2,0,0,0,0,19,0,0,2,1,1,0
0,0,0,0,0,0,0,0,11,0,0,1,1,0,0
0,0,0,2,0,0,0,0,22,0,0,2,1,1,0
0,0,0,2,0,0,0,0,16,1,0,2,1,1,0
0,0,0,1,0,0,0,0,14,0,0,2,1,1,0
0,0,0,2,0,0,0,0,5,0,0,1,0,0,0
0,0,0,0,0,0,0,0,16,0,0,2,1,1,0
0,0,0,1,0,0,0,0,16,0,0,2,0,1,0
0,0,0,1,0,0,0,0,12,0,0,2,0,1,0
0,0,0,2,0,0,0,0,9,0,0,1,1,0,0
0,0,0,2,0,0,0,0,14,0,0,2,0,1,0
0,0,0,2,0,0,0,0,14,0,0,2,1,1,0
0,0,0,0,0,0,0,0,20,0,0,2,1,1,0
0,0,0,1,0,0,0,0,14,0,0,2,0,1,0
0,0,0,2,0,0,0,0,14,0,0,2,1,1,0
0,0,0,0,0,0,0,0,14,4,0,2,1,1,0
0,0,0,2,0,0,0,0,20,0,0,2,1,1,0
0,0,0,0,0,0,0,0,19,0,0,2,1,1,0
0,0,0,1,0,0,0,0,10,0,0,2,0,1,0
0,0,0,3,0,0,0,0,14,0,0,2,1,1,0
0,0,0,1,0,0,0,0,20,0,0,2,1,1,0
0,0,0,3,0,0,1,0,16,0,0,2,1,1,0
0,0,0,1,0,0,0,0,10,0,0,2,0,1,0
0,0,0,2,0,0,0,0,9,0,0,1,1,0,0
0,0,0,0,0,0,0,0,20,0,0,2,1,1,0
0,0,0,0,0,0,0,0,27,0,0,2,1,1,0
0,0,0,1,0,0,0,0,10,0,0,1,1,0,0
0,0,0,2,0,0,0,0,15,0,0,2,0,1,0
0,0,0,2,0,0,0,0,10,0,0,2,0,1,0
0,0,0,1,0,0,0,0,11,0,0,2,1,1,0
0,0,0,3,0,0,0,0,20,0,0,2,1,1,0
0,0,0,3,0,0,0,0,13,1,0,2,1,1,0
0,0,0,2,0,0,0,0,11,0,0,2,0,1,0
0,0,0,3,0,0,0,0,13,0,0,1,1,0,0
0,0,0,2,0,0,0,0,25,0,0,2,1,1,0
0,0,0,2,0,0,0,0,14,0,0,1,1,0,0
0,0,0,2,0,0,0,0,19,0,0,2,1,1,0
0,0,0,0,0,0,0,0,9,0,0,1,1,0,0
0,0,0,2,0,0,0,0,17,0,0,2,1,1,0
0,0,0,1,0,0,0,0,16,0,0,2,1,1,0
0,0,0,2,0,0,0,0,18,0,0,2,1,1,0
0,0,0,1,0,0,0,0,12,0,0,2,0,1,0
0,0,0,3,0,0,0,0,20,0,0,2,1,1,0
0,0,0,0,0,0,0,0,16,0,0,2,1,1,0
0,0,0,1,0,0,0,0,25,0,0,2,1,1,0
0,0,0,1,0,0,0,0,17,0,0,2,1,1,0
0,0,0,3,0,0,0,0,21,0,0,2,1,1,0
0,0,0,1,0,0,0,0,25,0,0,2,1,1,0
0,0,0,1,0,0,0,0,20,0,0,2,1,1,0
0,0,0,0,0,0,0,0,18,0,0,2,1,1,0
0,0,0,2,0,0,0,0,23,0,0,2,1,1,0
0,0,0,0,0,0,0,0,15,4,0,3,0,2,0
0,0,0,0,0,0,0,0,9,0,0,1,1,0,0
0,0,0,2,0,0,0,0,17,0,0,2,0,1,0
0,0,0,2,0,0,0,0,14,0,0,2,1,1,0
0,0,0,0,0,0,0,0,15,3,0,3,0,2,0
0,0,0,1,0,0,0,0,16,0,0,2,1,1,0
0,0,0,1,0,0,0,0,18,0,0,2,1,1,0
0,0,0,2,0,0,0,0,17,0,0,2,1,1,0
0,0,0,1,0,0,0,0,21,0,0,2,1,1,0
0,0,0,1,0,0,1,0,20,0,0,2,1,1,0
0,0,0,1,0,0,0,0,16,0,0,2,1,1,0
0,0,0,0,0,0,0,0,12,0,0,2,1,1,0
0,0,0,2,0,0,0,0,16,0,0,2,0,1,0
0,0,0,2,0,0,0,0,7,0,0,1,1,0,0
0,0,0,2,0,0,0,0,13,0,0,2,0,1,0
0,0,0,1,0,0,1,0,18,0,0,2,1,1,0
0,0,0,1,0,0,0,0,10,0,0,2,0,1,0
0,0,0,1,0,0,0,0,16,0,0,2,1,1,0
0,0,0,2,0,0,0,0,22,0,0,2,1,1,0
0,0,0,2,0,0,0,0,23,0,0,2,1,1,0
0,0,0,1,0,0,0,0,11,0,0,2,1,1,0
0,0,0,1,0,0,0,0,18,0,0,2,1,1,0
0,0,0,0,0,0,0,0,16,0,0,3,0,2,0
0,0,0,2,0,0,0,0,17,0,0,2,0,1,0
0,0,0,2,0,0,0,0,23,0,0,2,1,1,0
0,0,0,2,0,0,0,0,20,0,0,2,1,1,0
0,0,0,2,0,0,0,0,18,0,0,2,0,1,0
0,0,0,2,0,0,1,0,18,0,0,2,1,1,0
0,0,0,2,0,0,0,0,20,0,0,2,1,1,0
0,0,1,3,0,0,0,0,25,0,0,3,0,2,0
0,0,0,0,0,0,0,0,15,0,0,3,0,2,0
0,0,0,1,0,0,0,0,21,0,0,3,1,2,0
0,0,0,3,0,0,0,0,10,0,0,2,0,1,0
0,0,0,2,0,0,0,0,17,0,0,3,0,2,0
0,0,0,2,0,0,0,0,16,0,0,2,1,1,0
0,0,0,2,0,0,1,0,16,0,0,2,1,1,0
0,0,0,2,0,0,0,0,12,0,0,2,0,1,0
0,0,0,2,0,0,0,0,15,0,0,2,1,1,0
0,0,0,0,0,0,0,0,16,0,0,2,0,1,0
0,0,0,2,0,0,0,0,13,2,0,2,1,1,0
0,0,0,1,0,0,1,0,20,0,0,2,1,1,0
0,0,0,2,0,0,0,0,18,0,0,2,1,1,0
0,0,0,1,0,0,0,0,19,0,0,2,1,1,0
0,0,0,0,0,0,0,0,18,0,0,2,1,1,0
0,0,0,2,0,0,0,0,10,0,0,1,1,0,0
0,0,0,2,0,0,0,0,10,0,0,2,0,1,0
0,0,0,3,0,0,1,0,14,0,0,2,1,1,0
0,0,0,1,0,0,0,0,16,0,0,2,0,1,0
0,0,0,2,0,0,0,0,8,0,0,1,1,0,0
0,0,0,2,0,0,0,0,19,0,0,2,1,1,0
0,0,0,2,0,0,1,0,18,0,0,2,1,1,0
0,0,0,2,0,0,0,0,20,0,0,2,1,1,0
0,0,0,1,0,0,0,0,23,0,0,2,0,1,0
0,0,0,1,0,0,0,0,14,0,0,2,1,1,0
0,0,0,2,0,0,0,0,22,0,0,2,0,1,0
0,0,0,2,0,0,0,0,16,0,0,2,0,1,0
0,0,0,3,0,0,0,0,9,0,0,2,0,1,0
0,0,0,2,0,0,0,0,18,0,0,2,1,1,0
0,0,0,1,0,0,0,0,18,0,0,1,1,0,0
0,0,0,1,0,0,1,0,14,0,0,2,1,1,0
0,0,0,1,0,0,0,0,17,0,0,2,0,1,0
0,0,0,1,0,0,0,0,18,0,0,2,1,1,0
0,0,0,2,0,0,0,0,14,0,0,2,0,1,0
0,0,0,1,0,0,0,0,20,0,0,2,1,1,0
0,0,0,2,0,0,0,0,11,0,0,2,0,1,0
0,0,0,1,0,0,0,0,15,0,0,1,1,0,0
0,0,0,1,0,0,0,0,14,0,0,2,1,1,0
0,0,0,1,0,0,0,0,13,0,0,2,0,1,0
0,0,0,1,0,0,0,0,21,0,0,2,1,1,0
0,0,0,1,0,0,0,0,10,0,0,1,1,0,0
0,0,0,2,0,0,0,0,12,0,0,2,1,1,0
0,0,0,2,0,0,0,0,16,0,0,2,1,1,0
0,0,0,0,0,0,0,0,17,0,0,2,1,1,0
0,0,0,2,0,0,0,0,12,0,0,2,0,1,0
0,0,0,2,0,0,0,0,12,0,0,2,1,1,0
0,0,0,1,0,0,0,0,13,0,0,2,1,1,0
0,0,0,2,0,0,1,0,15,0,0,2,1,1,0
0,0,0,1,0,0,0,0,14,0,0,2,1,1,0
0,0,0,3,0,0,0,0,12,0,0,2,0,1,0
0,0,0,2,0,0,0,0,22,0,0,2,0,1,0
0,0,0,2,0,0,0,0,14,0,0,3,0,2,0
0,0,0,3,0,0,0,0,19,0,0,2,1,1,0
0,0,0,2,0,0,0,0,16,5,0,2,0,1,0
0,0,0,2,0,0,0,0,11,0,0,2,0,1,0
0,0,0,2,0,0,0,0,18,0,0,2,0,1,0
0,0,0,2,0,0,0,1,19,0,1,2,1,1,0
0,0,0,2,0,0,0,0,14,0,0,1,0,0,0
0,0,0,2,0,0,0,0,18,0,0,2,1,1,0
0,0,0,1,0,0,0,0,13,0,0,2,1,1,0
0,0,0,2,0,0,0,0,17,0,0,2,1,1,0
0,0,0,1,0,0,0,0,17,3,0,2,1,1,0
0,0,0,1,0,0,0,0,14,0,0,2,1,1,0
0,0,0,2,0,0,1,0,19,0,0,3,1,2,0
0,0,0,0,0,0,0,0,15,0,0,3,0,2,0
0,0,0,3,0,0,0,0,20,0,0,2,1,1,0
0,0,0,0,0,0,1,0,23,0,0,2,1,1,0
0,0,0,2,0,0,0,0,21,0,0,2,1,1,0
0,0,0,1,0,0,0,0,25,0,0,2,1,1,0
0,0,0,1,0,0,0,0,15,0,0,2,1,1,0
0,0,0,0,0,0,0,0,17,0,0,2,1,1,0
0,0,0,0,0,0,0,0,18,0,0,2,1,1,0
0,0,0,2,0,0,0,0,14,0,0,2,1,1,0
0,0,0,1,0,0,0,0,16,0,0,2,1,1,0
0,0,0,2,0,0,0,0,17,0,0,3,0,2,0
0,0,0,2,0,0,0,0,10,0,0,1,1,0,0
0,0,0,0,0,0,0,0,19,0,0,2,1,1,0
0,0,0,1,0,0,0,0,22,0,0,2,1,1,0
0,0,0,2,0,0,0,0,16,2,0,2,1,1,0
0,0,0,2,0,0,0,0,11,0,0,2,1,1,0
0,0,0,0,0,0,0,0,16,0,0,2,1,1,0
0,0,0,0,0,0,0,0,16,0,0,2,1,1,0
0,0,0,2,0,0,0,0,16,0,0,2,1,1,0
0,0,0,2,0,0,0,0,14,0,0,2,1,1,0
0,0,0,1,0,0,0,0,18,0,0,2,0,1,0
0,0,0,3,0,0,0,1,16,0,1,2,0,1,0
0,0,0,1,0,0,0,0,17,0,0,2,1,1,0
0,0,0,1,0,0,0,0,13,0,0,3,0,2,0
0,0,0,2,0,0,0,0,14,0,0,2,0,1,0
0,0,0,1,0,0,0,0,17,0,0,2,1,1,0
0,0,0,2,0,0,0,0,16,0,0,2,0,1,0
0,0,0,2,0,0,0,0,16,0,0,3,0,2,0
0,0,0,1,0,0,0,0,16,0,0,2,1,1,0
0,0,0,3,0,0,0,0,19,0,0,2,1,1,0
0,0,0,0,0,0,0,0,12,0,0,2,0,1,0
0,0,0,1,0,0,0,0,8,0,0,1,0,0,0
0,0,0,2,0,0,0,0,17,0,0,3,0,2,0
0,0,0,1,0,0,0,0,23,0,0,2,1,1,0
0,0,0,0,0,0,0,0,16,0,0,2,1,1,0
0,0,0,2,0,0,0,0,16,0,0,2,1,1,0
0,0,0,2,0,0,0,0,19,0,0,2,0,1,0
0,0,0,2,0,0,0,0,10,0,0,1,1,0,0
0,0,0,0,0,0,0,0,19,0,0,2,0,1,0
0,0,0,2,0,0,0,0,18,0,0,2,1,1,0
0,0,0,2,0,0,0,0,16,0,0,2,1,1,0
0,0,0,0,0,0,0,0,18,0,0,2,1,1,0
0,0,0,2,0,0,0,0,15,0,0,2,1,1,0
0,0,0,2,0,0,0,0,11,0,0,2,0,1,0
0,0,0,2,0,0,0,0,14,0,0,3,0,2,0
0,0,0,1,0,0,0,1,16,0,1,2,1,1,0
0,0,0,3,0,0,0,0,15,0,0,2,1,1,0
0,0,0,2,0,0,0,0,24,0,0,2,1,1,0
0,0,0,0,0,0,0,0,12,0,0,2,1,1,0
0,0,0,1,0,0,0,0,16,0,0,2,1,1,0
0,0,0,2,0,0,0,1,17,0,1,2,0,1,0
0,0,0,0,0,0,1,0,12,2,0,2,1,1,0
0,0,0,2,0,0,1,0,14,0,0,2,1,1,0
0,0,0,3,0,0,0,0,17,0,0,2,0,1,0
0,0,0,1,0,0,0,1,17,0,1,2,1,1,0
0,0,0,0,0,0,0,0,6,0,0,1,0,0,0
0,0,0,2,0,0,0,0,24,0,0,2,1,1,0
0,0,0,2,0,0,0,0,15,0,0,2,0,1,0
0,0,0,3,0,0,0,0,15,0,0,1,1,0,0
0,0,0,2,0,0,0,0,17,0,0,2,1,1,0
0,0,0,2,0,0,1,0,16,0,0,2,1,1,0
0,0,0,1,0,0,0,0,16,0,0,2,1,1,0
0,0,0,2,0,0,1,0,14,0,0,2,1,1,0
0,0,0,1,0,0,0,0,11,0,0,2,0,1,0
0,0,0,3,0,0,0,0,21,0,0,2,0,1,0
0,0,0,2,0,0,0,0,9,0,0,2,0,1,0
0,0,0,1,0,0,0,0,14,0,0,2,0,1,0
0,0,0,1,0,0,0,0,20,0,0,2,1,1,0
0,0,0,2,0,0,1,0,14,0,0,2,1,1,0
0,0,0,2,0,0,0,0,27,0,0,2,1,1,0
0,0,0,2,0,0,0,0,17,0,0,2,1,1,0
0,0,0,2,0,0,0,0,23,0,0,2,1,1,0
0,0,0,1,0,0,0,0,13,0,0,2,0,1,0
0,0,0,2,0,0,0,0,21,0,0,2,1,1,0
0,0,0,3,0,0,0,0,19,0,0,2,1,1,0
0,0,0,0,0,0,0,0,14,0,0,2,0,1,0
0,0,0,2,0,0,0,0,15,0,0,3,0,2,0
0,0,0,0,0,0,1,0,17,0,0,2,1,1,0
0,0,0,2,0,0,0,0,12,0,0,3,0,2,0
0,0,0,2,0,0,0,0,13,0,0,2,0,1,0
0,0,0,2,0,0,0,0,21,0,0,2,1,1,0
0,0,0,1,0,0,0,0,18,0,0,2,0,1,0
0,0,0,0,0,0,0,0,15,0,0,2,0,1,0
0,0,0,1,0,0,0,0,15,0,0,2,1,1,0
0,0,0,2,0,0,0,0,17,0,0,2,1,1,0
0,0,0,0,0,0,0,0,17,0,0,2,1,1,0
0,0,0,1,0,0,0,0,19,0,0,2,1,1,0
0,0,0,2,0,0,0,0,14,2,0,2,1,1,0
0,0,0,2,0,0,0,0,14,0,0,2,1,1,0
0,0,0,3,0,0,0,0,16,0,0,1,1,0,0
0,0,0,2,0,0,0,0,13,2,0,2,0,1,0
0,0,0,1,0,0,0,0,20,0,0,2,1,1,0
0,0,0,0,0,0,0,0,15,0,0,2,1,1,0
0,0,0,2,0,0,0,0,19,0,0,2,1,1,0
0,0,0,0,0,0,0,0,13,0,0,2,0,1,0
0,0,0,2,0,0,0,0,9,0,0,2,1,1,0
0,0,0,1,0,0,1,0,17,0,0,2,1,1,0
0,0,0,2,0,0,0,0,7,0,0,1,0,0,0
0,0,0,2,0,0,0,0,16,0,0,2,1,1,0
0,0,0,2,0,0,1,0,13,0,0,3,0,2,0
0,0,0,0,0,0,0,0,17,0,0,2,0,1,0
0,0,0,1,0,0,0,0,21,0,0,2,0,1,0
0,0,0,1,0,0,0,0,19,0,0,1,1,0,0
0,0,0,1,0,0,0,0,18,0,0,3,0,2,0
0,0,0,2,0,0,0,0,18,0,0,2,1,1,0
0,0,0,3,0,0,0,0,15,0,0,2,0,1,0
0,0,0,1,0,0,1,0,11,0,0,2,1,1,0
0,0,0,0,0,0,0,0,15,0,0,2,1,1,0
0,0,0,0,0,0,1,0,14,1,0,2,1,1,0
0,0,0,1,0,0,0,0,24,2,0,2,1,1,0
0,0,0,2,0,0,0,0,16,0,0,2,1,1,0
0,0,0,2,0,0,0,0,16,0,0,2,1,1,0
0,0,0,1,0,0,0,0,11,0,0,2,0,1,0
0,0,0,1,0,0,0,0,18,0,0,2,1,1,0
0,0,0,3,0,0,0,0,18,0,0,2,1,1,0
0,0,0,0,0,0,0,0,25,0,0,2,1,1,0
0,0,0,1,0,0,0,0,23,0,0,2,1,1,0
0,0,0,2,0,0,0,0,19,0,0,2,1,1,0
0,0,0,2,0,0,0,0,15,0,0,3,0,2,0
0,0,0,2,0,0,0,0,14,0,0,2,1,1,0
0,0,0,2,0,0,0,0,14,0,0,2,1,1,0
0,0,0,2,0,0,1,0,13,0,0,2,1,1,0
0,0,0,2,0,0,0,0,20,0,0,2,1,1,0
0,0,0,1,0,0,1,0,13,0,0,2,1,1,0
0,0,0,3,0,0,0,0,12,3,0,2,1,1,0
0,0,0,2,0,0,0,0,15,0,0,2,1,1,0
0,0,0,2,0,0,0,0,15,0,0,2,1,1,0
0,0,0,2,0,0,1,0,16,0,0,2,1,1,0
0,0,0,0,0,0,0,0,10,0,0,2,1,1,0
0,0,0,0,0,0,0,0,15,0,0,2,0,1,0
0,0,0,0,0,0,1,1,20,0,1,2,1,1,0
0,0,0,1,0,0,0,0,17,0,0,2,1,1,0
0,0,0,2,0,0,0,0,14,0,0,2,0,1,0
0,0,0,2,0,0,0,0,17,0,0,2,0,1,0
0,0,0,2,0,0,0,0,16,0,0,2,1,1,0
0,0,0,1,0,0,0,0,13,0,0,1,1,0,0
0,0,0,1,0,0,0,0,15,0,0,2,0,1,0
0,0,0,3,0,0,0,1,18,0,1,2,1,1,0
0,0,0,0,0,0,0,0,13,0,0,2,0,1,0
0,0,0,1,0,0,0,0,14,0,0,2,1,1,0
0,0,0,2,0,0,0,0,20,0,0,2,1,1,0
0,0,0,1,0,0,1,0,20,0,0,2,1,1,0
0,0,0,1,0,0,0,0,12,0,0,2,0,1,0
0,0,0,1,0,0,0,0,10,0,0,2,0,1,0
0,0,0,1,0,0,0,0,16,0,0,2,1,1,0
0,0,0,1,0,0,0,0,9,0,0,2,0,1,0
0,0,0,1,0,0,0,0,12,0,0,2,0,1,0
0,0,0,1,0,0,0,0,16,0,0,2,1,1,0
0,0,0,2,0,0,0,0,20,0,0,2,1,1,0
0,0,0,1,0,0,0,0,22,0,0,2,0,1,0
0,0,0,0,0,0,0,0,20,0,0,3,0,2,0
0,0,0,2,0,0,0,1,14,0,1,2,1,1,0
0,0,0,0,0,0,0,0,16,0,0,2,1,1,0
0,0,0,0,0,0,0,0,18,0,0,2,1,1,0
0,0,0,2,0,0,0,0,19,0,0,2,0,1,0
0,0,0,2,0,0,0,0,11,0,0,2,1,1,0
0,0,0,2,0,0,0,0,16,0,0,2,1,1,0
0,0,0,2,0,0,0,0,16,0,0,2,1,1,0
0,0,0,2,0,0,0,0,12,0,0,2,0,1,0
0,0,0,3,0,0,0,0,11,0,0,2,0,1,0
0,0,0,2,0,0,0,0,16,0,0,3,0,2,0
0,0,0,0,0,0,0,0,14,0,0,2,0,1,0
0,0,0,3,0,0,0,0,18,0,0,2,1,1,0
0,0,0,2,0,0,0,0,11,0,0,2,0,1,0
0,0,0,2,0,0,0,0,11,0,0,1,1,0,0
0,0,1,3,0,0,1,0,27,0,0,2,1,1,0
0,0,0,2,0,0,0,0,16,0,0,2,1,1,0
0,0,0,2,0,0,0,0,20,0,0,2,1,1,0
0,0,0,2,0,0,0,0,20,0,0,2,1,1,0
0,0,0,0,0,0,0,0,9,0,0,1,0,0,0
0,0,0,3,0,0,0,0,13,0,0,2,0,1,0
0,0,0,0,0,0,0,0,12,0,0,2,0,1,0
0,0,0,2,0,0,0,0,18,0,0,2,1,1,0
0,0,0,1,0,0,0,0,11,0,0,2,1,1,0
0,0,0,2,0,0,0,0,21,0,0,2,1,1,0
0,0,0,1,0,0,0,0,15,0,0,2,1,1,0
0,0,0,2,0,0,0,0,13,0,0,2,1,1,0
0,0,0,2,0,0,0,0,19,0,0,2,0,1,0
0,0,0,1,0,0,0,0,28,0,0,2,1,1,0
0,0,0,3,0,0,0,0,15,0,0,2,1,1,0
0,0,0,3,0,0,0,0,11,0,0,2,1,1,0
0,0,0,2,0,0,0,0,20,0,0,2,1,1,0
0,0,0,1,0,0,1,0,15,0,0,2,1,1,0
0,0,0,1,0,0,1,0,14,0,0,2,1,1,0
0,0,0,1,0,0,0,0,12,1,0,2,1,1,0
0,0,0,1,0,0,0,0,15,0,0,2,1,1,0
0,0,0,1,0,0,0,0,21,0,0,2,1,1,0
0,0,0,2,0,0,0,0,17,0,0,2,1,1,0
0,0,0,3,0,0,0,0,24,0,0,3,0,2,0
0,0,0,1,0,0,0,1,24,1,1,2,1,1,0
0,0,0,2,0,0,0,0,13,0,0,2,1,1,0
0,0,0,1,0,0,1,0,11,1,0,1,1,0,0
0,0,0,2,0,0,0,0,12,0,0,2,1,1,0
0,0,0,2,0,0,0,0,19,0,0,2,1,1,0
0,0,0,2,0,0,0,0,17,6,0,2,0,1,0
0,0,0,1,0,0,0,0,14,2,0,2,1,1,0
0,0,0,2,0,0,0,0,12,2,0,2,0,1,0
0,0,0,0,0,0,0,0,13,0,0,2,0,1,0
0,0,0,0,0,0,0,0,12,1,0,2,1,1,0
0,0,0,0,0,0,0,0,12,0,0,2,1,1,0
0,0,0,1,0,0,0,0,12,0,0,2,1,1,0
0,0,0,0,0,0,0,0,17,0,0,2,0,1,0
0,0,0,2,0,0,0,0,14,0,0,2,1,1,0
0,0,0,2,0,0,1,0,20,0,0,2,1,1,0
0,0,0,2,0,0,0,0,23,0,0,3,0,2,0
0,0,0,1,0,0,0,0,18,0,0,2,1,1,0
0,0,0,0,0,0,1,0,21,0,0,2,1,1,0
0,0,0,0,0,0,0,0,11,0,0,2,0,1,0
0,0,0,2,0,0,0,0,24,0,0,2,1,1,0
0,0,0,2,0,0,0,0,31,0,0,2,1,1,0
0,0,0,2,0,0,0,0,20,0,0,2,1,1,0
0,0,0,1,0,0,0,0,15,0,0,2,0,1,0
0,0,0,2,0,0,0,0,19,0,0,3,0,2,0
0,0,0,2,0,0,0,1,26,1,1,2,1,1,0
0,0,0,0,0,0,0,0,19,0,0,2,1,1,0
0,0,0,2,0,0,0,0,12,0,0,2,0,1,0
0,0,0,2,0,0,0,0,17,0,0,2,1,1,0
0,0,0,1,0,0,0,0,17,0,0,2,1,1,0
0,0,0,3,0,0,0,0,16,0,0,2,0,1,0
0,0,0,2,0,0,0,0,17,0,0,2,1,1,0
0,0,0,0,0,0,0,0,15,0,0,2,0,1,0
0,0,0,1,0,0,0,0,18,0,0,2,1,1,0
0,0,0,1,0,0,0,0,20,0,0,2,0,1,0
0,0,0,2,0,0,0,0,21,0,0,2,1,1,0
0,0,0,1,0,0,0,0,14,0,0,3,0,2,0
0,0,0,3,0,0,0,0,20,0,0,2,1,1,0
0,0,0,2,0,0,0,0,16,0,0,2,0,1,0
0,0,0,2,0,0,0,0,23,0,0,2,1,1,0
0,0,0,2,0,0,1,0,17,0,0,2,1,1,0
0,0,0,1,0,0,0,0,18,0,0,2,1,1,0
0,0,0,0,0,0,0,0,12,0,0,2,1,1,0
0,0,0,1,0,0,0,0,11,0,0,2,1,1,0
0,0,0,0,0,0,0,0,17,0,0,2,1,1,0
0,0,0,1,0,0,0,0,9,0,0,2,1,1,0
0,0,0,0,0,0,0,0,12,0,0,2,0,1,0
0,0,0,0,0,0,0,0,14,0,0,2,1,1,0
0,0,0,2,0,0,0,0,12,0,0,2,0,1,0
0,0,0,0,0,0,0,0,13,0,0,1,1,0,0
0,0,0,2,0,0,0,0,16,0,0,2,1,1,0
0,0,0,0,0,0,0,0,16,0,0,2,0,1,0
0,0,0,2,0,0,0,0,18,0,0,3,0,2,0
0,0,0,0,0,0,0,0,14,0,0,2,1,1,0
0,0,0,1,0,0,0,0,16,1,0,2,1,1,0
0,0,0,1,0,0,0,0,13,0,0,2,1,1,0
0,0,0,2,0,0,0,0,19,0,0,2,1,1,0
0,0,0,1,0,0,0,0,12,0,0,2,0,1,0
0,0,0,1,0,0,0,0,14,1,0,2,1,1,0
0,0,0,0,0,0,0,0,12,0,0,1,0,0,0
0,0,0,2,0,0,0,0,18,0,0,2,1,1,0
0,0,0,2,0,0,0,0,13,0,0,2,1,1,0
0,0,0,1,0,0,0,0,12,0,0,2,1,1,0
0,0,0,2,0,0,0,0,16,0,0,3,0,2,0
0,0,0,2,0,0,0,0,17,0,0,2,1,1,0
0,0,0,2,0,0,0,0,19,0,0,2,1,1,0
0,0,0,2,0,0,0,0,17,0,0,2,1,1,0
0,0,0,3,0,0,0,0,18,0,0,2,0,1,0
0,0,0,2,0,0,0,0,13,0,0,2,0,1,0
0,0,0,2,0,0,0,0,13,0,0,2,1,1,0
0,0,0,2,0,0,0,0,27,0,0,2,1,1,0
0,0,0,0,0,0,0,0,17,0,0,3,0,2,0
0,0,0,1,0,0,0,0,20,0,0,2,1,1,0
0,0,0,3,0,0,0,0,16,0,0,2,0,1,0
0,0,0,1,0,0,0,0,12,0,0,2,0,1,0
0,0,0,0,0,0,0,0,26,0,0,2,1,1,0
0,0,0,2,0,0,0,0,12,0,0,1,1,0,0
0,0,0,2,0,0,0,0,12,0,0,2,0,1,0
0,0,0,2,0,0,0,1,19,0,2,2,1,1,0
0,0,0,0,0,0,0,0,16,0,0,2,1,1,0
0,0,0,2,0,0,0,0,16,1,0,2,1,1,0
0,0,0,0,0,0,0,0,14,0,0,2,0,1,0
0,0,0,1,0,0,0,0,16,0,0,3,0,2,0
0,0,0,1,0,0,0,0,18,0,0,2,1,1,0
0,0,0,2,0,0,0,0,9,3,0,1,0,0,0
0,0,0,1,0,0,0,0,18,0,0,2,1,1,0
0,0,0,2,0,0,0,0,12,0,0,2,1,1,0
0,0,0,3,0,0,0,0,20,0,0,2,1,1,0
0,0,0,1,0,0,0,0,15,0,0,2,1,1,0
0,0,0,3,0,0,0,0,21,0,0,2,1,1,0
0,0,0,1,0,0,0,0,18,0,0,2,1,1,0
0,0,0,3,0,0,1,0,14,0,0,3,0,2,0
0,0,0,2,0,0,0,0,19,0,0,3,0,2,0
0,0,0,1,0,0,0,0,16,0,0,2,1,1,0
0,0,0,2,0,0,0,0,19,0,0,3,0,2,0
0,0,0,3,0,0,0,0,17,0,0,3,0,2,0
0,0,0,0,0,0,0,0,11,0,0,2,1,1,0
0,0,0,1,0,0,0,0,13,5,0,2,0,1,0
0,0,0,0,0,0,0,0,16,0,0,3,0,2,0
0,0,0,2,0,0,0,0,12,0,0,2,0,1,0
0,0,0,1,0,0,0,0,23,0,0,2,1,1,0
0,0,0,2,0,0,0,0,15,0,0,2,1,1,0
0,0,0,2,0,0,0,0,15,1,0,2,1,1,0
0,0,0,1,0,0,0,0,13,0,0,1,1,0,0
0,0,0,2,0,0,0,0,16,0,0,1,1,0,0
0,0,0,1,0,0,0,0,8,0,0,1,1,0,0
0,0,0,1,0,0,0,0,21,0,0,2,1,1,0
0,0,0,1,0,0,0,0,16,0,0,2,1,1,0
0,0,0,0,0,0,1,0,16,0,0,2,1,1,0
0,0,0,0,0,0,0,0,11,0,0,2,0,1,0
0,0,0,0,0,0,0,0,12,1,0,2,1,1,0
0,0,0,1,0,0,1,0,16,0,0,2,1,1,0
0,0,0,3,0,0,0,0,21,0,0,2,1,1,0
0,0,0,2,0,0,0,0,14,0,0,2,0,1,0
0,0,0,2,0,0,0,0,18,0,0,2,0,1,0
0,0,0,2,0,0,0,0,11,0,0,2,0,1,0
0,0,0,1,0,0,0,0,11,0,0,2,0,1,0
0,0,0,1,0,0,0,0,11,0,0,1,0,0,0
0,0,0,0,0,0,0,0,15,0,0,3,0,2,0
0,0,0,2,0,0,0,0,17,0,0,2,1,1,0
0,0,0,1,0,0,0,0,17,0,0,2,0,1,0
0,0,0,3,0,0,0,0,19,0,0,2,1,1,0
0,0,0,0,0,0,0,0,9,0,0,1,1,0,0
0,0,0,3,0,0,0,0,14,0,0,2,0,1,0
0,0,0,1,0,0,0,0,11,0,0,2,1,1,0
0,0,0,1,0,0,0,0,15,0,0,1,1,0,0
0,0,0,0,0,0,0,0,19,0,0,2,1,1,0
0,0,0,1,0,0,0,0,14,0,0,2,0,1,0
0,0,0,3,0,0,0,0,19,0,0,2,1,1,0
0,0,0,2,0,0,0,0,19,0,0,2,1,1,0
0,0,0,0,0,0,0,0,19,0,0,2,0,1,0
0,0,0,2,0,0,0,0,11,0,0,2,0,1,0
0,0,0,1,0,0,0,0,17,0,0,2,1,1,0
0,0,0,1,0,0,0,0,16,0,0,2,1,1,0
0,0,0,2,0,0,0,0,19,0,0,2,1,1,0
0,0,0,1,0,0,0,0,14,0,0,1,1,0,0
0,0,0,1,0,0,0,0,10,0,0,2,0,1,0
0,0,0,2,0,0,0,0,18,0,0,2,0,1,0
0,0,0,1,0,0,0,0,12,0,0,1,1,0,0
0,0,0,2,0,0,1,0,14,0,0,2,1,1,0
0,0,0,3,0,0,0,0,15,0,0,2,0,1,0
0,0,0,0,0,0,0,1,23,0,1,2,1,1,0
0,0,0,2,0,0,0,0,15,0,0,1,1,0,0
0,0,0,2,0,0,0,0,16,0,0,2,1,1,0
0,0,0,2,0,0,0,0,22,0,0,2,1,1,0
0,0,0,1,0,0,0,0,21,0,0,2,1,1,0
0,0,0,2,0,0,0,0,10,0,0,2,0,1,0
0,0,0,2,0,0,0,0,14,0,0,2,0,1,0
0,0,0,0,0,0,0,0,17,0,0,2,1,1,0
0,0,0,2,0,0,0,0,14,1,0,1,1,0,0
0,0,0,2,0,0,0,0,15,0,0,2,1,1,0
0,0,0,1,0,0,0,0,14,0,0,2,1,1,0
0,0,0,1,0,0,0,0,14,0,0,3,0,2,0
0,0,0,2,0,0,0,0,21,0,0,2,1,1,0
0,0,0,2,0,0,0,0,18,0,0,2,1,1,0
0,0,0,0,0,0,0,0,18,0,0,2,1,1,0
0,0,0,2,0,0,0,0,19,0,0,2,1,1,0
0,0,0,1,0,0,0,0,15,0,0,2,0,1,0
0,0,0,2,0,0,0,0,15,0,0,1,1,0,0
0,0,0,2,0,0,0,0,13,0,0,2,0,1,0
0,0,0,2,0,0,0,0,22,0,0,2,1,1,0
0,0,0,1,0,0,0,0,14,0,0,2,1,1,0
0,0,0,1,0,0,0,0,18,0,0,3,0,2,0
0,0,0,2,0,0,0,0,18,0,0,3,0,2,0
0,0,0,2,0,0,0,0,17,0,0,2,0,1,0
0,0,0,2,0,0,0,0,19,0,0,2,0,1,0
0,0,0,1,0,0,0,0,15,2,0,2,1,1,0
0,0,0,2,0,0,0,0,11,4,0,2,0,1,0
0,0,0,2,0,0,0,0,13,0,0,2,1,1,0
0,0,0,1,0,0,0,0,19,0,0,2,1,1,0
0,0,0,2,0,0,0,0,13,0,0,2,0,1,0
0,0,0,0,0,0,0,0,14,5,0,2,1,1,0
0,0,0,3,0,0,0,0,17,0,0,2,1,1,0
0,0,0,0,0,0,0,0,16,0,0,2,1,1,0
0,0,0,2,0,0,0,0,14,2,0,2,0,1,0
0,0,0,1,0,0,0,0,20,0,0,2,1,1,0
0,0,0,0,0,0,1,0,17,0,0,2,1,1,0
0,0,0,3,0,0,0,0,19,0,0,2,1,1,0
0,0,0,2,0,0,0,0,12,0,0,2,1,1,0
0,0,0,2,0,0,1,0,14,0,0,2,1,1,0
0,0,0,2,0,0,0,0,19,0,0,2,1,1,0
0,0,0,2,0,0,0,0,19,0,0,3,0,2,0
0,0,0,2,0,0,0,0,17,0,0,2,1,1,0
0,0,0,0,0,0,0,0,15,0,0,2,1,1,0
0,0,0,0,0,0,0,0,18,0,0,2,1,1,0
0,0,0,1,0,0,0,0,13,0,0,2,0,1,0
0,0,0,0,0,0,0,0,14,0,0,2,1,1,0
0,0,0,0,0,0,0,0,17,0,0,2,1,1,0
0,0,0,1,0,0,0,0,19,0,0,3,0,2,0
0,0,0,0,0,0,0,0,18,0,0,2,1,1,0
0,0,0,3,0,0,0,0,23,0,0,2,0,1,0
0,0,0,2,0,0,0,0,13,0,0,2,1,1,0
0,0,0,2,0,0,0,0,14,0,0,2,1,1,0
0,0,0,0,0,0,0,0,15,0,0,2,0,1,0
0,0,0,1,0,0,0,0,26,0,0,2,1,1,0
0,0,0,0,0,0,0,0,15,0,0,2,0,1,0
0,0,0,1,0,0,0,0,8,0,0,1,1,0,0
0,0,0,0,0,0,0,0,18,0,0,2,1,1,0
0,0,0,0,0,0,0,0,17,0,0,2,0,1,0
0,0,0,2,0,0,0,0,22,0,0,2,1,1,0
0,0,0,2,0,0,0,0,20,0,0,2,1,1,0
0,0,0,2,0,0,0,0,18,0,0,1,1,0,0
0,0,0,2,0,0,0,0,14,0,0,2,1,1,0
0,0,0,0,0,0,0,0,10,0,0,1,0,0,0
0,0,0,0,0,0,0,0,24,0,0,3,1,2,0
0,0,0,2,0,0,0,0,12,0,0,2,1,1,0
0,0,0,0,0,0,0,0,14,0,0,2,1,1,0
0,0,0,2,0,0,0,0,15,0,0,2,1,1,0
0,0,0,1,0,0,0,0,11,0,0,2,0,1,0
0,0,0,2,0,0,0,0,17,2,0,2,1,1,0
0,0,0,2,0,0,0,0,15,1,0,2,0,1,0
0,0,0,2,0,0,0,0,19,0,0,2,1,1,0
0,0,0,3,0,0,0,0,15,0,0,2,1,1,0
0,0,0,2,0,0,0,0,17,0,0,2,1,1,0
0,0,0,2,0,0,0,0,22,0,0,2,1,1,0
0,0,0,0,0,0,0,0,19,0,0,2,1,1,0
0,0,0,1,0,0,0,0,16,0,0,2,1,1,0
0,0,0,3,0,0,0,0,19,0,0,2,1,1,0
0,0,0,2,0,0,0,0,21,0,0,2,0,1,0
0,0,0,2,0,0,0,0,14,3,0,2,1,1,0
0,0,0,2,0,0,1,0,18,0,0,2,1,1,0
0,0,0,2,0,0,0,1,24,1,1,2,1,1,0
0,0,0,2,0,0,0,0,11,0,0,2,0,1,0
0,0,0,3,0,0,0,0,16,0,0,3,0,2,0
0,0,0,2,0,0,0,0,14,0,0,2,1,1,0
0,0,0,1,0,0,0,0,19,0,0,2,1,1,0
0,0,0,2,0,0,0,0,10,0,0,2,0,1,0
0,0,0,3,0,0,0,0,12,0,0,2,0,1,0
0,0,0,1,0,0,0,0,14,0,0,2,1,1,0
0,0,0,2,0,0,0,0,16,0,0,2,0,1,0
0,0,0,3,0,0,0,0,21,0,0,2,1,1,0
0,0,0,0,0,0,0,0,15,0,0,2,0,1,0
0,0,0,2,0,0,0,0,25,0,0,2,1,1,0
0,0,0,2,0,0,0,0,12,0,0,1,1,0,0
0,0,0,1,0,0,0,0,19,2,0,2,1,1,0
0,0,0,1,0,0,0,0,14,0,0,1,1,0,0
0,0,0,1,0,0,0,0,13,0,0,2,0,1,0
0,0,0,0,0,0,0,0,19,0,0,2,0,1,0
0,0,0,2,0,0,0,0,19,0,0,2,1,1,0
0,0,0,2,0,0,0,0,21,0,0,2,1,1,0
0,0,0,2,0,0,0,0,18,0,0,3,0,2,0
0,0,0,0,0,0,0,0,16,0,0,2,1,1,0
0,0,0,2,0,0,0,0,14,0,0,1,0,0,0
0,0,0,1,0,0,0,0,20,0,0,3,0,2,0
0,0,0,1,0,0,0,0,12,0,0,2,0,1,0
0,0,0,2,0,0,0,0,21,0,0,2,1,1,0
0,0,0,1,0,0,0,0,10,0,0,2,0,1,0
0,0,0,1,0,0,0,0,16,0,0,2,0,1,0
0,0,0,2,0,0,0,0,14,0,0,2,1,1,0
0,0,0,2,0,0,0,0,22,0,0,2,1,1,0
0,0,0,0,0,0,0,0,21,0,0,2,0,1,0
0,0,0,2,0,0,0,0,18,0,0,2,0,1,0
0,0,0,2,0,0,0,0,17,0,0,3,0,2,0
0,0,0,0,0,0,0,0,15,0,0,2,1,1,0
0,0,0,1,0,0,0,0,22,0,0,2,1,1,0
0,0,0,2,0,0,0,0,9,0,0,1,1,0,0
0,0,0,0,0,0,1,0,14,0,0,2,1,1,0
0,0,0,2,0,0,0,0,10,0,0,1,1,0,0
0,0,1,3,0,0,0,0,27,0,0,2,1,1,0
0,0,0,0,0,0,0,0,13,0,0,2,0,1,0
0,0,0,2,0,0,0,0,18,0,0,2,0,1,0
0,0,0,3,0,0,0,0,9,1,0,1,0,0,0
0,0,0,1,0,0,0,0,11,0,0,1,1,0,0
0,0,0,0,0,0,0,0,18,0,0,3,0,2,0
0,0,0,2,0,0,0,0,17,0,0,2,1,1,0
0,0,0,1,0,0,0,0,14,0,0,2,1,1,0
0,0,0,2,0,0,0,0,18,0,0,2,1,1,0
0,0,0,1,0,0,0,0,12,0,0,2,1,1,0
0,0,0,3,0,0,0,1,14,0,1,1,1,0,0
0,0,0,2,0,0,0,0,17,0,0,2,1,1,0
0,0,0,2,0,0,0,0,18,0,0,2,1,1,0
0,0,0,1,0,0,0,0,20,0,0,2,1,1,0
0,0,0,1,0,0,1,0,17,0,0,2,1,1,0
0,0,0,1,0,0,0,0,16,2,0,2,0,1,0
0,0,0,2,0,0,0,0,20,0,0,2,1,1,0
0,0,0,2,0,0,0,0,21,0,0,2,1,1,0
0,0,0,0,0,0,0,0,18,0,0,2,1,1,0
0,0,0,3,0,0,0,0,17,0,0,2,1,1,0
0,0,0,0,0,0,0,0,13,0,0,2,0,1,0
0,0,0,2,0,0,0,0,14,0,0,2,0,1,0
0,0,0,1,0,0,0,0,15,0,0,2,1,1,0
0,0,0,2,0,0,0,0,20,0,0,2,1,1,0
0,0,0,1,0,0,1,1,16,0,1,2,1,1,0
0,0,0,3,0,0,0,0,14,5,0,2,1,1,0
0,0,0,1,0,0,0,0,17,0,0,2,1,1,0
0,0,0,2,0,0,0,0,16,2,0,2,1,1,0
0,0,0,1,0,0,0,1,26,0,1,2,1,1,0
0,0,0,0,0,0,0,0,14,0,0,2,0,1,0
0,0,0,3,0,0,0,0,19,0,0,3,0,2,0
0,0,0,2,0,0,0,0,21,0,0,2,1,1,0
0,0,0,0,0,0,0,0,16,0,0,3,0,2,0
0,0,0,3,0,0,0,0,19,0,0,2,1,1,0
0,0,0,2,0,0,0,0,17,0,0,2,1,1,0
0,0,0,2,0,0,0,0,16,0,0,2,1,1,0
0,0,0,2,0,0,0,0,18,0,0,3,0,2,0
0,0,0,1,0,0,1,0,11,0,0,1,1,0,0
0,0,0,2,0,0,0,0,15,0,0,2,1,1,0
0,0,0,2,0,0,0,0,12,0,0,2,0,1,0
0,0,0,1,0,0,0,0,17,0,0,2,1,1,0
0,0,0,0,0,0,0,0,17,0,0,2,1,1,0
0,0,0,1,0,0,0,0,20,0,0,2,0,1,0
0,0,0,1,0,0,0,0,25,0,0,2,1,1,0
0,0,0,0,0,0,0,0,20,0,0,3,0,2,0
0,0,0,1,0,0,1,0,7,0,0,1,1,0,0
0,0,0,1,0,0,0,0,20,0,0,2,1,1,0
0,0,0,0,0,0,1,0,14,0,0,2,1,1,0
0,0,0,0,0,0,0,0,14,0,0,2,0,1,0
0,0,0,2,0,0,0,0,11,0,0,2,1,1,0
0,0,0,0,0,0,0,0,14,0,0,2,1,1,0
0,0,0,1,0,0,0,0,25,0,0,2,1,1,0
0,0,0,1,0,0,0,0,12,0,0,2,0,1,0
0,0,0,2,0,0,0,1,18,0,1,2,0,1,0
0,0,0,1,0,0,0,0,16,0,0,2,1,1,0
0,0,0,2,0,0,0,0,15,0,0,2,1,1,0
0,0,0,1,0,0,0,0,24,0,0,2,1,1,0
0,0,0,3,0,0,0,0,8,0,0,1,1,0,0
0,0,0,2,0,0,1,0,14,0,0,2,1,1,0
0,0,0,1,0,0,0,0,12,0,0,1,1,0,0
0,0,0,0,0,0,0,0,15,0,0,2,1,1,0
0,0,0,1,0,0,0,0,17,0,0,2,1,1,0
0,0,0,1,0,0,0,0,14,0,0,2,1,1,0
0,0,0,2,0,0,0,0,13,0,0,1,0,0,0
0,0,0,0,0,0,0,0,11,0,0,1,1,0,0
0,0,0,1,0,0,0,0,13,0,0,2,0,1,0
0,0,0,0,0,0,0,0,22,0,0,2,1,1,0
0,0,0,1,0,0,1,0,16,0,0,1,1,0,0
0,0,0,1,0,0,0,0,13,3,0,2,0,1,0
0,0,0,2,0,0,0,0,16,0,0,2,1,1,0
0,0,0,2,0,0,0,0,19,2,0,2,1,1,0
0,0,0,2,0,0,1,0,19,0,0,2,1,1,0
0,0,0,0,0,0,0,0,13,2,0,2,0,1,0
0,0,0,1,0,0,0,0,11,0,0,2,0,1,0
0,0,0,2,0,0,0,0,16,0,0,2,0,1,0
0,0,0,0,0,0,0,0,15,0,0,2,1,1,0
0,0,0,1,0,0,0,0,16,0,0,1,1,0,0
0,0,0,1,0,0,1,0,23,0,0,2,1,1,0
0,0,0,2,0,0,0,0,19,0,0,2,1,1,0
0,0,0,1,0,0,0,0,12,0,0,2,1,1,0
0,0,0,2,0,0,0,0,10,0,0,2,0,1,0
0,0,0,2,0,0,0,0,15,0,0,2,1,1,0
0,0,0,1,0,0,0,0,26,0,0,2,1,1,0
0,0,0,1,0,0,0,0,22,0,0,2,0,1,0
0,0,0,1,0,0,0,0,6,0,0,1,0,0,0
0,0,0,0,0,0,0,0,20,0,0,2,1,1,0
0,0,0,1,0,0,0,0,12,0,0,2,1,1,0
0,0,0,1,0,0,0,0,16,0,0,2,1,1,0
0,0,0,3,0,0,0,0,21,0,0,2,1,1,0
0,0,0,0,0,0,0,0,18,0,0,2,1,1,0
0,0,0,2,0,0,0,0,16,0,0,2,1,1,0
0,0,0,1,0,0,0,0,16,0,0,3,0,2,0
0,0,0,1,0,0,0,0,13,0,0,2,1,1,0
0,0,0,1,0,0,0,0,14,0,0,2,1,1,0
0,0,0,1,0,0,0,0,18,0,0,2,1,1,0
0,0,0,2,0,0,0,0,21,0,0,2,1,1,0
0,0,0,2,0,0,0,0,18,0,0,2,1,1,0
0,0,0,1,0,0,0,0,11,0,0,2,0,1,0
0,0,0,2,0,0,0,0,18,0,0,2,1,1,0
0,0,0,1,0,0,0,0,15,0,0,2,0,1,0
0,0,0,1,0,0,0,0,15,0,0,2,1,1,0
0,0,0,1,0,0,0,0,17,0,0,3,0,2,0
0,0,0,1,0,0,0,0,15,0,0,2,1,1,0
0,0,0,1,0,0,0,0,14,0,0,2,0,1,0
0,0,0,0,0,0,0,0,19,0,0,2,1,1,0
0,0,0,2,0,0,0,0,16,0,0,2,1,1,0
0,0,0,1,0,0,0,0,16,0,0,3,0,2,0
0,0,0,1,0,0,0,0,23,0,0,2,0,1,0
0,0,0,2,0,0,0,0,9,0,0,1,1,0,0
0,0,0,3,0,0,0,0,20,1,0,3,0,2,0
0,0,0,2,0,0,0,0,19,0,0,2,1,1,0
0,0,0,1,0,0,0,0,17,0,0,3,0,2,0
0,0,0,0,0,0,0,0,10,0,0,2,1,1,0
0,0,0,1,0,0,0,0,17,0,0,2,1,1,0
0,0,0,2,0,0,0,0,10,0,0,1,1,0,0
0,0,0,1,0,0,1,0,15,0,0,2,1,1,0
0,0,0,2,0,0,0,0,17,0,0,2,0,1,0
0,0,0,1,0,0,0,0,17,0,0,2,1,1,0
0,0,0,1,0,0,0,0,17,0,0,3,0,2,0
0,0,0,0,0,0,0,0,17,0,0,2,0,1,0
0,0,0,0,0,0,0,0,19,0,0,2,1,1,0
0,0,0,1,0,0,0,0,17,0,0,2,1,1,0
0,0,0,2,0,0,0,0,13,0,0,2,1,1,0
0,0,0,2,0,0,0,0,15,0,0,2,1,1,0
0,0,0,3,0,0,0,0,18,0,0,2,1,1,0
0,0,0,2,0,0,0,0,15,0,0,2,1,1,0
0,0,0,1,0,0,0,0,9,0,0,2,0,1,0
0,0,0,1,0,0,0,0,14,0,0,2,1,1,0
0,0,0,3,0,0,0,0,11,0,0,1,1,0,0
0,0,0,1,0,0,0,0,20,0,0,1,1,0,0
0,0,0,1,0,0,0,0,18,0,0,2,1,1,0
0,0,0,1,0,0,0,1,16,0,1,2,1,1,0
0,0,0,1,0,0,0,0,18,0,0,2,1,1,0
0,0,0,2,0,0,0,0,20,6,0,2,1,1,0
0,0,0,2,0,0,0,0,14,2,0,2,1,1,0
0,0,0,1,0,0,0,0,14,0,0,2,1,1,0
0,0,1,3,0,0,0,0,25,0,0,2,1,1,0
0,0,0,2,0,0,0,0,18,0,0,1,0,0,0
0,0,0,2,0,0,0,0,18,4,0,2,1,1,0
0,0,0,2,0,0,0,0,16,0,0,2,1,1,0
0,0,0,2,0,0,0,1,12,0,1,2,0,1,0
0,0,1,2,0,0,0,0,28,1,0,3,1,2,0
0,0,0,2,0,0,0,0,14,0,0,2,1,1,0
0,0,0,2,0,0,0,0,24,0,0,2,1,1,0
0,0,0,0,0,0,0,0,11,0,0,2,0,1,0
0,0,0,2,0,0,0,0,12,0,0,2,1,1,0
0,0,0,3,0,0,0,0,18,0,0,2,1,1,0
0,0,0,2,0,0,0,0,14,0,0,1,1,0,0
0,0,0,2,0,0,0,0,17,0,0,2,1,1,0
0,0,0,1,0,0,0,0,9,1,0,1,1,0,0
0,0,0,2,0,0,0,0,20,0,0,2,1,1,0
0,0,0,1,0,0,0,0,15,0,0,2,0,1,0
0,0,0,2,0,0,0,0,18,0,0,3,0,2,0
0,0,0,3,0,0,0,0,13,0,0,2,1,1,0
0,0,0,2,0,0,1,0,20,0,0,3,0,2,0
0,0,0,2,0,0,0,0,6,0,0,1,1,0,0
0,0,0,2,0,0,0,0,10,0,0,2,1,1,0
0,0,0,0,0,0,0,0,16,0,0,2,0,1,0
0,0,0,0,0,0,0,0,15,0,0,2,0,1,0
0,0,0,2,0,0,0,0,13,0,0,2,1,1,0
0,0,0,1,0,0,0,0,17,0,0,3,0,2,0
0,0,0,3,0,0,0,0,17,0,0,2,1,1,0
0,0,0,2,0,0,0,0,23,0,0,2,1,1,0
0,0,0,1,0,0,0,0,14,0,0,1,1,0,0
0,0,0,2,0,0,0,0,12,1,0,2,0,1,0
0,0,0,2,0,0,0,0,21,0,0,2,1,1,0
0,0,0,1,0,0,0,0,16,0,0,2,1,1,0
0,0,0,1,0,0,0,0,24,0,0,2,0,1,0
0,0,0,0,0,0,0,0,13,0,0,2,1,1,0
0,0,0,2,0,0,0,1,18,0,1,2,1,1,0
0,0,0,0,0,0,0,0,19,0,0,2,1,1,0
0,0,0,3,0,0,0,0,21,0,0,2,1,1,0
0,0,0,2,0,0,0,0,21,1,0,2,1,1,0
0,0,0,3,0,0,0,0,19,0,0,2,1,1,0
0,0,0,3,0,0,0,0,19,0,0,2,1,1,0
0,0,0,1,0,0,0,0,11,0,0,1,1,0,0
0,0,0,2,0,0,0,0,16,0,0,2,1,1,0
0,0,0,1,0,0,0,0,18,0,0,2,1,1,0
0,0,0,1,0,0,0,0,16,0,0,2,1,1,0
0,0,0,3,0,0,0,0,19,0,0,1,1,0,0
0,0,0,1,0,0,0,0,11,1,0,2,0,1,0
0,0,0,1,0,0,0,0,12,0,0,2,0,1,0
0,0,0,0,0,0,0,0,20,0,0,2,1,1,0
0,0,0,1,0,0,0,0,18,0,0,2,1,1,0
0,0,0,2,0,0,0,0,8,0,0,1,1,0,0
0,0,0,0,0,0,0,0,17,0,0,2,0,1,0
0,0,0,2,0,0,0,0,13,2,0,2,0,1,0
0,0,0,2,0,0,0,0,21,0,0,3,0,2,0
0,0,0,2,0,0,0,0,8,0,0,1,0,0,0
0,0,0,1,0,0,0,0,18,0,0,2,1,1,0
0,0,0,2,0,0,1,0,11,0,0,3,0,2,0
0,0,0,2,0,0,0,0,13,0,0,2,1,1,0
0,0,0,2,0,0,0,1,23,0,1,2,1,1,0
0,0,0,2,0,0,0,0,14,0,0,2,0,1,0
0,0,0,0,0,0,0,0,13,0,0,2,1,1,0
0,0,0,2,0,0,0,0,14,0,0,2,0,1,0
0,0,0,2,0,0,0,0,14,0,0,2,1,1,0
0,0,0,1,0,0,0,0,12,0,0,2,1,1,0
0,0,0,1,0,0,0,0,11,0,0,1,1,0,0
0,0,0,0,0,0,0,0,16,0,0,2,1,1,0
0,0,0,0,0,0,0,0,21,0,0,2,1,1,0
0,0,0,0,0,0,0,0,19,1,0,2,1,1,0
0,0,0,2,0,0,0,0,26,0,0,2,1,1,0
0,0,0,2,0,0,0,0,19,0,0,2,1,1,0
0,0,0,0,0,0,0,0,14,0,0,2,0,1,0
0,0,0,3,0,0,0,0,20,0,0,2,1,1,0
0,0,0,1,0,0,0,0,20,2,0,2,1,1,0
0,0,0,2,0,0,0,1,20,0,2,2,1,1,0
0,0,0,2,0,0,0,0,14,0,0,3,0,2,0
0,0,0,1,0,0,0,0,18,0,0,2,1,1,0
0,0,0,2,0,0,0,0,14,0,0,2,1,1,0
0,0,0,0,0,0,0,0,17,0,0,2,1,1,0
0,0,0,1,0,0,0,0,18,0,0,2,1,1,0
0,0,0,2,0,0,0,0,21,0,0,3,0,2,0
0,0,0,0,0,0,0,0,12,0,0,2,1,1,0
0,0,0,2,0,0,0,0,21,0,0,2,1,1,0
0,0,0,1,0,0,0,0,18,0,0,2,1,1,0
0,0,0,1,0,0,0,0,13,0,0,2,0,1,0
0,0,0,1,0,0,0,0,14,0,0,2,1,1,0
0,0,0,2,0,0,0,0,16,0,0,2,0,1,0
0,0,0,2,0,0,0,0,13,2,0,2,0,1,0
0,0,0,1,0,0,0,0,15,3,0,2,1,1,0
0,0,0,0,0,0,0,0,17,0,0,2,1,1,0
0,0,0,2,0,0,0,0,13,0,0,3,0,2,0
0,0,0,0,0,0,0,0,15,0,0,2,1,1,0
0,0,0,2,0,0,0,0,13,0,0,2,1,1,0
0,0,0,3,0,0,0,0,12,0,0,2,1,1,0
0,0,0,2,0,0,0,0,11,0,0,2,0,1,0
0,0,0,2,0,0,0,0,13,0,0,2,0,1,0
0,0,0,2,0,0,0,0,20,0,0,2,1,1,0
0,0,0,1,0,0,0,0,15,0,0,2,1,1,0
0,0,0,2,0,0,0,0,25,0,0,2,1,1,0
0,0,0,2,0,0,0,0,11,0,0,2,0,1,0
0,0,0,2,0,0,0,0,17,0,0,2,1,1,0
0,0,0,2,0,0,0,0,18,2,0,2,0,1,0
0,0,0,1,0,0,0,0,11,0,0,2,0,1,0
0,0,0,0,0,0,0,0,23,0,0,2,1,1,0
0,0,0,0,0,0,0,0,13,0,0,2,0,1,0
0,0,0,0,0,0,0,0,19,0,0,2,1,1,0
0,0,0,2,0,0,0,0,12,1,0,2,1,1,0
0,0,0,3,0,0,0,0,14,0,0,2,1,1,0
0,0,0,2,0,0,0,0,10,0,0,1,1,0,0
0,0,0,2,0,0,0,1,26,1,1,2,1,1,0
0,0,0,0,0,0,0,1,22,0,1,2,1,1,0
0,0,0,1,0,0,0,0,18,0,0,2,1,1,0
0,0,0,0,0,0,0,0,20,0,0,2,1,1,0
0,0,0,1,0,0,0,0,14,0,0,2,0,1,0
0,0,0,2,0,0,0,0,12,0,0,2,1,1,0
0,0,0,0,0,0,0,0,20,0,0,3,0,2,0
0,0,0,2,0,0,0,0,16,0,0,3,0,2,0
0,0,0,3,0,0,0,0,18,0,0,2,1,1,0
0,0,0,2,0,0,0,0,15,0,0,2,1,1,0
0,0,0,1,0,0,0,0,11,0,0,1,0,0,0
0,0,0,2,0,0,0,0,15,0,0,2,1,1,0
0,0,0,2,0,0,0,0,21,0,0,2,1,1,0
0,0,0,0,0,0,0,0,18,0,0,2,1,1,0
0,0,0,2,0,0,0,0,16,0,0,2,1,1,0
0,0,0,2,0,0,0,0,19,0,0,2,1,1,0
0,0,0,2,0,0,0,0,19,0,0,2,0,1,0
0,0,0,3,0,0,0,0,20,0,0,2,1,1,0
0,0,0,2,0,0,0,0,14,0,0,1,1,0,0
0,0,0,2,0,0,0,0,17,0,0,2,0,1,0
0,0,0,2,0,0,0,0,20,0,0,2,0,1,0
0,0,0,0,0,0,0,0,15,0,0,2,1,1,0
0,0,0,2,0,0,0,0,17,0,0,3,0,2,0
0,0,0,2,0,0,0,0,17,0,0,2,1,1,0
0,0,0,1,0,0,0,0,16,0,0,2,0,1,0
0,0,0,0,0,0,1,0,17,0,0,2,1,1,0
0,0,0,3,0,0,0,0,14,0,0,2,0,1,0
0,0,0,1,0,0,0,0,21,0,0,2,1,1,0
0,0,0,2,0,0,0,0,15,0,0,3,0,2,0
0,0,0,1,0,0,0,0,17,0,0,2,0,1,0
0,0,0,0,0,0,0,0,15,0,0,2,0,1,0
0,0,0,2,0,0,0,0,18,0,0,2,1,1,0
0,0,0,1,0,0,0,0,11,0,0,1,1,0,0
0,0,0,0,0,0,0,0,10,0,0,2,0,1,0
0,0,0,1,0,0,0,0,13,0,0,2,1,1,0
0,0,0,2,0,0,0,0,19,0,0,2,0,1,0
0,0,0,1,0,0,0,0,15,0,0,2,0,1,0
0,0,0,1,0,0,0,0,21,0,0,2,1,1,0
0,0,0,0,0,0,0,0,13,0,0,2,1,1,0
0,0,0,0,0,0,0,0,25,0,0,2,0,1,0
0,0,0,0,0,0,0,0,15,0,0,2,0,1,0
0,0,0,2,0,0,0,0,19,0,0,2,0,1,0
0,0,0,2,0,0,0,0,9,0,0,1,0,0,0
0,0,0,1,0,0,0,1,16,0,1,2,0,1,0
0,0,0,2,0,0,0,0,13,3,0,2,1,1,0
0,0,0,2,0,0,0,0,14,0,0,2,1,1,0
0,0,0,2,0,0,0,0,20,0,0,2,1,1,0
0,0,0,0,0,0,0,0,17,0,0,3,0,2,0
0,0,0,1,0,0,0,0,31,0,0,2,1,1,0
0,0,0,0,0,0,0,0,14,0,0,2,1,1,0
0,0,0,3,0,0,0,0,19,1,0,2,1,1,0
0,0,0,0,0,0,0,0,22,0,0,3,0,2,0
0,0,0,1,0,0,0,0,13,0,0,1,1,0,0
0,0,0,2,0,0,0,0,8,2,0,1,1,0,0
0,0,0,2,0,0,0,0,20,0,0,2,1,1,0
0,0,0,0,0,0,0,0,17,0,0,2,1,1,0
0,0,0,2,0,0,0,0,14,0,0,2,0,1,0
0,0,0,0,0,0,0,0,19,0,0,2,1,1,0
0,0,0,1,0,0,0,0,15,0,0,2,1,1,0
0,0,0,2,0,0,0,0,19,0,0,2,1,1,0
0,0,0,1,0,0,0,0,10,0,0,2,0,1,0
0,0,0,1,0,0,1,0,15,0,0,2,1,1,0
0,0,0,2,0,0,1,0,26,0,0,2,1,1,0
0,0,0,0,0,0,0,0,10,1,0,2,0,1,0
0,0,0,1,0,0,0,0,21,0,0,2,1,1,0
0,0,0,1,0,0,0,0,24,0,0,2,1,1,0
0,0,0,0,0,0,0,0,15,3,0,2,0,1,0
0,0,0,2,0,0,0,1,27,0,1,2,1,1,0
0,0,0,0,0,0,0,0,16,0,0,2,0,1,0
0,0,0,2,0,0,1,0,11,0,0,2,1,1,0
0,0,0,2,0,0,1,0,16,0,0,2,1,1,0
0,0,0,1,0,0,0,0,20,0,0,3,0,2,0
0,0,0,1,0,0,0,0,17,0,0,2,1,1,0
0,0,0,1,0,0,0,0,15,0,0,2,0,1,0
0,0,0,0,0,0,0,0,17,0,0,2,1,1,0
0,0,0,2,0,0,0,0,13,0,0,2,0,1,0
0,0,0,2,0,0,0,0,19,0,0,2,1,1,0
0,0,0,0,0,0,0,0,11,0,0,2,0,1,0
0,0,0,0,0,0,0,0,15,0,0,2,1,1,0
0,0,0,0,0,0,0,0,14,0,0,2,1,1,0
0,0,0,3,0,0,0,0,14,0,0,2,0,1,0
0,0,0,0,0,0,0,0,12,0,0,1,0,0,0
0,0,0,3,0,0,0,0,17,0,0,2,0,1,0
0,0,0,2,0,0,0,0,20,0,0,2,1,1,0
0,0,0,2,0,0,0,0,13,0,0,2,1,1,0
0,0,0,2,0,0,0,0,18,0,0,2,1,1,0
0,0,0,2,0,0,0,0,14,0,0,2,1,1,0
0,0,0,2,0,0,0,0,16,0,0,2,1,1,0
0,0,0,2,0,0,0,0,14,0,0,2,1,1,0
0,0,0,1,0,0,0,0,16,0,0,2,1,1,0
0,0,0,2,0,0,0,0,13,0,0,2,1,1,0
0,0,0,2,0,0,0,0,11,0,0,2,0,1,0
0,0,0,2,0,0,0,0,24,0,0,2,1,1,0
0,0,0,1,0,0,0,0,15,0,0,2,1,1,0
0,0,0,1,0,0,0,0,10,0,0,2,1,1,0
0,0,0,1,0,0,0,0,14,0,0,2,1,1,0
0,0,0,3,0,0,0,0,23,0,0,2,1,1,0
0,0,0,2,0,0,0,0,16,0,0,3,0,2,0
0,0,0,2,0,0,0,0,20,0,0,2,1,1,0
0,0,0,0,0,0,0,0,24,0,0,2,1,1,0
0,0,0,2,0,0,0,0,15,0,0,2,0,1,0
0,0,0,2,0,0,0,0,15,0,0,2,1,1,0
0,0,0,2,0,0,0,0,19,0,0,2,1,1,0
0,0,0,1,0,0,1,0,17,0,0,2,1,1,0
0,0,0,2,0,0,0,0,20,0,0,2,1,1,0
0,0,0,1,0,0,0,0,11,2,0,2,0,1,0
0,0,0,0,0,0,0,0,17,0,0,2,1,1,0
0,0,0,0,0,0,0,0,16,0,0,2,1,1,0
0,0,0,2,0,0,0,0,19,0,0,2,1,1,0
0,0,0,1,0,0,0,0,18,0,0,2,0,1,0
0,0,0,2,0,0,0,0,16,0,0,2,1,1,0
0,0,0,2,0,0,0,0,21,0,0,2,1,1,0
0,0,0,1,0,0,0,0,13,5,0,2,0,1,0
0,0,0,1,0,0,0,0,17,0,0,2,1,1,0
0,0,0,1,0,0,0,0,12,0,0,2,0,1,0
0,0,0,3,0,0,0,0,17,0,0,2,1,1,0
0,0,0,2,0,0,0,0,16,2,0,3,0,2,0
0,0,0,2,0,0,0,0,12,0,0,3,0,2,0
0,0,0,3,0,0,0,0,13,0,0,2,1,1,0
0,0,0,2,0,0,0,0,18,0,0,2,1,1,0
0,0,0,1,0,0,0,0,18,0,0,2,1,1,0
0,0,0,0,0,0,0,0,12,0,0,2,0,1,0
0,0,0,2,0,0,0,0,16,0,0,2,1,1,0
0,0,0,2,0,0,0,0,16,0,0,3,0,2,0
0,0,0,2,0,0,0,1,22,0,1,2,1,1,0
0,0,0,2,0,0,0,0,25,0,0,3,0,2,0
0,0,0,2,0,0,1,0,16,0,0,2,1,1,0
0,0,0,1,0,0,0,0,13,0,0,2,0,1,0
0,0,0,0,0,0,0,0,15,0,0,2,0,1,0
0,0,0,0,0,0,0,0,16,0,0,2,0,1,0
0,0,0,3,0,0,0,0,13,0,0,2,1,1,0
0,0,0,2,0,0,0,0,13,0,0,2,0,1,0
0,0,0,0,0,0,0,0,17,0,0,1,0,0,0
0,0,0,1,0,0,0,0,15,0,0,2,0,1,0
0,0,0,0,0,0,1,0,16,0,0,2,1,1,0
0,0,0,1,0,0,0,0,13,0,0,2,0,1,0
0,0,0,2,0,0,0,1,21,0,1,2,1,1,0
0,0,0,3,0,0,0,0,15,0,0,2,1,1,0
0,0,0,2,0,0,0,0,15,0,0,2,0,1,0
0,0,0,1,0,0,0,0,19,0,0,3,0,2,0
0,0,0,2,0,0,0,0,18,0,0,2,1,1,0
0,0,0,2,0,0,0,0,22,0,0,2,1,1,0
0,0,0,3,0,0,0,0,16,0,0,2,0,1,0
0,0,0,0,0,0,0,0,15,0,0,2,1,1,0
0,0,0,0,0,0,0,0,21,0,0,2,1,1,0
0,0,0,2,0,0,0,0,17,0,0,2,1,1,0
0,0,0,1,0,0,0,0,13,0,0,2,1,1,0
0,0,0,0,0,0,0,0,14,0,0,2,1,1,0
0,0,0,2,0,0,0,0,20,0,0,2,1,1,0
0,0,0,0,0,0,0,0,10,0,0,1,1,0,0
0,0,0,2,0,0,0,0,18,0,0,2,1,1,0
0,0,0,1,0,0,0,0,26,0,0,2,1,1,0
0,0,0,1,0,0,0,0,9,0,0,1,1,0,0
0,0,0,2,0,0,0,0,15,0,0,3,0,2,0
0,0,0,2,0,0,0,0,12,0,0,2,0,1,0
0,0,0,3,0,0,0,0,16,0,0,2,1,1,0
0,0,0,3,0,0,0,0,19,0,0,3,0,2,0
0,0,0,1,0,0,1,0,19,0,0,2,1,1,0
0,0,0,2,0,0,0,1,15,0,1,2,0,1,0
0,0,0,1,0,0,0,0,16,0,0,2,1,1,0
0,0,0,3,0,0,0,0,12,2,0,2,1,1,0
0,0,0,3,0,0,0,0,16,0,0,2,0,1,0
0,0,0,1,0,0,0,0,13,0,0,2,1,1,0
0,0,0,1,0,0,0,0,17,0,0,2,1,1,0
0,0,0,0,0,0,0,0,12,0,0,1,0,0,0
0,0,0,1,0,0,0,0,16,0,0,1,1,0,0
0,0,0,3,0,0,0,0,14,1,0,2,1,1,0
0,0,0,0,0,0,0,0,20,0,0,3,0,2,0
0,0,0,3,0,0,0,0,12,0,0,2,1,1,0
0,0,0,2,0,0,0,0,17,0,0,2,1,1,0
0,0,0,2,0,0,0,0,14,0,0,2,1,1,0
0,0,0,2,0,0,0,0,14,0,0,2,0,1,0
0,0,0,3,0,0,0,0,14,0,0,2,0,1,0
0,0,0,2,0,0,0,0,15,0,0,3,0,2,0
0,0,0,2,0,0,0,0,13,0,0,2,1,1,0
0,0,0,1,0,0,0,0,14,6,0,2,0,1,0
0,0,0,2,0,0,0,0,15,0,0,2,0,1,0
0,0,0,2,0,0,0,0,8,0,0,1,1,0,0
0,0,0,1,0,0,0,0,21,0,0,2,1,1,0
0,0,0,1,0,0,0,0,22,0,0,2,1,1,0
0,0,0,2,0,0,0,0,17,0,0,3,0,2,0
0,0,0,2,0,0,0,0,17,0,0,2,1,1,0
0,0,0,0,0,0,0,0,13,0,0,1,1,0,0
0,0,0,2,0,0,0,0,23,0,0,2,1,1,0
0,0,0,0,0,0,0,0,21,0,0,2,1,1,0
0,0,0,2,0,0,1,0,17,0,0,2,1,1,0
0,0,0,1,0,0,0,0,9,0,0,2,0,1,0
0,0,0,1,0,0,0,0,23,0,0,2,1,1,0
0,0,0,2,0,0,0,0,16,2,0,2,1,1,0
0,0,0,2,0,0,0,0,17,0,0,2,1,1,0
0,0,0,0,0,0,0,0,12,0,0,2,1,1,0
0,0,0,2,0,0,0,0,10,0,0,2,1,1,0
0,0,0,2,0,0,0,0,13,0,0,2,1,1,0
0,0,0,1,0,0,0,0,15,0,0,2,1,1,0
0,0,0,0,0,0,0,0,16,0,0,2,1,1,0
0,0,0,2,0,0,0,0,14,1,0,2,0,1,0
0,0,0,2,0,0,0,0,9,0,0,2,0,1,0
0,0,0,2,0,0,0,0,16,0,0,2,1,1,0
0,0,0,2,0,0,0,0,15,0,0,2,0,1,0
0,0,0,3,0,0,0,0,24,0,0,2,1,1,0
0,0,0,1,0,0,0,0,21,0,0,3,0,2,0
0,0,0,1,0,0,0,0,15,0,0,2,0,1,0
0,0,0,2,0,0,0,0,11,0,0,1,1,0,0
0,0,0,2,0,0,0,0,20,0,0,2,1,1,0
0,0,0,0,0,0,0,0,17,0,0,2,1,1,0
0,0,0,2,0,0,0,0,17,0,0,2,0,1,0
0,0,0,2,0,0,0,0,10,0,0,2,0,1,0
0,0,0,1,0,0,0,0,13,0,0,1,1,0,0
0,0,0,0,0,0,0,0,16,2,0,2,1,1,0
0,0,0,2,0,0,0,0,14,0,0,3,0,2,0
0,0,0,1,0,0,0,0,14,0,0,2,1,1,0
0,0,0,0,0,0,0,0,12,0,0,2,1,1,0
0,0,0,1,0,0,0,0,14,0,0,2,1,1,0
0,0,0,2,0,0,0,0,20,0,0,2,1,1,0
0,0,0,1,0,0,0,0,16,0,0,2,0,1,0
0,0,0,0,0,0,0,0,17,0,0,2,1,1,0
0,0,0,2,0,0,0,0,17,0,0,2,1,1,0
0,0,0,2,0,0,0,0,19,0,0,2,1,1,0
0,0,0,2,0,0,0,0,17,0,0,3,0,2,0
0,0,0,1,0,0,0,0,23,0,0,2,1,1,0
0,0,0,1,0,0,0,0,18,0,0,2,1,1,0
0,0,0,1,0,0,0,0,21,0,0,3,0,2,0
0,0,0,0,0,0,0,0,24,0,0,2,1,1,0
0,0,0,0,0,0,0,0,23,0,0,2,0,1,0
0,0,0,2,0,0,0,0,15,0,0,2,1,1,0
0,0,0,2,0,0,0,0,21,0,0,2,1,1,0
0,0,0,3,0,0,0,0,22,0,0,2,0,1,0
0,0,0,2,0,0,0,0,11,0,0,2,1,1,0
0,0,0,1,0,0,0,0,15,0,0,2,1,1,0
0,0,0,2,0,0,0,0,23,0,0,2,1,1,0
0,0,0,1,0,0,0,0,9,2,0,1,0,0,0
0,0,0,0,0,0,0,0,14,0,0,2,1,1,0
0,0,0,2,0,0,0,0,16,0,0,2,0,1,0
0,0,0,2,0,0,0,0,16,0,0,3,0,2,0
0,0,0,2,0,0,0,0,14,5,0,2,1,1,0
0,0,0,1,0,0,0,0,18,0,0,2,1,1,0
0,0,0,3,0,0,0,0,17,0,0,2,1,1,0
0,0,0,1,0,0,0,0,23,0,0,2,1,1,0
0,0,0,2,0,0,0,0,23,0,0,2,1,1,0
0,0,0,0,0,0,0,0,18,0,0,2,1,1,0
0,0,0,2,0,0,0,0,11,0,0,2,1,1,0
0,0,0,2,0,0,0,0,20,0,0,2,0,1,0
0,0,0,0,0,0,0,0,14,0,0,2,1,1,0
0,0,0,2,0,0,0,0,14,0,0,2,0,1,0
0,0,0,3,0,0,0,1,22,0,1,2,1,1,0
0,0,0,1,0,0,0,0,12,0,0,2,1,1,0
0,0,0,1,0,0,0,0,22,0,0,2,1,1,0
0,0,0,0,0,0,0,0,20,0,0,2,1,1,0
0,0,0,2,0,0,1,0,16,0,0,2,1,1,0
0,0,0,2,0,0,0,0,18,0,0,3,0,2,0
0,0,0,2,0,0,0,0,21,0,0,2,1,1,0
0,0,0,2,0,0,0,0,16,0,0,3,0,2,0
0,0,0,1,0,0,0,0,20,0,0,3,0,2,0
0,0,0,2,0,0,0,0,20,0,0,2,1,1,0
0,0,0,0,0,0,0,0,21,0,0,3,0,2,0
0,0,0,0,0,0,0,1,19,0,1,2,1,1,0
0,0,0,0,0,0,0,0,13,0,0,2,0,1,0
0,0,0,0,0,0,0,0,25,0,0,3,0,2,0
0,0,0,2,0,0,0,0,19,0,0,2,0,1,0
0,0,0,1,0,0,0,0,17,0,0,2,1,1,0
0,0,0,1,0,0,0,0,21,0,0,2,0,1,0
0,0,0,0,0,0,0,0,14,0,0,1,1,0,0
0,0,0,0,0,0,0,0,22,0,0,3,0,2,0
0,0,0,2,0,0,0,0,13,0,0,1,1,0,0
0,0,0,2,0,0,0,0,19,0,0,3,0,2,0
0,0,0,0,0,0,0,0,15,1,0,2,0,1,0
0,0,0,2,0,0,0,0,18,0,0,2,1,1,0
0,0,0,3,0,0,1,0,12,0,0,2,1,1,0
0,0,0,1,0,0,0,0,15,0,0,2,1,1,0
0,0,0,1,0,0,0,0,15,0,0,2,1,1,0
0,0,0,1,0,0,0,0,15,0,0,2,1,1,0
0,0,0,0,0,0,0,0,20,0,0,2,0,1,0
0,0,0,1,0,0,0,0,18,0,0,2,1,1,0
0,0,0,2,0,0,0,0,21,0,0,2,1,1,0
0,0,0,1,0,0,0,0,18,0,0,2,1,1,0
0,0,0,1,0,0,0,0,13,5,0,2,1,1,0
0,0,0,3,0,0,0,0,17,0,0,1,1,0,0
0,0,0,2,0,0,0,0,19,0,0,2,1,1,0
0,0,0,1,0,0,0,0,9,0,0,1,0,0,0
0,0,0,1,0,0,1,0,19,0,0,3,0,2,0
0,0,0,0,0,0,0,0,19,0,0,2,1,1,0
0,0,0,1,0,0,0,0,19,0,0,2,1,1,0
0,0,0,3,0,0,0,0,14,0,0,2,1,1,0
0,0,0,2,0,0,0,0,15,0,0,2,1,1,0
0,0,0,1,0,0,0,1,20,0,1,2,0,1,0
0,0,0,3,0,0,0,0,14,0,0,2,1,1,0
0,0,0,2,0,0,0,0,13,0,0,2,0,1,0
0,0,0,2,0,0,0,0,15,0,0,2,1,1,0
0,0,0,0,0,0,0,0,22,0,0,2,0,1,0
0,0,0,0,0,0,0,0,6,0,0,1,0,0,0
0,0,0,2,0,0,0,0,15,0,0,2,0,1,0
0,0,0,2,0,0,0,0,15,0,0,3,0,2,0
0,0,0,2,0,0,0,0,18,0,0,1,1,0,0
0,0,0,0,0,0,0,0,13,0,0,2,0,1,0
0,0,0,3,0,0,0,0,15,0,0,1,1,0,0
0,0,0,1,0,0,0,0,18,0,0,2,1,1,0
0,0,1,3,0,0,1,0,26,0,0,2,1,1,0
0,0,0,0,0,0,0,0,12,0,0,2,0,1,0
0,0,0,2,0,0,0,0,18,0,0,3,0,2,0
0,0,0,3,0,0,0,1,21,0,1,3,0,2,0
0,0,0,0,0,0,0,0,18,0,0,2,0,1,0
0,0,0,1,0,0,0,0,16,0,0,2,1,1,0
0,0,0,3,0,0,0,0,14,0,0,1,1,0,0
0,0,0,0,0,0,0,0,23,0,0,3,0,2,0
0,0,0,2,0,0,0,0,18,0,0,3,0,2,0
0,0,0,2,0,0,0,0,19,4,0,2,0,1,0
0,0,0,3,0,0,0,0,12,0,0,2,0,1,0
0,0,0,0,0,0,0,0,5,2,0,1,0,0,0
0,0,0,2,0,0,1,0,25,0,0,2,1,1,0
0,0,0,0,0,0,0,0,20,0,0,2,1,1,0
0,0,0,1,0,0,0,0,15,0,0,3,0,2,0
0,0,0,1,0,0,0,0,11,0,0,2,1,1,0
0,0,0,0,0,0,0,0,14,1,0,2,0,1,0
0,0,0,1,0,0,0,0,27,0,0,2,1,1,0
0,0,0,3,0,0,0,0,12,0,0,2,0,1,0
0,0,0,2,0,0,0,0,14,0,0,2,1,1,0
0,0,0,0,0,0,0,0,20,0,0,2,1,1,0
0,0,0,1,0,0,0,0,13,0,0,2,0,1,0
0,0,0,0,0,0,1,0,15,0,0,2,1,1,0
0,0,0,0,0,0,0,0,12,1,0,2,1,1,0
0,0,0,1,0,0,0,0,17,2,0,2,1,1,0
0,0,0,3,0,0,1,0,19,0,0,2,1,1,0
0,0,0,2,0,0,1,0,20,0,0,2,1,1,0
0,0,0,2,0,0,0,0,23,0,0,2,1,1,0
0,0,0,2,0,0,0,0,14,0,0,2,0,1,0
0,0,0,0,0,0,0,0,16,0,0,1,1,0,0
0,0,0,0,0,0,0,0,19,0,0,2,0,1,0
0,0,0,0,0,0,0,0,20,0,0,2,1,1,0
0,0,0,0,0,0,0,0,15,2,0,2,1,1,0
0,0,0,2,0,0,0,0,19,0,0,2,1,1,0
0,0,0,2,0,0,0,0,21,0,0,3,0,2,0
0,0,0,2,0,0,0,0,14,0,0,2,1,1,0
0,0,0,0,0,0,0,1,19,0,1,2,1,1,0
0,0,0,1,0,0,0,0,9,0,0,2,0,1,0
0,0,0,0,0,0,0,0,15,0,0,2,1,1,0
0,0,0,2,0,0,0,0,14,1,0,2,1,1,0
0,0,0,1,0,0,0,0,9,0,0,1,0,0,0
0,0,0,0,0,0,0,0,25,0,0,2,1,1,0
0,0,0,0,0,0,1,0,15,0,0,2,1,1,0
0,0,0,0,0,0,0,0,21,0,0,2,1,1,0
0,0,0,2,0,0,0,0,18,0,0,3,0,2,0
0,0,0,2,0,0,0,0,17,0,0,3,0,2,0
0,0,0,0,0,0,0,1,21,0,1,3,0,2,0
0,0,0,2,0,0,0,0,22,0,0,2,1,1,0
0,0,0,2,0,0,0,0,21,0,0,2,1,1,0
0,0,0,0,0,0,0,0,15,0,0,2,1,1,0
0,0,0,3,0,0,0,0,16,0,0,2,1,1,0
0,0,0,3,0,0,0,0,22,0,0,2,1,1,0
0,0,0,0,0,0,0,0,30,0,0,2,1,1,0
0,0,0,2,0,0,0,0,18,0,0,2,0,1,0
0,0,0,2,0,0,0,0,13,0,0,2,1,1,0
0,0,0,0,0,0,0,0,18,0,0,2,0,1,0
0,0,0,1,0,0,0,0,12,0,0,2,0,1,0
0,0,0,0,0,0,0,0,14,0,0,2,0,1,0
0,0,0,1,0,0,0,0,17,0,0,3,0,2,0
0,0,0,3,0,0,0,0,19,8,0,2,0,1,0
0,0,0,2,0,0,0,0,13,0,0,2,1,1,0
0,0,0,1,0,0,0,0,19,0,0,3,0,2,0
0,0,0,1,0,0,0,0,12,0,0,2,0,1,0
0,0,0,0,0,0,0,0,13,0,0,2,1,1,0
0,0,0,0,0,0,0,0,18,0,0,2,1,1,0
0,0,0,3,0,0,0,0,16,0,0,2,1,1,0
0,0,0,0,0,0,0,0,11,0,0,2,1,1,0
0,0,0,0,0,0,0,0,20,0,0,2,1,1,0
0,0,0,0,0,0,0,0,12,0,0,2,0,1,0
0,0,0,0,0,0,0,0,15,0,0,2,1,1,0
0,0,0,1,0,0,0,0,14,0,0,2,1,1,0
0,0,0,2,0,0,0,0,17,0,0,2,1,1,0
0,0,0,1,0,0,0,0,21,0,0,2,1,1,0
0,0,0,1,0,0,0,0,21,0,0,2,1,1,0
0,0,0,2,0,0,0,0,22,0,0,2,1,1,0
0,0,0,1,0,0,0,0,16,2,0,2,1,1,0
0,0,0,2,0,0,0,0,13,2,0,2,1,1,0
0,0,0,2,0,0,0,0,16,0,0,1,0,0,0
0,0,0,2,0,0,0,0,19,0,0,2,1,1,0
0,0,0,0,0,0,0,0,10,0,0,2,0,1,0
0,0,0,2,0,0,0,0,13,0,0,2,1,1,0
0,0,0,0,0,0,0,0,16,0,0,2,1,1,0
0,0,0,1,0,0,0,0,16,0,0,2,0,1,0
0,0,0,0,0,0,0,0,16,0,0,2,1,1,0
0,0,0,0,0,0,0,0,22,0,0,2,1,1,0
0,0,0,2,0,0,0,0,13,0,0,2,1,1,0
0,0,0,2,0,0,0,0,15,2,0,2,0,1,0
0,0,0,2,0,0,0,0,10,0,0,2,1,1,0
0,0,0,1,0,0,0,0,14,0,0,2,1,1,0
0,0,0,1,0,0,0,0,15,0,0,1,1,0,0
0,0,0,1,0,0,0,0,11,0,0,2,1,1,0
0,0,0,2,0,0,0,0,18,0,0,2,1,1,0
0,0,0,1,0,0,0,0,23,0,0,2,0,1,0
0,0,0,0,0,0,0,0,10,0,0,1,0,0,0
0,0,0,1,0,0,0,0,20,0,0,3,0,2,0
0,0,0,3,0,0,0,0,19,0,0,3,0,2,0
0,0,0,2,0,0,0,0,22,0,0,2,1,1,0
0,0,0,2,0,0,0,0,25,0,0,3,0,2,0
0,0,0,0,0,0,0,0,11,0,0,2,0,1,0
0,0,0,2,0,0,0,0,11,0,0,1,1,0,0
0,0,0,1,0,0,0,0,17,0,0,2,1,1,0
0,0,0,2,0,0,0,0,10,0,0,1,1,0,0
0,0,0,0,0,0,0,0,23,0,0,2,1,1,0
0,0,0,1,0,0,0,0,16,0,0,2,1,1,0
0,0,0,2,0,0,0,0,23,0,0,3,0,2,0
0,0,0,2,0,0,0,1,23,0,1,2,1,1,0
0,0,0,1,0,0,0,0,23,0,0,2,0,1,0
0,0,0,1,0,0,0,0,22,0,0,2,1,1,0
0,0,0,2,0,0,0,0,15,0,0,2,1,1,0
0,0,0,0,0,0,0,0,18,0,0,2,1,1,0
0,0,0,3,0,0,0,0,10,0,0,2,1,1,0
0,0,0,3,0,0,0,0,15,1,0,2,1,1,0
0,0,0,0,0,0,0,0,14,0,0,2,1,1,0
0,0,0,2,0,0,0,0,15,0,0,2,1,1,0
0,0,0,0,0,0,0,0,20,0,0,2,1,1,0
0,0,0,1,0,0,0,0,19,0,0,3,0,2,0
0,0,0,2,0,0,0,0,15,0,0,2,1,1,0
0,0,0,1,0,0,0,0,22,0,0,4,0,3,0
0,0,0,2,0,0,0,0,14,0,0,2,1,1,0
0,0,0,2,0,0,0,0,19,0,0,2,0,1,0
0,0,0,2,0,0,0,0,20,0,0,3,0,2,0
0,0,0,1,0,0,0,0,18,0,0,3,0,2,0
0,0,0,1,0,0,0,0,17,0,0,2,0,1,0
0,0,0,2,0,0,1,0,10,0,0,1,1,0,0
0,0,0,1,0,0,0,0,8,0,0,1,1,0,0
0,0,0,0,0,0,0,0,19,0,0,2,0,1,0
0,0,0,2,0,0,0,0,18,0,0,2,1,1,0
0,0,0,1,0,0,0,0,18,0,0,2,0,1,0
0,0,0,1,0,0,1,0,23,0,0,2,1,1,0
0,0,0,2,0,0,0,0,15,0,0,3,0,2,0
0,0,0,2,0,0,0,0,22,0,0,2,1,1,0
0,0,0,2,0,0,0,0,19,0,0,2,1,1,0
0,0,0,1,0,0,0,0,14,0,0,2,0,1,0
0,0,0,3,0,0,0,0,11,0,0,2,0,1,0
0,0,0,2,0,0,0,0,19,0,0,2,1,1,0
0,0,0,2,0,0,0,0,16,0,0,2,1,1,0
0,0,0,2,0,0,0,0,17,0,0,2,1,1,0
0,0,0,0,0,0,0,0,20,0,0,2,1,1,0
0,0,0,1,0,0,0,0,22,0,0,2,1,1,0
0,0,0,2,0,0,0,0,18,0,0,2,1,1,0
0,0,0,2,0,0,0,0,18,0,0,2,1,1,0
0,0,0,2,0,0,0,0,16,0,0,3,0,2,0
0,0,0,2,0,0,0,0,20,0,0,2,1,1,0
0,0,0,3,0,0,0,0,14,0,0,1,1,0,0
0,0,0,0,0,0,0,0,13,0,0,1,0,0,0
0,0,0,2,0,0,0,1,19,0,1,2,1,1,0
0,0,0,3,0,0,0,0,11,0,0,1,1,0,0
0,0,0,3,0,0,0,0,24,0,0,2,1,1,0
0,0,0,0,0,0,0,0,23,0,0,3,0,2,0
0,0,0,2,0,0,0,0,17,0,0,2,1,1,0
0,0,0,0,0,0,1,0,13,0,0,2,1,1,0
0,0,0,0,0,0,0,0,12,0,0,2,1,1,0
0,0,0,1,0,0,0,0,14,0,0,2,0,1,0
0,0,0,2,0,0,0,0,25,0,0,2,1,1,0
0,0,0,1,0,0,0,0,19,0,0,2,1,1,0
0,0,0,0,0,0,0,0,17,4,0,2,1,1,0
0,0,0,1,0,0,0,0,18,0,0,2,1,1,0
0,0,0,2,0,0,0,0,12,0,0,2,0,1,0
0,0,0,2,0,0,0,0,15,0,0,2,0,1,0
0,0,0,2,0,0,0,0,14,0,0,1,1,0,0
0,0,0,1,0,0,0,0,14,0,0,2,1,1,0
0,0,0,1,0,0,0,0,15,0,0,2,1,1,0
0,0,0,2,0,0,1,0,20,0,0,3,0,2,0
0,0,0,0,0,0,0,0,10,0,0,2,0,1,0
0,0,0,2,0,0,0,0,14,0,0,2,1,1,0
0,0,0,0,0,0,0,0,25,0,0,2,1,1,0
0,0,0,3,0,0,0,0,19,0,0,2,1,1,0
0,0,0,2,0,0,0,0,16,0,0,2,1,1,0
0,0,0,2,0,0,0,0,20,0,0,2,1,1,0
0,0,0,0,0,0,0,0,13,0,0,2,1,1,0
0,0,0,2,0,0,0,0,16,0,0,2,1,1,0
0,0,0,2,0,0,0,1,16,0,2,1,1,0,0
0,0,0,0,0,0,0,0,22,0,0,2,1,1,0
0,0,0,3,0,0,0,0,17,0,0,2,1,1,0
0,0,0,2,0,0,0,0,18,3,0,2,1,1,0
0,0,0,0,0,0,0,0,13,0,0,2,0,1,0
0,0,0,2,0,0,0,0,17,0,0,2,0,1,0
0,0,0,2,0,0,0,0,18,0,0,2,1,1,0
0,0,0,2,0,0,0,0,21,0,0,2,1,1,0
0,0,0,1,0,0,0,0,14,0,0,2,0,1,0
0,0,0,1,0,0,1,0,19,0,0,2,1,1,0
0,0,0,0,0,0,0,0,13,0,0,2,0,1,0
0,0,0,2,0,0,1,0,18,0,0,2,1,1,0
0,0,0,1,0,0,0,1,19,0,1,2,1,1,0
0,0,0,2,0,0,0,0,16,2,0,2,0,1,0
0,0,0,2,0,0,0,0,11,0,0,2,0,1,0
0,0,0,1,0,0,0,0,16,0,0,2,1,1,0
0,0,0,0,0,0,0,0,13,0,0,1,1,0,0
0,0,0,2,0,0,0,0,19,0,0,2,1,1,0
0,0,0,2,0,0,1,0,14,0,0,3,0,2,0
0,0,0,2,0,0,1,0,19,0,0,2,1,1,0
0,0,0,2,0,0,0,0,16,0,0,3,0,2,0
0,0,0,2,0,0,0,0,22,0,0,3,1,2,0
0,0,0,2,0,0,0,0,14,0,0,2,1,1,0
0,0,0,2,0,0,0,0,16,0,0,2,1,1,0
0,0,0,1,0,0,0,0,14,0,0,2,1,1,0
0,0,0,0,0,0,0,0,22,0,0,2,1,1,0
0,0,0,3,0,0,0,0,14,0,0,3,0,2,0
0,0,0,1,0,0,0,0,20,0,0,2,1,1,0
0,0,0,0,0,0,0,0,22,0,0,3,0,2,0
0,0,0,1,0,0,0,0,12,0,0,2,1,1,0
0,0,0,1,0,0,0,0,18,0,0,2,1,1,0
0,0,0,1,0,0,0,0,19,0,0,2,1,1,0
0,0,0,2,0,0,0,0,19,0,0,2,1,1,0
0,0,0,1,0,0,0,0,9,0,0,1,1,0,0
0,0,0,2,0,0,0,0,13,0,0,2,0,1,0
0,0,0,2,0,0,0,0,21,0,0,2,1,1,0
0,0,0,3,0,0,0,0,21,0,0,2,0,1,0
0,0,0,0,0,0,0,1,14,0,2,2,1,1,0
0,0,0,1,0,0,0,0,17,1,0,2,1,1,0
0,0,0,0,0,0,0,0,11,0,0,2,1,1,0
0,0,0,2,0,0,0,0,13,0,0,2,1,1,0
0,0,0,3,0,0,0,0,22,0,0,2,1,1,0
0,0,0,2,0,0,0,0,24,0,0,2,1,1,0
0,0,0,2,0,0,0,0,18,0,0,2,0,1,0
0,0,0,2,0,0,0,0,22,0,0,2,0,1,0
0,0,0,2,0,0,0,0,11,0,0,2,0,1,0
0,0,0,1,0,0,0,0,17,0,0,2,1,1,0
0,0,0,1,0,0,0,0,14,0,0,2,1,1,0
0,0,0,1,0,0,0,0,19,0,0,2,1,1,0
0,0,0,1,0,0,0,1,26,0,1,2,1,1,0
0,0,0,2,0,0,0,1,31,0,3,2,1,1,0
0,0,0,0,0,0,0,0,17,0,0,2,1,1,0
0,0,0,2,0,0,0,0,12,1,0,2,0,1,0
0,0,0,2,0,0,0,0,14,0,0,2,1,1,0
0,0,0,2,0,0,0,0,15,0,0,2,1,1,0
0,0,0,2,0,0,0,0,17,0,0,2,1,1,0
0,0,0,1,0,0,0,0,21,0,0,3,0,2,0
0,0,0,1,0,0,0,0,14,0,0,2,1,1,0
0,0,0,1,0,0,0,0,17,0,0,2,1,1,0
0,0,0,0,0,0,0,0,10,0,0,2,1,1,0
0,0,0,2,0,0,0,0,21,0,0,2,1,1,0
0,0,0,2,0,0,0,0,14,0,0,2,1,1,0
0,0,0,2,0,0,0,0,13,0,0,2,0,1,0
0,0,0,1,0,0,0,0,9,0,0,2,0,1,0
0,0,0,0,0,0,0,0,12,0,0,2,0,1,0
0,0,0,2,0,0,0,0,18,0,0,2,1,1,0
0,0,0,2,0,0,0,0,15,0,0,2,1,1,0
0,0,0,2,0,0,0,0,15,0,0,2,1,1,0
0,0,0,2,0,0,0,0,16,0,0,2,0,1,0
0,0,0,0,0,0,0,0,19,0,0,2,1,1,0
0,0,1,3,0,0,0,1,41,7,1,1,0,0,0
0,0,0,1,0,0,0,0,15,0,0,2,1,1,0
0,0,0,2,0,0,0,0,16,0,0,2,1,1,0
0,0,0,0,0,0,0,0,18,0,0,3,0,2,0
0,0,0,2,0,0,0,0,22,0,0,2,1,1,0
0,0,0,1,0,0,0,0,19,0,0,2,1,1,0
0,0,0,1,0,0,1,0,19,0,0,3,0,2,0
0,0,0,1,0,0,0,0,15,0,0,3,0,2,0
0,0,0,2,0,0,0,1,21,0,1,2,1,1,0
0,0,0,0,0,0,1,0,16,0,0,2,1,1,0
0,0,0,0,0,0,0,0,29,0,0,2,1,1,0
0,0,0,2,0,0,0,0,13,0,0,2,1,1,0
0,0,0,1,0,0,1,0,16,0,0,2,1,1,0
0,0,0,3,0,0,0,0,15,0,0,1,1,0,0
0,0,0,1,0,0,0,0,17,0,0,2,1,1,0
0,0,0,2,0,0,0,0,17,0,0,2,1,1,0
0,0,0,2,0,0,0,0,16,0,0,2,1,1,0
0,0,0,2,0,0,0,0,10,0,0,1,0,0,0
0,0,0,2,0,0,0,0,20,0,0,2,0,1,0
0,0,0,1,0,0,0,1,22,0,1,2,1,1,0
0,0,0,1,0,0,0,0,12,0,0,2,1,1,0
0,0,0,0,0,0,0,0,16,0,0,1,1,0,0
0,0,0,2,0,0,0,0,16,0,0,2,1,1,0
0,0,0,2,0,0,0,0,14,0,0,2,1,1,0
0,0,0,1,0,0,0,0,14,0,0,2,1,1,0
0,0,0,2,0,0,0,0,15,0,0,2,0,1,0
0,0,0,2,0,0,0,0,13,0,0,2,1,1,0
0,0,0,0,0,0,0,0,21,0,0,2,1,1,0
0,0,0,3,0,0,0,0,18,0,0,2,1,1,0
0,0,0,3,0,0,0,0,17,0,0,3,0,2,0
0,0,0,3,0,0,0,0,16,0,0,2,1,1,0
0,0,0,0,0,0,0,0,23,0,0,2,1,1,0
0,0,0,2,0,0,0,0,15,0,0,2,1,1,0
0,0,0,1,0,0,0,0,17,0,0,2,1,1,0
0,0,0,2,0,0,0,0,14,0,0,2,1,1,0
0,0,0,1,0,0,1,0,21,0,0,2,1,1,0
0,0,0,3,0,0,0,0,17,0,0,2,1,1,0
0,0,0,1,0,0,0,0,15,0,0,3,0,2,0
0,0,0,3,0,0,0,0,14,0,0,2,1,1,0
0,0,0,1,0,0,0,0,16,0,0,2,1,1,0
0,0,0,2,0,0,0,0,14,4,0,2,1,1,0
0,0,0,1,0,0,0,0,14,0,0,2,1,1,0
0,0,0,1,0,0,0,0,22,0,0,2,1,1,0
0,0,0,2,0,0,0,0,18,0,0,2,1,1,0
0,0,0,0,0,0,0,0,18,0,0,2,1,1,0
0,0,0,3,0,0,0,0,23,0,0,2,1,1,0
0,0,0,0,0,0,0,0,12,2,0,2,1,1,0
0,0,0,1,0,0,0,0,17,0,0,2,1,1,0
0,0,0,1,0,0,0,0,16,0,0,2,1,1,0
0,0,0,2,0,0,0,0,26,0,0,2,1,1,0
0,0,0,1,0,0,0,0,17,0,0,3,0,2,0
0,0,0,1,0,0,0,0,15,0,0,2,0,1,0
0,0,0,1,0,0,0,0,15,0,0,2,1,1,0
0,0,0,2,0,0,0,0,21,2,0,2,1,1,0
0,0,0,1,0,0,0,0,14,0,0,1,0,0,0
0,0,0,1,0,0,0,0,19,0,0,2,0,1,0
0,0,0,2,0,0,0,0,14,2,0,2,0,1,0
0,0,0,1,0,0,0,0,16,0,0,3,0,2,0
0,0,0,0,0,0,0,0,12,0,0,1,1,0,0
0,0,0,1,0,0,0,0,11,0,0,2,0,1,0
0,0,0,2,0,0,0,0,20,0,0,2,1,1,0
0,0,0,1,0,0,1,0,25,0,0,2,1,1,0
0,0,0,1,0,0,0,0,16,0,0,2,0,1,0
0,0,0,1,0,0,0,0,17,2,0,2,0,1,0
0,0,0,0,0,0,1,0,14,0,0,1,1,0,0
0,0,0,2,0,0,0,0,19,0,0,2,1,1,0
0,0,0,2,0,0,0,0,12,0,0,2,0,1,0
0,0,0,2,0,0,0,0,20,0,0,2,1,1,0
0,0,0,2,0,0,0,0,22,0,0,2,1,1,0
0,0,0,1,0,0,0,0,20,0,0,2,0,1,0
0,0,0,0,0,0,0,0,15,0,0,2,1,1,0
0,0,1,2,0,0,0,0,36,0,0,2,1,1,0
0,0,0,0,0,0,0,0,13,0,0,2,0,1,0
0,0,0,1,0,0,0,0,13,0,0,2,0,1,0
0,0,0,0,0,0,0,0,12,0,0,2,1,1,0
0,0,0,2,0,0,0,0,14,0,0,2,1,1,0
0,0,0,1,0,0,0,0,21,0,0,2,1,1,0
0,0,0,1,0,0,0,0,22,0,0,2,0,1,0
0,0,0,1,0,0,0,0,12,0,0,1,1,0,0
0,0,0,3,0,0,0,0,17,0,0,2,1,1,0
0,0,0,0,0,0,0,0,14,0,0,2,1,1,0
0,0,0,1,0,0,0,0,21,0,0,3,0,2,0
0,0,0,0,0,0,0,0,22,3,0,2,1,1,0
0,0,0,1,0,0,0,0,19,0,0,2,1,1,0
0,0,0,0,0,0,0,0,11,0,0,2,0,1,0
0,0,0,1,0,0,0,0,12,0,0,2,0,1,0
0,0,0,2,0,0,0,0,14,0,0,2,1,1,0
0,0,0,1,0,0,0,0,24,0,0,2,1,1,0
0,0,0,2,0,0,0,0,14,0,0,2,0,1,0
0,0,0,2,0,0,0,0,12,0,0,2,1,1,0
0,0,0,2,0,0,0,0,13,0,0,2,1,1,0
0,0,0,0,0,0,0,0,17,0,0,2,0,1,0
0,0,0,2,0,0,0,0,20,0,0,2,1,1,0
0,0,0,2,0,0,0,0,15,0,0,2,1,1,0
0,0,0,3,0,0,1,0,18,0,0,2,1,1,0
0,0,0,1,0,0,0,0,19,0,0,2,1,1,0
0,0,0,1,0,0,0,0,19,0,0,2,1,1,0
0,0,0,2,0,0,0,0,24,0,0,2,0,1,0
0,0,0,1,0,0,0,0,15,0,0,3,0,2,0
0,0,0,2,0,0,0,1,16,0,1,2,1,1,0
0,0,0,2,0,0,0,0,17,0,0,2,1,1,0
0,0,0,0,0,0,0,0,19,0,0,2,1,1,0
0,0,0,2,0,0,1,0,14,1,0,2,1,1,0
0,0,0,0,0,0,0,1,19,0,1,2,1,1,0
0,0,0,0,0,0,0,0,18,0,0,2,0,1,0
0,0,0,2,0,0,0,0,20,0,0,2,0,1,0
0,0,0,2,0,0,0,0,20,0,0,2,1,1,0
0,0,0,2,0,0,0,0,16,0,0,2,1,1,0
0,0,0,2,0,0,0,0,11,0,0,2,1,1,0
0,0,0,1,0,0,0,0,22,0,0,3,0,2,0
0,0,0,0,0,0,0,0,21,0,0,2,1,1,0
0,0,0,1,0,0,0,0,19,0,0,3,0,2,0
0,0,0,1,0,0,0,0,11,0,0,2,0,1,0
0,0,0,1,0,0,0,0,14,0,0,2,0,1,0
0,0,0,1,0,0,0,0,21,0,0,2,1,1,0
0,0,0,0,0,0,1,0,14,0,0,3,0,2,0
0,0,0,0,0,0,0,0,22,0,0,2,1,1,0
0,0,0,0,0,0,0,0,14,0,0,2,1,1,0
0,0,0,3,0,0,0,0,18,3,0,2,0,1,0
0,0,0,1,0,0,0,0,23,0,0,1,1,0,0
0,0,0,0,0,0,0,0,10,0,0,2,0,1,0
0,0,0,2,0,0,0,0,12,0,0,2,1,1,0
0,0,0,2,0,0,0,0,7,0,0,1,0,0,0
0,0,0,1,0,0,0,0,15,0,0,2,1,1,0
0,0,0,0,0,0,0,0,9,0,0,1,1,0,0
0,0,0,0,0,0,0,0,16,0,0,2,1,1,0
0,0,0,0,0,0,0,0,12,0,0,2,0,1,0
0,0,0,1,0,0,0,0,16,0,0,2,0,1,0
0,0,0,1,0,0,0,0,17,0,0,2,1,1,0
0,0,0,2,0,0,0,0,16,0,0,2,0,1,0
0,0,0,0,0,0,0,0,13,0,0,2,0,1,0
0,0,0,1,0,0,0,0,16,1,0,2,1,1,0
0,0,0,2,0,0,0,1,21,0,1,2,0,1,0
0,0,0,1,0,0,0,0,25,0,0,2,1,1,0
0,0,0,2,0,0,1,0,15,0,0,2,1,1,0
0,0,0,2,0,0,0,0,21,0,0,2,1,1,0
0,0,0,0,0,0,0,0,14,0,0,2,0,1,0
0,0,0,2,0,0,0,0,19,0,0,2,1,1,0
0,0,0,2,0,0,0,0,15,0,0,1,1,0,0
0,0,0,1,0,0,0,0,13,0,0,2,0,1,0
0,0,0,1,0,0,0,0,18,0,0,2,1,1,0
0,0,0,0,0,0,0,0,18,0,0,3,0,2,0
0,0,0,1,0,0,0,0,13,0,0,2,0,1,0
0,0,0,2,0,0,0,0,18,0,0,2,1,1,0
0,0,0,2,0,0,0,0,18,0,0,3,0,2,0
0,0,0,2,0,0,0,0,22,0,0,3,0,2,0
0,0,0,1,0,0,0,0,10,0,0,2,1,1,0
0,0,0,3,0,0,0,0,22,0,0,3,0,2,0
0,0,0,1,0,0,0,0,21,0,0,2,1,1,0
0,0,0,1,0,0,0,0,17,0,0,2,1,1,0
0,0,0,0,0,0,0,0,11,0,0,2,0,1,0
0,0,0,0,0,0,0,0,18,0,0,3,0,2,0
0,0,0,0,0,0,0,0,18,0,0,2,1,1,0
0,0,0,1,0,0,0,0,23,0,0,2,1,1,0
0,0,0,2,0,0,0,0,18,0,0,2,1,1,0
0,0,0,2,0,0,0,0,15,0,0,2,1,1,0
0,0,0,0,0,0,0,0,21,0,0,1,1,0,0
0,0,0,2,0,0,1,0,21,0,0,3,0,2,0
0,0,0,3,0,0,0,0,22,0,0,2,1,1,0
0,0,0,2,0,0,0,0,20,0,0,2,1,1,0
0,0,0,1,0,0,0,0,15,0,0,2,0,1,0
0,0,0,1,0,0,0,0,16,0,0,2,1,1,0
0,0,0,3,0,0,0,0,10,0,0,2,0,1,0
0,0,0,3,0,0,0,0,16,0,0,2,1,1,0
0,0,0,0,0,0,0,0,19,0,0,2,1,1,0
0,0,0,2,0,0,0,0,15,0,0,2,0,1,0
0,0,0,0,0,0,0,0,11,0,0,2,1,1,0
0,0,0,0,0,0,0,0,19,0,0,2,1,1,0
0,0,0,2,0,0,0,0,16,0,0,2,0,1,0
0,0,0,0,0,0,0,1,21,0,1,2,1,1,0
0,0,0,1,0,0,0,0,18,0,0,2,1,1,0
0,0,0,3,0,0,1,0,15,0,0,2,1,1,0
0,0,0,0,0,0,1,0,14,0,0,2,1,1,0
0,0,0,0,0,0,0,0,21,0,0,2,1,1,0
0,0,0,1,0,0,0,0,21,0,0,2,1,1,0
0,0,0,1,0,0,0,0,30,0,0,3,0,2,0
0,0,0,3,0,0,0,0,12,0,0,2,0,1,0
0,0,0,1,0,0,0,0,15,0,0,3,0,2,0
0,0,0,2,0,0,0,0,12,0,0,2,0,1,0
0,0,0,2,0,0,0,0,16,0,0,2,1,1,0
0,0,0,1,0,0,0,0,15,1,0,2,1,1,0
0,0,0,2,0,0,0,0,19,0,0,2,1,1,0
0,0,0,2,0,0,1,0,18,0,0,2,1,1,0
0,0,0,2,0,0,0,0,19,0,0,2,0,1,0
0,0,0,1,0,0,0,0,18,0,0,2,1,1,0
0,0,0,2,0,0,0,0,17,0,0,2,1,1,0
0,0,0,0,0,0,0,0,18,0,0,2,1,1,0
0,0,0,2,0,0,0,0,19,0,0,2,1,1,0
0,0,0,1,0,0,1,0,14,0,0,2,1,1,0
0,0,0,0,0,0,0,0,14,0,0,2,0,1,0
0,0,0,0,0,0,0,1,19,0,1,2,0,1,0
0,0,0,2,0,0,1,0,18,0,0,2,1,1,0
0,0,0,1,0,0,1,0,11,0,0,1,1,0,0
0,0,0,2,0,0,0,0,17,0,0,2,0,1,0
0,0,0,1,0,0,1,0,25,1,0,2,1,1,0
0,0,0,2,0,0,0,0,18,0,0,2,1,1,0
0,0,0,0,0,0,0,1,23,0,2,2,1,1,0
0,0,0,2,0,0,0,0,9,0,0,2,0,1,0
0,0,0,2,0,0,0,0,15,0,0,2,1,1,0
0,0,0,1,0,0,0,0,11,0,0,2,1,1,0
0,0,0,2,0,0,0,0,12,0,0,2,1,1,0
0,0,0,1,0,0,0,0,22,0,0,2,1,1,0
0,0,0,2,0,0,0,0,15,0,0,2,1,1,0
0,0,0,2,0,0,0,0,18,0,0,2,0,1,0
0,0,0,0,0,0,0,0,10,1,0,1,1,0,0
0,0,0,0,0,0,0,0,18,2,0,3,0,2,0
0,0,0,2,0,0,0,0,17,0,0,2,1,1,0
0,0,0,3,0,0,0,1,23,0,1,2,1,1,0
0,0,0,2,0,0,0,1,20,0,1,2,1,1,0
0,0,0,0,0,0,0,0,12,0,0,1,1,0,0
0,0,0,2,0,0,1,0,16,0,0,2,1,1,0
0,0,0,1,0,0,0,1,21,0,1,2,1,1,0
0,0,0,3,0,0,0,0,15,2,0,2,1,1,0
0,0,0,1,0,0,0,0,13,0,0,2,0,1,0
0,0,0,2,0,0,0,0,16,0,0,2,1,1,0
0,0,0,2,0,0,0,0,16,0,0,2,1,1,0
0,0,0,2,0,0,0,0,12,0,0,2,0,1,0
0,0,0,2,0,0,1,0,21,0,0,2,1,1,0
0,0,0,2,0,0,0,0,15,0,0,3,0,2,0
0,0,0,1,0,0,0,0,17,0,0,2,1,1,0
0,0,0,0,0,0,0,0,10,0,0,2,0,1,0
0,0,0,1,0,0,0,0,16,0,0,2,1,1,0
0,0,0,2,0,0,0,0,17,0,0,2,1,1,0
0,0,0,2,0,0,0,0,14,0,0,2,0,1,0
0,0,0,1,0,0,0,0,18,0,0,2,1,1,0
0,0,0,0,0,0,0,0,16,0,0,2,0,1,0
0,0,0,2,0,0,0,0,6,0,0,1,1,0,0
0,0,0,1,0,0,0,0,12,0,0,1,1,0,0
0,0,0,2,0,0,0,0,27,0,0,3,1,2,0
0,0,0,0,0,0,0,0,10,2,0,2,1,1,0
0,0,0,3,0,0,0,0,18,0,0,2,1,1,0
0,0,0,3,0,0,0,0,14,0,0,2,1,1,0
0,0,0,2,0,0,0,0,25,0,0,2,1,1,0
0,0,0,2,0,0,0,0,13,0,0,2,1,1,0
0,0,0,1,0,0,0,0,7,0,0,1,0,0,0
0,0,0,1,0,0,0,0,19,0,0,2,1,1,0
0,0,0,2,0,0,0,0,22,0,0,2,1,1,0
0,0,0,0,0,0,0,0,17,0,0,2,1,1,0
0,0,0,0,0,0,0,0,13,3,0,2,0,1,0
0,0,0,1,0,0,0,0,23,0,0,2,1,1,0
0,0,0,2,0,0,0,0,7,1,0,1,1,0,0
0,0,0,0,0,0,0,0,21,0,0,2,1,1,0
0,0,0,3,0,0,0,0,22,0,0,3,1,2,0
0,0,0,2,0,0,0,0,14,3,0,2,1,1,0
0,0,0,1,0,0,0,0,15,0,0,2,0,1,0
0,0,0,2,0,0,0,0,15,0,0,1,1,0,0
0,0,0,0,0,0,0,0,18,0,0,2,0,1,0
0,0,0,3,0,0,0,0,17,0,0,2,1,1,0
0,0,0,3,0,0,0,0,12,0,0,2,1,1,0
0,0,0,2,0,0,0,0,17,1,0,2,1,1,0
0,0,0,2,0,0,0,0,15,0,0,2,0,1,0
0,0,0,1,0,0,0,0,19,2,0,2,1,1,0
0,0,0,2,0,0,0,0,16,0,0,2,1,1,0
0,0,0,2,0,0,0,0,18,4,0,2,1,1,0
0,0,0,2,0,0,0,0,11,0,0,2,1,1,0
0,0,0,2,0,0,0,0,16,0,0,2,1,1,0
0,0,0,1,0,0,0,0,14,0,0,2,1,1,0
0,0,0,0,0,0,0,0,17,0,0,2,1,1,0
0,0,0,1,0,0,0,0,17,0,0,2,0,1,0
0,0,0,1,0,0,0,0,17,2,0,2,1,1,0
0,0,0,1,0,0,0,0,20,0,0,2,0,1,0
0,0,0,3,0,0,0,0,16,0,0,2,1,1,0
0,0,0,2,0,0,0,0,9,0,0,2,0,1,0
0,0,0,2,0,0,0,0,11,0,0,2,1,1,0
0,0,0,2,0,0,0,1,15,0,1,2,1,1,0
0,0,0,1,0,0,1,0,16,0,0,2,1,1,0
0,0,0,2,0,0,0,0,10,0,0,2,1,1,0
0,0,0,2,0,0,0,0,15,0,0,2,1,1,0
0,0,0,1,0,0,0,0,20,0,0,2,1,1,0
0,0,0,0,0,0,0,0,17,4,0,2,0,1,0
0,0,0,2,0,0,0,0,12,0,0,2,1,1,0
0,0,0,3,0,0,0,0,15,0,0,2,1,1,0
0,0,0,2,0,0,0,0,13,1,0,2,1,1,0
0,0,0,3,0,0,0,0,13,0,0,2,1,1,0
0,0,0,1,0,0,0,0,20,0,0,2,1,1,0
0,0,0,2,0,0,0,0,15,0,0,2,1,1,0
0,0,0,2,0,0,0,0,16,0,0,2,1,1,0
0,0,0,0,0,0,0,0,20,0,0,2,1,1,0
0,0,0,1,0,0,0,0,15,1,0,2,1,1,0
0,0,0,2,0,0,0,0,14,0,0,2,1,1,0
0,0,0,2,0,0,0,0,12,0,0,2,1,1,0
0,0,0,2,0,0,0,0,16,0,0,2,0,1,0
0,0,0,3,0,0,0,0,18,0,0,3,0,2,0
0,0,0,0,0,0,0,0,16,0,0,2,1,1,0
0,0,0,1,0,0,0,0,16,0,0,2,1,1,0
0,0,0,2,0,0,0,0,19,0,0,2,1,1,0
0,0,0,1,0,0,0,0,18,0,0,3,0,2,0
0,0,0,1,0,0,0,0,19,0,0,2,1,1,0
0,0,0,3,0,0,0,0,17,0,0,2,1,1,0
0,0,0,0,0,0,0,0,15,1,0,2,1,1,0
0,0,0,3,0,0,0,0,12,0,0,2,1,1,0
0,0,0,1,0,0,0,0,18,2,0,2,1,1,0
0,0,0,1,0,0,0,0,19,0,0,2,1,1,0
0,0,0,1,0,0,0,0,16,0,0,2,1,1,0
0,0,0,1,0,0,0,0,16,0,0,2,1,1,0
0,0,0,1,0,0,0,0,17,0,0,3,0,2,0
0,0,0,0,0,0,0,0,15,0,0,2,1,1,0
0,0,0,1,0,0,0,0,16,0,0,2,1,1,0
0,0,0,2,0,0,0,0,16,0,0,2,0,1,0
0,0,0,3,0,0,0,0,15,0,0,2,1,1,0
0,0,0,0,0,0,0,0,16,0,0,2,1,1,0
0,0,0,1,0,0,0,0,14,0,0,2,1,1,0
0,0,0,1,0,0,1,0,19,0,0,2,1,1,0
0,0,0,1,0,0,0,0,7,0,0,1,0,0,0
0,0,0,2,0,0,0,0,16,0,0,3,0,2,0
0,0,0,0,0,0,0,0,15,0,0,2,1,1,0
0,0,0,0,0,0,0,0,17,0,0,2,0,1,0
0,0,0,0,0,0,0,0,9,0,0,1,1,0,0
0,0,0,2,0,0,0,0,20,0,0,2,1,1,0
0,0,0,0,0,0,0,1,23,0,1,3,0,2,0
0,0,0,2,0,0,0,0,30,0,0,2,1,1,0
0,0,0,3,0,0,0,0,12,0,0,3,0,2,0
0,0,0,1,0,0,0,0,16,0,0,2,1,1,0
0,0,0,2,0,0,0,0,19,0,0,2,1,1,0
0,0,0,0,0,0,0,1,23,0,1,2,0,1,0
0,0,0,2,0,0,0,0,25,0,0,2,1,1,0
0,0,0,1,0,0,0,0,13,0,0,2,0,1,0
0,0,0,0,0,0,0,0,16,0,0,2,1,1,0
0,0,0,2,0,0,0,0,20,0,0,3,0,2,0
0,0,0,2,0,0,0,0,18,0,0,2,1,1,0
0,0,0,2,0,0,0,0,20,0,0,2,1,1,0
0,0,0,1,0,0,0,0,13,0,0,2,0,1,0
0,0,0,1,0,0,0,0,22,0,0,2,1,1,0
0,0,0,0,0,0,0,0,10,0,0,2,0,1,0
0,0,0,1,0,0,0,0,16,0,0,2,1,1,0
0,0,0,2,0,0,0,0,19,0,0,2,1,1,0
0,0,0,1,0,0,0,0,18,0,0,3,0,2,0
0,0,0,0,0,0,0,0,10,2,0,2,0,1,0
0,0,0,2,0,0,0,0,18,0,0,2,1,1,0
0,0,0,0,0,0,0,0,16,0,0,2,0,1,0
0,0,1,2,0,0,0,0,31,0,0,2,1,1,0
0,0,0,2,0,0,0,0,17,0,0,2,1,1,0
0,0,0,1,0,0,0,0,12,0,0,2,1,1,0
0,0,0,2,0,0,0,0,14,0,0,2,0,1,0
0,0,0,2,0,0,0,0,14,0,0,2,0,1,0
0,0,0,0,0,0,0,0,20,2,0,2,1,1,0
0,0,0,0,0,0,0,0,18,2,0,2,1,1,0
0,0,0,1,0,0,0,0,16,0,0,2,0,1,0
0,0,0,2,0,0,0,0,23,0,0,2,1,1,0
0,0,0,1,0,0,0,0,18,0,0,2,1,1,0
0,0,0,0,0,0,0,0,13,0,0,2,0,1,0
0,0,0,1,0,0,0,0,23,0,0,2,1,1,0
0,0,0,3,0,0,0,0,24,1,0,2,1,1,0
0,0,0,3,0,0,0,1,12,0,1,1,1,0,0
0,0,0,1,0,0,0,0,14,0,0,2,1,1,0
0,0,0,1,0,0,0,0,19,0,0,2,1,1,0
0,0,0,1,0,0,0,0,24,0,0,2,0,1,0
0,0,0,2,0,0,0,0,10,1,0,2,0,1,0
0,0,0,3,0,0,0,0,17,0,0,2,1,1,0
0,0,0,1,0,0,0,0,8,0,0,1,0,0,0
0,0,0,2,0,0,0,0,14,0,0,2,0,1,0
0,0,0,3,0,0,0,0,22,0,0,2,1,1,0
0,0,0,3,0,0,0,0,16,0,0,2,1,1,0
0,0,0,1,0,0,0,0,18,0,0,2,1,1,0
0,0,0,2,0,0,0,0,17,0,0,2,1,1,0
0,0,0,2,0,0,0,0,11,0,0,2,0,1,0
0,0,0,2,0,0,0,0,15,0,0,2,1,1,0
0,0,0,2,0,0,0,0,16,0,0,2,1,1,0
0,0,0,0,0,0,0,1,18,0,1,2,0,1,0
0,0,0,1,0,0,0,0,9,0,0,1,1,0,0
0,0,0,1,0,0,0,0,17,0,0,3,0,2,0
0,0,0,3,0,0,0,0,14,0,0,1,1,0,0
0,0,0,1,0,0,0,0,12,0,0,2,1,1,0
0,0,0,2,0,0,1,0,22,0,0,2,1,1,0
0,0,0,0,0,0,0,0,15,0,0,2,1,1,0
0,0,0,1,0,0,0,0,19,0,0,2,1,1,0
0,0,0,1,0,0,0,0,15,0,0,2,0,1,0
0,0,0,3,0,0,0,0,21,0,0,2,1,1,0
0,0,0,2,0,0,0,0,20,0,0,2,1,1,0
0,0,0,1,0,0,0,0,19,0,0,2,1,1,0
0,0,0,1,0,0,0,0,16,0,0,2,0,1,0
0,0,0,2,0,0,0,1,23,0,1,2,1,1,0
0,0,0,1,0,0,0,0,18,0,0,2,1,1,0
0,0,0,3,0,0,0,0,10,0,0,2,0,1,0
0,0,0,1,0,0,0,0,16,0,0,2,1,1,0
0,0,0,3,0,0,0,0,24,0,0,3,0,2,0
0,0,0,1,0,0,0,1,15,0,1,2,1,1,0
0,0,0,0,0,0,1,0,10,0,0,1,1,0,0
0,0,0,2,0,0,0,0,14,0,0,2,1,1,0
0,0,0,0,0,0,0,0,16,0,0,2,1,1,0
0,0,0,1,0,0,0,0,18,0,0,2,0,1,0
0,0,0,1,0,0,1,0,20,0,0,2,1,1,0
0,0,0,3,0,0,0,0,21,0,0,1,1,0,0
0,0,1,3,0,0,0,1,26,0,1,2,1,1,0
0,0,0,1,0,0,0,0,10,0,0,2,1,1,0
0,0,0,0,0,0,0,0,14,0,0,2,0,1,0
0,0,0,1,0,0,0,0,16,0,0,2,0,1,0
0,0,0,0,0,0,0,0,16,0,0,2,1,1,0
0,0,0,2,0,0,0,0,12,0,0,1,1,0,0
0,0,0,2,0,0,0,0,17,0,0,2,1,1,0
0,0,0,0,0,0,0,0,13,0,0,2,0,1,0
0,0,0,1,0,0,0,0,14,0,0,2,1,1,0
0,0,0,1,0,0,0,0,13,0,0,2,0,1,0
0,0,0,2,0,0,0,0,16,0,0,2,0,1,0
0,0,0,1,0,0,0,0,15,0,0,2,1,1,0
0,0,0,1,0,0,0,0,19,0,0,2,1,1,0
0,0,0,1,0,0,0,0,13,3,0,2,1,1,0
0,0,0,1,0,0,0,0,14,0,0,3,0,2,0
0,0,0,1,0,0,0,0,14,0,0,3,0,2,0
0,0,0,1,0,0,0,1,20,0,1,2,1,1,0
0,0,0,1,0,0,0,0,10,0,0,1,1,0,0
0,0,0,1,0,0,0,0,22,0,0,2,1,1,0
0,0,0,2,0,0,0,0,17,0,0,3,0,2,0
0,0,0,2,0,0,0,0,13,0,0,2,1,1,0
0,0,0,2,0,0,0,0,19,0,0,2,1,1,0
0,0,0,0,0,0,0,0,11,1,0,2,1,1,0
0,0,0,1,0,0,0,0,20,0,0,2,1,1,0
0,0,1,3,0,0,0,0,26,0,0,2,1,1,0
0,0,0,3,0,0,0,0,12,0,0,2,0,1,0
0,0,0,2,0,0,0,0,15,0,0,2,1,1,0
0,0,0,0,0,0,0,0,15,0,0,2,0,1,0
0,0,0,2,0,0,0,0,15,0,0,2,1,1,0
0,0,0,0,0,0,0,0,9,0,0,2,0,1,0
0,0,0,1,0,0,0,1,29,4,2,2,1,1,0
0,0,0,2,0,0,0,0,16,0,0,2,0,1,0
0,0,0,2,0,0,0,1,20,0,1,2,1,1,0
0,0,0,0,0,0,0,0,8,0,0,1,0,0,0
0,0,0,2,0,0,0,0,11,0,0,2,0,1,0
0,0,0,3,0,0,0,0,14,0,0,2,1,1,0
0,0,0,3,0,0,0,0,19,0,0,2,1,1,0
0,0,0,1,0,0,0,0,22,0,0,2,1,1,0
0,0,0,0,0,0,0,0,14,0,0,2,0,1,0
0,0,0,1,0,0,0,0,17,0,0,2,1,1,0
0,0,0,1,0,0,1,0,19,0,0,2,1,1,0
0,0,0,2,0,0,0,0,14,0,0,2,1,1,0
0,0,0,2,0,0,0,0,19,0,0,2,1,1,0
0,0,0,0,0,0,0,0,14,0,0,2,1,1,0
0,0,0,2,0,0,0,0,22,0,0,2,1,1,0
0,0,0,1,0,0,0,0,16,0,0,2,1,1,0
0,0,0,0,0,0,0,0,11,0,0,2,0,1,0
0,0,0,0,0,0,0,0,25,0,0,2,1,1,0
0,0,0,2,0,0,0,0,15,0,0,2,1,1,0
0,0,0,2,0,0,0,0,15,0,0,2,0,1,0
0,0,0,1,0,0,0,0,16,0,0,2,1,1,0
0,0,0,2,0,0,0,0,22,0,0,2,1,1,0
0,0,0,2,0,0,0,0,20,0,0,2,1,1,0
0,0,1,3,0,0,1,0,27,0,0,2,1,1,0
0,0,0,2,0,0,0,0,17,0,0,2,1,1,0
0,0,0,1,0,0,0,0,18,2,0,2,1,1,0
0,0,0,2,0,0,0,0,22,0,0,2,1,1,0
0,0,0,1,0,0,0,0,12,0,0,1,1,0,0
0,0,0,0,0,0,0,0,18,1,0,2,1,1,0
0,0,0,1,0,0,0,0,14,0,0,2,1,1,0
0,0,0,2,0,0,0,0,9,0,0,2,0,1,0
0,0,0,1,0,0,0,0,11,0,0,2,0,1,0
0,0,0,3,0,0,0,0,12,0,0,2,0,1,0
0,0,0,2,0,0,0,0,22,0,0,2,1,1,0
0,0,0,2,0,0,0,0,9,0,0,1,1,0,0
0,0,0,2,0,0,0,0,15,0,0,2,1,1,0
0,0,0,2,0,0,0,0,23,0,0,2,1,1,0
0,0,0,0,0,0,0,0,13,0,0,2,1,1,0
0,0,0,0,0,0,0,0,10,0,0,2,0,1,0
0,0,0,0,0,0,0,0,18,0,0,3,0,2,0
0,0,0,1,0,0,0,0,11,0,0,2,1,1,0
0,0,0,1,0,0,0,0,17,0,0,2,1,1,0
0,0,0,1,0,0,0,0,13,0,0,2,1,1,0
0,0,0,2,0,0,0,0,15,0,0,2,1,1,0
0,0,0,2,0,0,0,0,21,0,0,3,0,2,0
0,0,0,2,0,0,0,0,12,0,0,1,0,0,0
0,0,0,1,0,0,0,0,23,0,0,2,1,1,0
0,0,0,0,0,0,0,0,21,0,0,2,1,1,0
0,0,0,2,0,0,1,1,25,0,3,2,1,1,0
0,0,0,2,0,0,1,0,16,0,0,3,0,2,0
0,0,0,1,0,0,0,0,12,0,0,1,1,0,0
0,0,0,3,0,0,0,0,18,0,0,2,1,1,0
0,0,0,2,0,0,0,0,27,0,0,2,1,1,0
0,0,0,2,0,0,0,1,17,0,1,2,1,1,0
0,0,0,0,0,0,0,0,12,0,0,2,1,1,0
0,0,0,2,0,0,0,0,21,0,0,2,1,1,0
0,0,0,2,0,0,0,0,15,0,0,3,0,2,0
0,0,0,2,0,0,0,0,16,1,0,2,1,1,0
0,0,0,2,0,0,0,0,8,0,0,1,1,0,0
0,0,0,2,0,0,0,0,11,0,0,1,1,0,0
0,0,0,2,0,0,0,0,22,0,0,2,0,1,0
0,0,0,1,0,0,0,0,12,0,0,2,1,1,0
0,0,0,0,0,0,0,0,13,0,0,3,0,2,0
0,0,0,2,0,0,0,0,13,0,0,2,1,1,0
0,0,0,0,0,0,0,0,7,0,0,1,0,0,0
0,0,0,2,0,0,0,0,13,0,0,2,1,1,0
0,0,0,0,0,0,0,0,16,0,0,2,1,1,0
0,0,0,1,0,0,0,0,19,0,0,2,1,1,0
0,0,0,1,0,0,0,0,18,0,0,2,0,1,0
0,0,0,0,0,0,0,0,18,1,0,2,1,1,0
0,0,0,1,0,0,0,0,12,0,0,1,1,0,0
0,0,0,3,0,0,0,0,10,0,0,2,1,1,0
0,0,0,1,0,0,0,0,25,0,0,2,1,1,0
0,0,0,0,0,0,0,0,12,0,0,2,0,1,0
0,0,0,2,0,0,0,0,20,0,0,2,1,1,0
0,0,0,1,0,0,0,0,18,0,0,2,1,1,0
0,0,0,1,0,0,0,0,20,0,0,3,0,2,0
0,0,0,0,0,0,0,0,18,0,0,2,1,1,0
0,0,0,2,0,0,0,0,17,0,0,2,1,1,0
0,0,0,2,0,0,0,0,12,0,0,2,0,1,0
0,0,1,3,0,0,0,0,25,0,0,2,1,1,0
0,0,0,1,0,0,0,0,16,0,0,2,1,1,0
0,0,0,2,0,0,1,0,16,0,0,2,1,1,0
0,0,0,0,0,0,0,0,14,0,0,2,1,1,0
0,0,0,2,0,0,0,0,19,0,0,2,1,1,0
0,0,0,1,0,0,0,0,18,0,0,2,1,1,0
0,0,1,3,0,0,0,0,25,0,0,2,1,1,0
0,0,0,0,0,0,0,0,21,0,0,3,0,2,0
0,0,0,2,0,0,0,0,22,0,0,2,1,1,0
0,0,0,1,0,0,0,0,17,0,0,2,1,1,0
0,0,0,2,0,0,0,0,14,0,0,2,1,1,0
0,0,0,2,0,0,0,0,12,0,0,2,1,1,0
0,0,0,1,0,0,0,0,14,0,0,2,1,1,0
0,0,0,3,0,0,0,0,11,0,0,2,0,1,0
0,0,0,2,0,0,0,0,15,0,0,2,1,1,0
0,0,0,1,0,0,0,0,17,0,0,2,0,1,0
0,0,0,1,0,0,0,0,14,0,0,3,0,2,0
0,0,0,2,0,0,0,0,16,2,0,2,0,1,0
0,0,0,1,0,0,0,0,24,0,0,3,0,2,0
0,0,0,0,0,0,0,0,16,0,0,2,0,1,0
0,0,0,0,0,0,0,0,16,0,0,2,0,1,0
0,0,0,2,0,0,0,0,8,0,0,1,0,0,0
0,0,0,2,0,0,0,0,16,0,0,2,1,1,0
0,0,0,3,0,0,0,0,14,5,0,2,0,1,0
0,0,0,2,0,0,0,0,20,0,0,2,1,1,0
0,0,0,1,0,0,0,0,14,0,0,2,1,1,0
0,0,0,1,0,0,1,1,18,0,1,2,1,1,0
0,0,0,0,0,0,0,0,20,0,0,2,1,1,0
0,0,0,0,0,0,0,0,15,0,0,2,0,1,0
0,0,0,2,0,0,0,0,18,2,0,2,1,1,0
0,0,0,1,0,0,0,0,14,0,0,2,0,1,0
0,0,0,0,0,0,0,0,14,0,0,2,0,1,0
0,0,0,3,0,0,0,0,15,0,0,2,0,1,0
0,0,0,2,0,0,0,0,19,0,0,2,1,1,0
0,0,0,2,0,0,0,0,15,0,0,2,0,1,0
0,0,0,2,0,0,1,0,24,0,0,3,0,2,0
0,0,0,2,0,0,0,0,15,0,0,2,0,1,0
0,0,0,1,0,0,0,0,11,2,0,2,0,1,0
0,0,0,0,0,0,0,0,20,0,0,2,1,1,0
0,0,0,1,0,0,0,0,14,0,0,2,1,1,0
0,0,0,3,0,0,0,0,12,0,0,2,1,1,0
0,0,0,0,0,0,0,0,13,0,0,2,1,1,0
0,0,0,3,0,0,0,0,5,0,0,1,0,0,0
0,0,0,0,0,0,0,0,17,0,0,2,1,1,0
0,0,0,2,0,0,0,0,13,0,0,2,0,1,0
0,0,0,3,0,0,0,0,18,0,0,3,0,2,0
0,0,0,2,0,0,0,0,19,0,0,2,0,1,0
0,0,0,2,0,0,0,0,17,0,0,2,1,1,0
0,0,0,2,0,0,0,0,14,0,0,2,0,1,0
0,0,0,1,0,0,0,0,14,3,0,2,1,1,0
0,0,0,1,0,0,0,0,10,0,0,2,0,1,0
0,0,0,0,0,0,0,0,15,0,0,2,1,1,0
0,0,0,0,0,0,0,0,11,0,0,2,0,1,0
0,0,0,1,0,0,0,0,13,0,0,1,1,0,0
0,0,0,1,0,0,0,0,6,0,0,1,0,0,0
0,0,0,1,0,0,0,0,19,0,0,3,0,2,0
0,0,0,3,0,0,1,0,19,0,0,2,1,1,0
0,0,0,1,0,0,0,0,15,1,0,2,1,1,0
0,0,0,1,0,0,0,0,12,0,0,2,1,1,0
0,0,0,1,0,0,0,1,24,0,1,2,1,1,0
0,0,0,3,0,0,0,0,20,0,0,3,0,2,0
0,0,0,0,0,0,0,0,13,0,0,1,1,0,0
0,0,0,1,0,0,0,0,17,0,0,2,1,1,0
0,0,0,2,0,0,0,0,23,0,0,2,1,1,0
0,0,0,0,0,0,0,0,14,0,0,2,0,1,0
0,0,0,2,0,0,0,0,16,0,0,2,1,1,0
0,0,0,1,0,0,0,0,13,0,0,2,1,1,0
0,0,0,2,0,0,0,0,14,0,0,2,0,1,0
0,0,0,0,0,0,0,0,33,0,0,3,0,2,0
0,0,0,0,0,0,0,0,23,0,0,2,1,1,0
0,0,0,3,0,0,0,0,18,0,0,2,1,1,0
0,0,0,2,0,0,0,0,15,0,0,2,0,1,0
0,0,0,2,0,0,1,0,17,0,0,2,1,1,0
0,0,0,1,0,0,0,0,16,0,0,2,1,1,0
0,0,0,2,0,0,1,0,12,0,0,1,1,0,0
0,0,0,2,0,0,0,0,20,0,0,4,0,3,0
0,0,0,2,0,0,0,1,16,0,1,2,0,1,0
0,0,0,2,0,0,0,0,18,0,0,2,1,1,0
0,0,0,0,0,0,0,0,25,0,0,2,1,1,0
0,0,0,0,0,0,0,0,14,0,0,2,1,1,0
0,0,0,2,0,0,0,0,14,0,0,2,0,1,0
0,0,0,2,0,0,0,0,17,0,0,2,0,1,0
0,0,0,1,0,0,0,0,14,0,0,2,1,1,0
0,0,0,2,0,0,0,1,22,0,1,2,0,1,0
0,0,0,2,0,0,0,0,16,0,0,2,1,1,0
0,0,0,2,0,0,0,0,16,0,0,2,1,1,0
0,0,0,3,0,0,0,0,18,0,0,2,1,1,0
0,0,0,1,0,0,0,0,9,0,0,1,1,0,0
0,0,0,1,0,0,0,0,16,0,0,2,1,1,0
0,0,0,2,0,0,0,0,18,0,0,2,1,1,0
0,0,0,1,0,0,0,0,10,2,0,2,0,1,0
0,0,0,1,0,0,0,0,17,0,0,2,0,1,0
0,0,0,2,0,0,1,0,20,0,0,2,1,1,0
0,0,0,2,0,0,0,0,16,0,0,2,1,1,0
0,0,0,1,0,0,0,0,18,1,0,2,0,1,0
0,0,0,3,0,0,0,0,17,0,0,2,1,1,0
0,0,0,2,0,0,0,0,19,0,0,2,1,1,0
0,0,0,2,0,0,0,0,11,0,0,2,0,1,0
0,0,0,1,0,0,0,0,13,0,0,2,1,1,0
0,0,0,2,0,0,1,0,16,0,0,2,1,1,0
0,0,0,1,0,0,0,0,15,0,0,2,1,1,0
0,0,0,1,0,0,0,0,19,0,0,2,1,1,0
0,0,0,2,0,0,0,0,22,0,0,2,1,1,0
0,0,0,3,0,0,1,0,8,0,0,2,0,1,0
0,0,0,1,0,0,0,0,17,3,0,2,1,1,0
0,0,0,1,0,0,0,0,14,0,0,2,1,1,0
0,0,0,0,0,0,0,0,18,0,0,2,1,1,0
0,0,0,2,0,0,0,0,13,0,0,1,1,0,0
0,0,0,2,0,0,0,0,12,0,0,2,0,1,0
0,0,0,1,0,0,0,0,18,1,0,2,0,1,0
0,0,0,0,0,0,0,0,24,0,0,2,1,1,0
0,0,0,2,0,0,0,0,16,0,0,2,1,1,0
0,0,0,0,0,0,0,0,15,0,0,2,0,1,0
0,0,0,1,0,0,0,0,14,0,0,2,1,1,0
0,0,0,2,0,0,0,0,18,2,0,2,1,1,0
0,0,0,2,0,0,0,0,18,0,0,2,1,1,0
0,0,0,2,0,0,0,0,22,0,0,2,1,1,0
0,0,0,0,0,0,0,0,20,0,0,2,1,1,0
0,0,0,1,0,0,0,0,19,0,0,2,1,1,0
0,0,0,2,0,0,0,0,11,0,0,2,1,1,0
0,0,0,0,0,0,0,0,18,0,0,2,0,1,0
0,0,0,2,0,0,1,0,15,0,0,1,1,0,0
0,0,0,0,0,0,0,0,15,0,0,2,0,1,0
0,0,0,2,0,0,0,0,14,0,0,2,0,1,0
0,0,0,0,0,0,0,0,14,0,0,2,0,1,0
0,0,0,0,0,0,0,0,12,0,0,2,0,1,0
0,0,0,0,0,0,0,0,16,0,0,3,0,2,0
0,0,0,0,0,0,0,0,16,0,0,2,1,1,0
0,0,0,2,0,0,0,0,17,0,0,2,1,1,0
0,0,0,1,0,0,0,0,21,0,0,2,0,1,0
0,0,0,2,0,0,0,0,16,0,0,3,0,2,0
0,0,0,0,0,0,0,0,27,0,0,2,1,1,0
0,0,0,2,0,0,0,0,12,0,0,2,0,1,0
0,0,0,1,0,0,1,0,24,0,0,2,1,1,0
0,0,0,1,0,0,0,0,15,0,0,2,1,1,0
0,0,0,3,0,0,0,1,22,0,2,2,1,1,0
0,0,0,1,0,0,0,0,8,0,0,1,1,0,0
0,0,0,2,0,0,0,0,11,0,0,2,0,1,0
0,0,0,2,0,0,0,0,18,0,0,2,1,1,0
0,0,0,0,0,0,0,1,24,0,1,2,1,1,0
0,0,0,2,0,0,0,0,17,1,0,2,1,1,0
0,0,0,2,0,0,0,0,19,0,0,2,1,1,0
0,0,0,1,0,0,0,0,13,0,0,2,1,1,0
0,0,0,3,0,0,0,0,16,0,0,2,0,1,0
0,0,0,1,0,0,0,0,12,0,0,2,1,1,0
0,0,0,3,0,0,0,0,16,3,0,2,1,1,0
0,0,0,2,0,0,0,0,15,0,0,2,0,1,0
0,0,0,2,0,0,0,0,14,0,0,2,0,1,0
0,0,0,2,0,0,0,0,13,0,0,1,1,0,0
0,0,0,0,0,0,0,0,14,3,0,2,1,1,0
0,0,0,0,0,0,0,0,17,0,0,2,1,1,0
0,0,0,2,0,0,0,0,12,2,0,2,0,1,0
0,0,0,3,0,0,0,0,24,0,0,2,1,1,0
0,0,0,3,0,0,0,0,19,0,0,2,1,1,0
0,0,0,3,0,0,0,0,7,0,0,1,0,0,0
0,0,0,1,0,0,0,0,13,0,0,2,0,1,0
0,0,0,0,0,0,0,0,17,0,0,2,1,1,0
0,0,0,1,0,0,0,0,20,0,0,2,1,1,0
0,0,0,3,0,0,0,0,14,0,0,2,1,1,0
0,0,0,1,0,0,0,0,19,0,0,2,1,1,0
0,0,0,2,0,0,0,0,27,0,0,2,1,1,0
0,0,0,1,0,0,0,0,7,0,0,1,0,0,0
0,0,0,2,0,0,1,0,16,0,0,2,1,1,0
0,0,0,3,0,0,0,0,14,0,0,2,0,1,0
0,0,0,1,0,0,0,0,21,0,0,2,1,1,0
0,0,0,2,0,0,1,0,15,0,0,2,1,1,0
0,0,0,2,0,0,0,0,13,0,0,2,1,1,0
0,0,1,3,0,0,0,0,25,0,0,3,0,2,0
0,0,0,1,0,0,1,0,10,0,0,2,1,1,0
0,0,0,0,0,0,0,0,17,0,0,2,1,1,0
0,0,0,2,0,0,0,0,14,0,0,2,1,1,0
0,0,0,1,0,0,0,0,19,0,0,3,0,2,0
0,0,0,2,0,0,0,0,14,0,0,2,0,1,0
0,0,0,1,0,0,0,1,29,0,2,3,0,2,0
0,0,0,2,0,0,0,0,16,0,0,2,1,1,0
0,0,0,1,0,0,0,0,18,0,0,2,1,1,0
0,0,0,2,0,0,0,0,17,0,0,2,0,1,0
0,0,0,0,0,0,0,0,11,0,0,2,1,1,0
0,0,0,2,0,0,0,0,15,0,0,3,0,2,0
0,0,0,1,0,0,0,0,16,0,0,2,1,1,0
0,0,0,1,0,0,0,0,16,0,0,2,1,1,0
0,0,0,2,0,0,0,0,20,0,0,2,1,1,0
0,0,0,0,0,0,0,0,16,0,0,2,1,1,0
0,0,0,1,0,0,0,0,20,0,0,2,0,1,0
0,0,0,2,0,0,0,0,12,0,0,2,0,1,0
0,0,0,0,0,0,0,0,14,0,0,2,1,1,0
0,0,0,2,0,0,0,0,19,0,0,2,1,1,0
0,0,0,2,0,0,0,0,17,0,0,2,0,1,0
0,0,0,2,0,0,0,0,12,0,0,1,1,0,0
0,0,0,1,0,0,1,0,21,0,0,2,1,1,0
0,0,0,2,0,0,0,0,16,0,0,2,1,1,0
0,0,0,2,0,0,0,0,13,0,0,2,0,1,0
0,0,0,2,0,0,1,0,15,0,0,3,0,2,0
0,0,0,1,0,0,0,0,14,0,0,2,0,1,0
0,0,0,1,0,0,0,0,13,0,0,2,0,1,0
0,0,0,2,0,0,1,0,19,0,0,3,0,2,0
0,0,0,0,0,0,1,0,12,0,0,2,1,1,0
0,0,0,2,0,0,0,0,24,0,0,3,0,2,0
0,0,0,1,0,0,0,0,10,2,0,2,1,1,0
0,0,0,2,0,0,0,0,20,0,0,2,1,1,0
0,0,0,1,0,0,0,0,16,0,0,2,1,1,0
0,0,1,3,0,0,0,1,28,0,1,2,1,1,0
0,0,0,0,0,0,0,0,13,0,0,3,0,2,0
0,0,0,3,0,0,0,0,16,0,0,1,1,0,0
0,0,0,2,0,0,0,0,12,0,0,2,0,1,0
0,0,0,2,0,0,0,0,16,0,0,2,0,1,0
0,0,0,2,0,0,0,0,17,0,0,3,0,2,0
0,0,0,3,0,0,0,0,16,0,0,2,1,1,0
0,0,0,2,0,0,0,0,14,0,0,3,0,2,0
0,0,0,3,0,0,0,0,18,0,0,2,1,1,0
0,0,0,2,0,0,0,0,15,2,0,2,1,1,0
0,0,0,3,0,0,0,0,20,0,0,2,0,1,0
0,0,0,2,0,0,0,0,19,0,0,2,1,1,0
0,0,0,1,0,0,0,0,19,0,0,3,0,2,0
0,0,0,2,0,0,0,0,15,0,0,3,0,2,0
0,0,0,2,0,0,0,0,16,0,0,2,1,1,0
0,0,0,1,0,0,0,0,18,3,0,2,1,1,0
0,0,0,2,0,0,0,0,19,0,0,2,1,1,0
0,0,0,1,0,0,0,0,16,0,0,2,0,1,0
0,0,0,2,0,0,0,0,15,0,0,2,1,1,0
0,0,0,1,0,0,0,0,15,0,0,1,1,0,0
0,0,0,2,0,0,0,0,26,0,0,4,0,3,0
0,0,0,2,0,0,0,0,14,0,0,2,0,1,0
0,0,0,0,0,0,0,0,14,0,0,2,1,1,0
0,0,0,2,0,0,0,0,11,0,0,2,1,1,0
0,0,0,1,0,0,0,0,15,0,0,2,1,1,0
0,0,0,2,0,0,0,0,13,0,0,2,0,1,0
0,0,0,0,0,0,0,0,17,0,0,2,1,1,0
0,0,0,1,0,0,0,0,16,0,0,2,1,1,0
0,0,0,1,0,0,0,0,21,0,0,2,0,1,0
0,0,0,2,0,0,0,0,13,1,0,2,0,1,0
0,0,0,1,0,0,0,0,6,1,0,1,0,0,0
0,0,0,2,0,0,0,0,15,0,0,2,1,1,0
0,0,0,0,0,0,0,0,23,0,0,2,1,1,0
0,0,0,1,0,0,0,0,16,0,0,2,0,1,0
0,0,0,1,0,0,0,1,19,0,1,2,1,1,0
0,0,0,0,0,0,0,0,18,0,0,2,0,1,0
0,0,0,2,0,0,0,0,17,0,0,2,0,1,0
0,0,0,0,0,0,0,0,18,0,0,2,0,1,0
0,0,0,3,0,0,0,0,12,0,0,1,1,0,0
0,0,0,2,0,0,0,0,16,0,0,2,1,1,0
0,0,0,2,0,0,0,0,20,0,0,2,1,1,0
0,0,0,2,0,0,0,0,13,0,0,2,0,1,0
0,0,0,2,0,0,0,0,22,0,0,2,1,1,0
0,0,0,1,0,0,0,0,12,0,0,2,1,1,0
0,0,0,2,0,0,0,1,21,0,1,2,1,1,0
0,0,0,2,0,0,0,0,13,0,0,2,1,1,0
0,0,0,1,0,0,0,0,15,0,0,2,0,1,0
0,0,0,0,0,0,0,0,20,0,0,2,1,1,0
0,0,0,2,0,0,0,0,19,0,0,2,1,1,0
0,0,0,3,0,0,0,0,17,0,0,2,1,1,0
0,0,0,3,0,0,0,0,19,0,0,3,0,2,0
0,0,1,2,0,0,0,0,28,0,0,2,0,1,0
0,0,0,2,0,0,0,1,17,0,1,1,1,0,0
0,0,0,0,0,0,0,0,19,0,0,2,0,1,0
0,0,0,0,0,0,0,0,15,0,0,2,1,1,0
0,0,0,1,0,0,0,0,13,0,0,2,1,1,0
0,0,0,0,0,0,0,0,18,0,0,2,0,1,0
0,0,0,0,0,0,0,0,18,0,0,2,0,1,0
0,0,0,2,0,0,0,0,14,0,0,2,1,1,0
0,0,0,2,0,0,0,0,14,0,0,2,0,1,0
0,0,0,2,0,0,0,0,6,0,0,1,0,0,0
0,0,0,1,0,0,0,0,21,0,0,2,1,1,0
0,0,0,2,0,0,0,0,14,3,0,2,1,1,0
0,0,0,0,0,0,0,0,8,1,0,1,1,0,0
0,0,0,1,0,0,0,0,18,0,0,3,0,2,0
0,0,0,1,0,0,0,0,24,0,0,1,1,0,0
0,0,0,1,0,0,1,0,14,0,0,2,1,1,0
0,0,0,2,0,0,1,0,13,0,0,2,0,1,0
0,0,0,2,0,0,0,0,19,0,0,2,1,1,0
0,0,0,2,0,0,0,0,9,0,0,2,0,1,0
0,0,0,2,0,0,0,0,14,0,0,2,1,1,0
0,0,0,2,0,0,0,0,15,0,0,1,1,0,0
0,0,0,2,0,0,0,1,15,0,1,1,1,0,0
0,0,0,1,0,0,0,0,21,0,0,2,1,1,0
0,0,0,0,0,0,0,0,18,0,0,2,1,1,0
0,0,0,2,0,0,0,0,19,0,0,2,1,1,0
0,0,0,1,0,0,0,0,24,0,0,2,1,1,0
0,0,0,0,0,0,0,0,13,0,0,2,1,1,0
0,0,0,2,0,0,1,0,14,0,0,2,1,1,0
0,0,0,1,0,0,0,0,18,0,0,3,0,2,0
0,0,0,1,0,0,1,0,17,0,0,2,1,1,0
0,0,0,0,0,0,0,1,19,0,1,2,0,1,0
0,0,0,1,0,0,0,0,17,0,0,2,1,1,0
0,0,0,1,0,0,0,0,28,0,0,2,1,1,0
0,0,0,2,0,0,0,0,9,0,0,1,1,0,0
0,0,0,1,0,0,0,0,18,0,0,2,0,1,0
0,0,0,0,0,0,0,0,13,0,0,1,1,0,0
0,0,0,3,0,0,0,0,15,0,0,2,0,1,0
0,0,0,2,0,0,0,0,19,0,0,2,1,1,0
0,0,0,3,0,0,0,0,18,0,0,2,1,1,0
0,0,0,1,0,0,1,0,22,0,0,2,1,1,0
0,0,0,0,0,0,0,0,24,0,0,4,0,3,0
0,0,0,1,0,0,0,0,7,0,0,1,0,0,0
0,0,0,2,0,0,0,0,16,0,0,2,0,1,0
0,0,0,1,0,0,0,0,23,0,0,3,0,2,0
0,0,0,2,0,0,0,0,17,0,0,2,0,1,0
0,0,0,3,0,0,0,0,16,0,0,2,0,1,0
0,0,0,1,0,0,0,0,19,0,0,2,1,1,0
0,0,0,2,0,0,0,0,8,5,0,1,0,0,0
0,0,0,2,0,0,0,0,19,0,0,3,0,2,0
0,0,0,0,0,0,0,0,23,0,0,2,1,1,0
0,0,0,0,0,0,0,0,28,3,0,2,1,1,0
0,0,0,1,0,0,1,1,20,0,1,2,1,1,0
0,0,0,1,0,0,0,0,7,0,0,1,0,0,0
0,0,0,2,0,0,0,0,11,0,0,2,0,1,0
0,0,0,1,0,0,0,0,19,0,0,2,1,1,0
0,0,0,1,0,0,0,0,21,0,0,2,1,1,0
0,0,0,2,0,0,0,0,28,0,0,3,0,2,0
0,0,0,2,0,0,0,0,15,0,0,2,1,1,0
0,0,0,2,0,0,0,0,23,0,0,2,0,1,0
0,0,0,1,0,0,0,0,14,1,0,2,0,1,0
0,0,0,2,0,0,0,0,21,0,0,3,0,2,0
0,0,0,1,0,0,0,0,18,0,0,2,1,1,0
0,0,0,3,0,0,0,0,18,0,0,3,0,2,0
0,0,0,2,0,0,0,0,12,0,0,2,1,1,0
0,0,0,0,0,0,0,0,9,0,0,1,0,0,0
0,0,0,2,0,0,0,0,18,0,0,2,1,1,0
0,0,0,1,0,0,0,0,15,0,0,2,1,1,0
0,0,0,0,0,0,0,0,14,0,0,1,1,0,0
0,0,0,1,0,0,0,0,20,0,0,3,0,2,0
0,0,0,1,0,0,0,0,13,0,0,2,0,1,0
0,0,0,2,0,0,0,0,17,0,0,2,1,1,0
0,0,0,2,0,0,0,1,15,0,1,2,0,1,0
0,0,0,1,0,0,1,0,19,0,0,2,1,1,0
0,0,0,1,0,0,0,0,9,0,0,1,1,0,0
0,0,0,2,0,0,0,0,14,0,0,2,1,1,0
0,0,0,1,0,0,0,0,15,0,0,2,1,1,0
0,0,0,3,0,0,0,0,17,0,0,2,1,1,0
0,0,0,1,0,0,0,0,15,0,0,2,1,1,0
0,0,0,1,0,0,0,0,19,0,0,2,1,1,0
0,0,0,1,0,0,0,0,26,0,0,2,1,1,0
0,0,0,2,0,0,0,0,19,0,0,2,0,1,0
0,0,0,2,0,0,0,0,15,0,0,2,1,1,0
0,0,0,2,0,0,1,0,17,0,0,3,0,2,0
0,0,0,1,0,0,0,0,14,0,0,2,0,1,0
0,0,0,2,0,0,0,0,20,0,0,2,1,1,0
0,0,0,2,0,0,0,0,13,3,0,2,0,1,0
0,0,0,2,0,0,0,1,15,0,1,2,1,1,0
0,0,0,1,0,0,0,0,14,0,0,1,1,0,0
0,0,0,2,0,0,0,0,12,0,0,1,1,0,0
0,0,0,0,0,0,0,0,16,0,0,2,1,1,0
0,0,0,1,0,0,0,0,9,0,0,1,0,0,0
0,0,0,2,0,0,0,0,16,0,0,2,0,1,0
0,0,0,3,0,0,0,0,15,3,0,2,1,1,0
0,0,0,0,0,0,0,0,12,1,0,2,1,1,0
0,0,0,2,0,0,0,0,13,0,0,2,0,1,0
0,0,0,2,0,0,0,0,9,0,0,1,1,0,0
0,0,0,2,0,0,0,0,18,0,0,3,0,2,0
0,0,0,2,0,0,0,0,16,0,0,2,1,1,0
0,0,0,3,0,0,0,0,16,0,0,2,1,1,0
0,0,0,0,0,0,0,0,17,0,0,2,1,1,0
0,0,0,2,0,0,0,0,15,0,0,2,1,1,0
0,0,0,1,0,0,1,0,24,0,0,2,1,1,0
0,0,0,0,0,0,1,0,21,0,0,2,1,1,0
0,0,0,0,0,0,0,0,13,0,0,3,0,2,0
0,0,0,2,0,0,0,0,24,0,0,2,1,1,0
0,0,0,0,0,0,0,0,16,0,0,2,0,1,0
0,0,0,1,0,0,0,0,18,0,0,3,0,2,0
0,0,0,1,0,0,0,0,14,1,0,2,1,1,0
0,0,0,2,0,0,0,0,19,0,0,2,1,1,0
0,0,0,1,0,0,0,1,15,0,1,1,1,0,0
0,0,0,2,0,0,0,0,17,0,0,2,1,1,0
0,0,0,0,0,0,0,0,22,0,0,2,1,1,0
0,0,0,3,0,0,0,0,16,0,0,2,0,1,0
0,0,0,1,0,0,0,0,17,0,0,2,0,1,0
0,0,0,2,0,0,0,0,17,0,0,2,1,1,0
0,0,0,1,0,0,0,0,17,0,0,2,1,1,0
0,0,0,1,0,0,1,0,17,0,0,2,1,1,0
0,0,0,2,0,0,0,0,17,0,0,2,1,1,0
0,0,0,1,0,0,0,0,17,0,0,2,1,1,0
0,0,0,2,0,0,0,0,19,0,0,2,1,1,0
0,0,0,0,0,0,1,0,18,0,0,2,1,1,0
0,0,0,1,0,0,0,0,12,1,0,2,1,1,0
0,0,0,1,0,0,0,0,18,0,0,2,0,1,0
0,0,0,1,0,0,0,0,17,0,0,2,1,1,0
0,0,0,0,0,0,0,0,14,0,0,2,0,1,0
0,0,0,2,0,0,0,0,17,0,0,2,0,1,0
0,0,0,2,0,0,0,0,24,0,0,2,1,1,0
0,0,0,0,0,0,1,0,16,0,0,2,1,1,0
0,0,0,0,0,0,0,0,14,0,0,2,1,1,0
0,0,0,3,0,0,0,0,21,0,0,2,1,1,0
0,0,0,1,0,0,0,0,17,0,0,2,1,1,0
0,0,0,2,0,0,0,0,15,0,0,2,1,1,0
0,0,0,2,0,0,0,0,15,0,0,3,0,2,0
0,0,0,2,0,0,0,0,25,0,0,2,1,1,0
0,0,0,1,0,0,0,0,22,0,0,1,1,0,0
0,0,0,1,0,0,0,0,9,0,0,2,0,1,0
0,0,0,2,0,0,0,0,14,3,0,2,1,1,0
0,0,0,2,0,0,0,0,17,0,0,2,1,1,0
0,0,0,3,0,0,0,0,13,0,0,1,1,0,0
0,0,0,2,0,0,0,0,23,0,0,2,1,1,0
0,0,0,2,0,0,0,0,15,1,0,2,1,1,0
0,0,0,1,0,0,0,0,19,0,0,1,1,0,0
0,0,0,0,0,0,0,0,16,0,0,3,0,2,0
0,0,0,1,0,0,0,0,18,0,0,2,1,1,0
0,0,0,2,0,0,0,0,22,0,0,2,1,1,0
0,0,0,0,0,0,0,0,18,0,0,2,1,1,0
0,0,0,0,0,0,0,0,24,0,0,2,1,1,0
0,0,0,3,0,0,1,0,13,1,0,2,1,1,0
0,0,0,2,0,0,0,0,12,0,0,1,1,0,0
0,0,0,1,0,0,0,0,17,0,0,2,0,1,0
0,0,0,0,0,0,0,0,16,0,0,2,1,1,0
0,0,0,1,0,0,1,0,15,0,0,2,1,1,0
0,0,0,0,0,0,0,0,20,0,0,2,1,1,0
0,0,0,2,0,0,0,0,20,0,0,2,1,1,0
0,0,0,0,0,0,0,0,16,0,0,2,1,1,0
0,0,0,2,0,0,0,0,17,0,0,2,1,1,0
0,0,0,0,0,0,0,0,24,0,0,2,1,1,0
0,0,0,2,0,0,0,0,17,0,0,2,1,1,0
0,0,0,0,0,0,0,0,13,0,0,2,1,1,0
0,0,0,0,0,0,0,0,11,0,0,1,1,0,0
0,0,0,2,0,0,0,0,17,1,0,2,1,1,0
0,0,0,1,0,0,0,0,13,0,0,2,1,1,0
0,0,0,2,0,0,0,0,13,0,0,1,1,0,0
0,0,0,1,0,0,0,0,15,0,0,1,1,0,0
0,0,0,3,0,0,0,0,15,0,0,2,1,1,0
0,0,0,0,0,0,0,1,29,0,1,2,1,1,0
0,0,0,2,0,0,0,0,14,0,0,1,1,0,0
0,0,0,1,0,0,0,0,16,0,0,1,1,0,0
0,0,0,3,0,0,1,0,17,0,0,2,1,1,0
0,0,0,2,0,0,0,0,16,1,0,2,1,1,0
0,0,0,1,0,0,0,0,20,0,0,3,0,2,0
0,0,0,2,0,0,0,0,17,0,0,2,0,1,0
0,0,0,2,0,0,0,0,14,0,0,2,0,1,0
0,0,0,2,0,0,0,0,16,0,0,2,1,1,0
0,0,0,2,0,0,0,0,21,0,0,2,1,1,0
0,0,0,0,0,0,0,0,17,1,0,2,1,1,0
0,0,0,0,0,0,0,0,19,0,0,2,1,1,0
0,0,0,2,0,0,0,0,20,0,0,2,1,1,0
0,0,0,2,0,0,0,0,19,0,0,2,1,1,0
0,0,0,0,0,0,0,0,12,0,0,2,1,1,0
0,0,0,0,0,0,1,0,14,0,0,2,1,1,0
0,0,0,0,0,0,0,0,15,0,0,2,1,1,0
0,0,0,1,0,0,0,0,14,0,0,2,1,1,0
0,0,0,1,0,0,0,0,10,0,0,2,0,1,0
0,0,0,1,0,0,0,0,14,0,0,2,1,1,0
0,0,0,3,0,0,1,0,24,0,0,3,0,2,0
0,0,0,2,0,0,0,0,16,0,0,2,1,1,0
0,0,0,1,0,0,0,0,16,0,0,2,1,1,0
0,0,0,1,0,0,0,0,18,0,0,2,1,1,0
0,0,0,0,0,0,0,0,12,0,0,1,1,0,0
0,0,0,1,0,0,0,0,14,0,0,3,0,2,0
0,0,0,3,0,0,0,0,24,0,0,2,0,1,0
0,0,0,2,0,0,0,0,18,0,0,3,0,2,0
0,0,0,2,0,0,1,0,15,0,0,3,0,2,0
0,0,0,1,0,0,0,0,18,3,0,2,1,1,0
0,0,0,2,0,0,0,0,14,0,0,2,0,1,0
0,0,0,2,0,0,0,0,16,0,0,2,0,1,0
0,0,0,1,0,0,0,0,17,0,0,2,0,1,0
0,0,0,0,0,0,0,0,23,0,0,2,1,1,0
0,0,0,2,0,0,0,0,17,0,0,2,0,1,0
0,0,0,0,0,0,1,0,15,0,0,3,0,2,0
0,0,0,2,0,0,0,0,12,0,0,2,1,1,0
0,0,0,0,0,0,0,0,12,0,0,2,0,1,0
0,0,0,2,0,0,0,0,12,0,0,2,1,1,0
0,0,0,1,0,0,0,0,22,9,0,2,0,1,0
0,0,0,0,0,0,0,0,10,0,0,2,0,1,0
0,0,0,1,0,0,0,0,21,0,0,2,1,1,0
0,0,0,2,0,0,0,0,14,1,0,2,1,1,0
0,0,0,2,0,0,0,0,19,0,0,3,1,2,0
0,0,0,2,0,0,0,0,14,0,0,2,0,1,0
0,0,0,2,0,0,0,0,18,0,0,3,0,2,0
0,0,0,3,0,0,0,0,13,0,0,2,0,1,0
0,0,0,1,0,0,0,0,19,0,0,2,1,1,0
0,0,0,2,0,0,0,0,14,0,0,2,1,1,0
0,0,0,2,0,0,0,0,14,0,0,1,1,0,0
0,0,0,0,0,0,0,0,13,0,0,2,0,1,0
0,0,0,1,0,0,0,0,12,0,0,2,1,1,0
0,0,0,2,0,0,0,1,18,0,1,2,1,1,0
0,0,0,1,0,0,0,0,16,0,0,3,0,2,0
0,0,0,2,0,0,0,0,11,0,0,2,0,1,0
0,0,0,1,0,0,0,0,17,0,0,2,1,1,0
0,0,0,1,0,0,0,0,20,0,0,2,0,1,0
0,0,0,2,0,0,0,0,13,0,0,2,0,1,0
0,0,0,0,0,0,0,0,12,0,0,1,1,0,0
0,0,0,0,0,0,1,0,25,0,0,2,1,1,0
0,0,0,0,0,0,0,0,18,0,0,2,1,1,0
0,0,0,1,0,0,0,0,14,0,0,2,1,1,0
0,0,0,1,0,0,0,0,19,0,0,3,0,2,0
0,0,0,2,0,0,1,0,18,0,0,2,1,1,0
0,0,0,0,0,0,0,0,10,1,0,1,1,0,0
0,0,0,1,0,0,0,0,18,0,0,2,0,1,0
0,0,0,1,0,0,0,0,21,0,0,3,0,2,0
0,0,0,1,0,0,0,0,25,0,0,2,1,1,0
0,0,0,2,0,0,0,0,17,0,0,2,1,1,0
0,0,0,1,0,0,0,0,13,2,0,2,0,1,0
0,0,0,1,0,0,0,0,15,0,0,2,0,1,0
0,0,0,1,0,0,0,0,13,0,0,1,1,0,0
0,0,0,0,0,0,0,0,14,0,0,2,0,1,0
0,0,0,1,0,0,0,0,13,0,0,1,1,0,0
0,0,0,0,0,0,0,0,14,0,0,2,0,1,0
0,0,0,1,0,0,0,1,22,0,1,3,0,2,0
0,0,0,2,0,0,0,0,15,0,0,2,1,1,0
0,0,0,2,0,0,0,0,10,0,0,2,0,1,0
0,0,0,1,0,0,0,0,21,0,0,2,1,1,0
0,0,0,2,0,0,0,0,14,0,0,2,0,1,0
0,0,0,0,0,0,0,0,22,0,0,2,0,1,0
0,0,0,1,0,0,0,0,11,0,0,2,0,1,0
0,0,0,1,0,0,0,0,14,0,0,3,0,2,0
0,0,0,2,0,0,0,0,13,0,0,2,1,1,0
0,0,0,2,0,0,0,0,11,0,0,2,0,1,0
0,0,0,2,0,0,0,0,23,0,0,2,1,1,0
0,0,0,1,0,0,0,0,18,0,0,3,0,2,0
0,0,0,2,0,0,0,0,19,0,0,3,0,2,0
0,0,0,1,0,0,0,0,10,0,0,2,0,1,0
0,0,0,1,0,0,0,0,20,0,0,2,1,1,0
0,0,0,2,0,0,0,0,13,0,0,2,1,1,0
0,0,0,0,0,0,0,0,9,0,0,2,0,1,0
0,0,0,1,0,0,0,0,19,0,0,2,1,1,0
0,0,0,2,0,0,0,0,19,0,0,2,1,1,0
0,0,0,1,0,0,0,0,22,0,0,2,1,1,0
0,0,0,2,0,0,0,0,9,0,0,2,0,1,0
0,0,0,0,0,0,0,0,19,0,0,2,1,1,0
0,0,0,2,0,0,0,0,17,0,0,2,1,1,0
0,0,0,2,0,0,0,0,14,0,0,2,0,1,0
0,0,0,2,0,0,0,0,26,0,0,2,1,1,0
0,0,0,2,0,0,0,0,15,0,0,2,0,1,0
0,0,0,2,0,0,0,0,14,1,0,2,0,1,0
0,0,0,2,0,0,0,0,18,0,0,2,1,1,0
0,0,0,2,0,0,0,0,17,0,0,2,1,1,0
0,0,0,1,0,0,0,0,20,0,0,2,1,1,0
0,0,0,3,0,0,0,0,18,0,0,2,1,1,0
0,0,0,0,0,0,0,0,13,0,0,2,1,1,0
0,0,0,1,0,0,0,1,18,0,1,2,1,1,0
0,0,0,2,0,0,0,0,11,2,0,2,1,1,0
0,0,0,3,0,0,0,0,9,0,0,2,0,1,0
0,0,0,1,0,0,0,0,16,0,0,3,0,2,0
0,0,0,3,0,0,0,1,20,0,1,2,1,1,0
0,0,0,1,0,0,0,0,19,0,0,2,1,1,0
0,0,0,1,0,0,0,0,30,0,0,2,1,1,0
0,0,0,0,0,0,0,0,19,0,0,2,1,1,0
0,0,0,0,0,0,0,0,19,0,0,2,1,1,0
0,0,0,2,0,0,0,1,22,0,1,2,1,1,0
0,0,0,2,0,0,0,0,15,0,0,2,1,1,0
0,0,0,2,0,0,0,0,15,0,0,2,1,1,0
0,0,0,2,0,0,0,0,13,0,0,2,0,1,0
0,0,0,2,0,0,0,0,15,0,0,2,1,1,0
0,0,0,3,0,0,0,1,21,0,1,2,1,1,0
0,0,0,2,0,0,0,0,21,0,0,2,1,1,0
0,0,0,3,0,0,0,0,22,0,0,2,1,1,0
0,0,0,2,0,0,0,0,18,5,0,2,0,1,0
0,0,0,1,0,0,1,0,18,0,0,2,1,1,0
0,0,0,0,0,0,0,0,16,0,0,2,0,1,0
0,0,0,2,0,0,0,0,18,0,0,2,1,1,0
0,0,0,1,0,0,0,0,9,0,0,2,1,1,0
0,0,0,2,0,0,0,0,18,0,0,2,1,1,0
0,0,0,1,0,0,0,0,18,0,0,2,1,1,0
0,0,0,2,0,0,0,0,16,0,0,2,0,1,0
0,0,0,0,0,0,0,0,19,0,0,2,1,1,0
0,0,0,1,0,0,0,1,18,0,1,2,1,1,0
0,0,0,0,0,0,0,0,17,0,0,2,1,1,0
0,0,0,2,0,0,0,0,19,0,0,3,0,2,0
0,0,0,2,0,0,0,0,14,0,0,1,1,0,0
0,0,0,2,0,0,0,0,17,0,0,2,1,1,0
0,0,0,2,0,0,0,0,12,0,0,2,1,1,0
0,0,0,1,0,0,0,1,16,0,2,2,1,1,0
0,0,0,1,0,0,0,0,15,0,0,2,1,1,0
0,0,0,1,0,0,0,0,24,0,0,2,1,1,0
0,0,0,1,0,0,0,0,17,0,0,2,1,1,0
0,0,0,1,0,0,0,0,11,0,0,1,1,0,0
0,0,0,2,0,0,0,0,13,0,0,2,0,1,0
0,0,0,3,0,0,0,0,14,0,0,2,1,1,0
0,0,0,0,0,0,0,0,20,3,0,2,1,1,0
0,0,0,2,0,0,0,0,21,0,0,3,0,2,0
0,0,0,3,0,0,0,0,19,0,0,2,1,1,0
0,0,0,1,0,0,0,0,12,0,0,2,0,1,0
0,0,0,2,0,0,0,0,18,0,0,2,1,1,0
0,0,0,2,0,0,0,0,16,0,0,3,0,2,0
0,0,0,2,0,0,0,0,16,0,0,3,1,2,0
0,0,0,2,0,0,0,0,19,0,0,2,1,1,0
0,0,0,0,0,0,0,0,22,0,0,2,0,1,0
0,0,0,1,0,0,0,0,20,0,0,2,1,1,0
0,0,0,3,0,0,0,0,16,0,0,2,1,1,0
0,0,0,2,0,0,0,0,15,1,0,2,1,1,0
0,0,0,2,0,0,0,0,21,0,0,2,0,1,0
0,0,0,2,0,0,0,0,18,0,0,2,0,1,0
0,0,0,2,0,0,0,0,11,0,0,2,0,1,0
0,0,0,1,0,0,0,0,12,0,0,3,0,2,0
0,0,0,2,0,0,0,0,21,0,0,1,1,0,0
0,0,0,2,0,0,0,0,19,0,0,2,1,1,0
0,0,0,3,0,0,0,0,19,0,0,2,1,1,0
0,0,0,3,0,0,0,0,16,0,0,2,1,1,0
0,0,0,1,0,0,0,0,22,0,0,2,1,1,0
0,0,0,2,0,0,0,0,26,0,0,2,1,1,0
0,0,0,2,0,0,0,0,8,1,0,2,0,1,0
0,0,0,1,0,0,0,0,16,0,0,1,1,0,0
0,0,0,2,0,0,0,0,12,0,0,2,1,1,0
0,0,0,2,0,0,0,0,14,3,0,3,0,2,0
0,0,0,2,0,0,0,0,12,2,0,2,1,1,0
0,0,0,3,0,0,0,0,14,0,0,2,1,1,0
0,0,0,3,0,0,0,0,11,0,0,2,0,1,0
0,0,0,2,0,0,0,0,14,0,0,2,1,1,0
0,0,0,1,0,0,1,0,17,0,0,2,1,1,0
0,0,0,0,0,0,0,0,13,0,0,2,0,1,0
0,0,0,2,0,0,0,0,17,3,0,2,1,1,0
0,0,0,1,0,0,0,0,25,0,0,2,1,1,0
0,0,0,1,0,0,0,0,19,0,0,2,1,1,0
0,0,0,2,0,0,0,0,17,3,0,2,1,1,0
0,0,0,0,0,0,0,1,13,0,1,2,1,1,0
0,0,0,2,0,0,1,0,16,0,0,2,1,1,0
0,0,0,1,0,0,0,0,15,0,0,1,1,0,0
0,0,0,0,0,0,0,0,9,1,0,2,0,1,0
0,0,0,1,0,0,0,0,16,0,0,2,1,1,0
0,0,0,1,0,0,0,0,12,0,0,2,1,1,0
0,0,0,2,0,0,0,0,14,0,0,2,1,1,0
0,0,0,2,0,0,0,0,23,0,0,3,0,2,0
0,0,0,2,0,0,0,0,16,2,0,1,1,0,0
0,0,0,0,0,0,0,0,21,2,0,2,1,1,0
0,0,0,2,0,0,0,0,18,0,0,2,1,1,0
0,0,0,3,0,0,0,0,17,0,0,2,0,1,0
0,0,0,0,0,0,0,0,12,1,0,2,1,1,0
0,0,0,2,0,0,0,0,15,0,0,2,1,1,0
0,0,0,2,0,0,0,0,15,0,0,2,0,1,0
0,0,0,3,0,0,0,0,14,0,0,2,1,1,0
0,0,0,1,0,0,0,0,11,0,0,2,1,1,0
0,0,0,1,0,0,0,0,9,0,0,2,0,1,0
0,0,0,2,0,0,0,0,17,0,0,2,1,1,0
0,0,0,2,0,0,0,0,18,0,0,2,1,1,0
0,0,0,1,0,0,0,0,17,0,0,2,1,1,0
0,0,0,1,0,0,0,0,18,8,0,2,0,1,0
0,0,0,2,0,0,0,0,18,0,0,2,1,1,0
0,0,0,1,0,0,0,0,17,0,0,2,1,1,0
0,0,0,1,0,0,0,0,11,0,0,1,1,0,0
0,0,0,0,0,0,0,0,14,0,0,2,1,1,0
0,0,0,2,0,0,0,0,19,0,0,3,0,2,0
0,0,0,2,0,0,0,0,20,9,0,2,0,1,0
0,0,0,2,0,0,0,0,20,0,0,2,0,1,0
0,0,0,2,0,0,0,0,13,0,0,2,1,1,0
0,0,0,2,0,0,0,0,16,0,0,2,0,1,0
0,0,0,0,0,0,0,0,12,0,0,1,1,0,0
0,0,0,2,0,0,0,0,20,0,0,2,1,1,0
0,0,0,1,0,0,0,0,21,0,0,2,1,1,0
0,0,0,2,0,0,0,0,16,0,0,2,1,1,0
0,0,0,3,0,0,0,0,20,0,0,2,1,1,0
0,0,0,1,0,0,0,0,11,0,0,2,1,1,0
0,0,0,3,0,0,0,0,17,0,0,2,1,1,0
0,0,0,3,0,0,0,0,12,0,0,2,1,1,0
0,0,0,2,0,0,0,0,16,0,0,2,0,1,0
0,0,0,3,0,0,0,0,19,0,0,2,1,1,0
0,0,0,1,0,0,0,0,11,0,0,1,1,0,0
0,0,0,1,0,0,0,0,15,0,0,2,1,1,0
0,0,0,1,0,0,0,0,17,0,0,3,0,2,0
0,0,0,1,0,0,0,0,14,0,0,3,0,2,0
0,0,0,3,0,0,1,0,17,0,0,2,1,1,0
0,0,0,0,0,0,1,0,22,0,0,2,1,1,0
0,0,0,0,0,0,0,0,19,0,0,2,0,1,0
0,0,0,2,0,0,0,0,16,0,0,2,1,1,0
0,0,0,3,0,0,0,0,20,0,0,2,1,1,0
0,0,0,1,0,0,0,0,14,0,0,2,1,1,0
0,0,0,1,0,0,0,0,11,0,0,2,0,1,0
0,0,0,0,0,0,0,0,22,0,0,4,0,3,0
0,0,0,0,0,0,0,0,15,0,0,2,1,1,0
0,0,0,2,0,0,0,0,18,0,0,2,1,1,0
0,0,0,2,0,0,0,0,15,0,0,2,0,1,0
0,0,0,1,0,0,0,0,14,0,0,2,1,1,0
0,0,0,0,0,0,0,0,22,0,0,2,1,1,0
0,0,0,1,0,0,0,0,7,3,0,1,1,0,0
0,0,0,1,0,0,0,1,16,0,1,2,1,1,0
0,0,0,2,0,0,0,0,18,0,0,2,0,1,0
0,0,0,2,0,0,0,0,19,0,0,2,1,1,0
0,0,0,0,0,0,0,0,17,0,0,2,0,1,0
0,0,0,1,0,0,0,0,25,0,0,4,0,3,0
0,0,0,1,0,0,0,0,17,0,0,2,1,1,0
0,0,0,1,0,0,0,0,14,0,0,2,0,1,0
0,0,0,1,0,0,0,0,20,0,0,2,1,1,0
0,0,0,2,0,0,0,0,9,1,0,1,1,0,0
0,0,0,1,0,0,1,0,19,0,0,2,1,1,0
0,0,0,0,0,0,0,0,15,0,0,3,0,2,0
0,0,0,3,0,0,0,0,12,0,0,2,0,1,0
0,0,0,0,0,0,0,0,22,0,0,2,1,1,0
0,0,0,1,0,0,0,0,12,0,0,1,0,0,0
0,0,0,2,0,0,0,0,13,0,0,2,1,1,0
0,0,0,1,0,0,0,0,23,0,0,2,1,1,0
0,0,0,0,0,0,0,0,16,0,0,2,0,1,0
0,0,0,1,0,0,0,0,16,0,0,3,0,2,0
0,0,0,0,0,0,0,0,21,0,0,3,0,2,0
0,0,0,0,0,0,0,0,21,0,0,3,0,2,0
0,0,0,1,0,0,0,0,20,0,0,2,1,1,0
0,0,0,0,0,0,0,0,20,0,0,2,1,1,0
0,0,0,0,0,0,0,0,17,0,0,2,1,1,0
0,0,0,3,0,0,0,0,14,0,0,1,1,0,0
0,0,0,1,0,0,1,0,16,0,0,2,1,1,0
0,0,0,1,0,0,0,0,31,0,0,2,1,1,0
0,0,0,0,0,0,0,0,20,0,0,3,0,2,0
0,0,0,3,0,0,0,0,12,0,0,1,0,0,0
0,0,0,0,0,0,0,0,18,0,0,1,1,0,0
0,0,0,1,0,0,0,0,24,0,0,2,1,1,0
0,0,0,1,0,0,0,0,14,0,0,2,0,1,0
0,0,0,1,0,0,0,0,16,0,0,2,1,1,0
0,0,0,0,0,0,0,0,12,4,0,2,1,1,0
0,0,0,2,0,0,0,0,14,0,0,2,1,1,0
0,0,0,2,0,0,0,0,16,0,0,2,1,1,0
0,0,0,2,0,0,0,0,20,0,0,2,1,1,0
0,0,0,2,0,0,0,0,14,0,0,2,1,1,0
0,0,0,2,0,0,1,0,18,0,0,2,1,1,0
0,0,0,3,0,0,0,1,18,0,1,2,1,1,0
0,0,0,1,0,0,0,0,12,0,0,2,1,1,0
0,0,0,0,0,0,0,0,14,0,0,2,1,1,0
0,0,0,2,0,0,0,0,18,0,0,2,1,1,0
0,0,0,0,0,0,0,0,12,0,0,2,1,1,0
0,0,0,2,0,0,0,0,16,0,0,2,1,1,0
0,0,0,3,0,0,0,0,13,0,0,1,1,0,0
0,0,0,2,0,0,0,0,10,1,0,2,1,1,0
0,0,0,0,0,0,0,0,17,0,0,2,1,1,0
0,0,0,2,0,0,0,0,13,0,0,2,0,1,0
0,0,0,0,0,0,0,0,14,0,0,2,0,1,0
0,0,0,1,0,0,0,0,19,0,0,3,0,2,0
0,0,0,1,0,0,0,0,17,2,0,2,1,1,0
0,0,0,2,0,0,0,0,17,0,0,2,1,1,0
0,0,0,2,0,0,0,0,22,0,0,2,1,1,0
0,0,0,1,0,0,0,0,10,0,0,2,0,1,0
0,0,0,0,0,0,0,1,25,0,1,2,1,1,0
0,0,0,2,0,0,0,0,23,0,0,2,1,1,0
0,0,0,1,0,0,0,0,19,0,0,2,1,1,0
0,0,0,1,0,0,0,0,18,0,0,2,0,1,0
0,0,0,2,0,0,0,0,19,0,0,2,1,1,0
0,0,0,2,0,0,0,0,13,0,0,2,0,1,0
0,0,0,2,0,0,0,0,9,0,0,1,1,0,0
0,0,0,2,0,0,0,1,20,0,1,2,1,1,0
0,0,0,2,0,0,0,0,16,0,0,3,0,2,0
0,0,0,2,0,0,0,0,12,0,0,2,1,1,0
0,0,0,0,0,0,0,0,14,0,0,2,1,1,0
0,0,0,0,0,0,0,0,13,0,0,2,1,1,0
0,0,0,0,0,0,0,0,25,0,0,2,0,1,0
0,0,0,1,0,0,0,0,13,0,0,2,1,1,0
0,0,0,1,0,0,0,0,15,0,0,2,1,1,0
0,0,0,0,0,0,1,0,26,0,0,2,1,1,0
0,0,0,1,0,0,0,0,10,0,0,1,1,0,0
0,0,0,2,0,0,0,0,21,0,0,2,0,1,0
0,0,0,1,0,0,0,0,11,1,0,2,0,1,0
0,0,0,3,0,0,0,0,16,0,0,2,1,1,0
0,0,0,0,0,0,0,0,14,0,0,2,1,1,0
0,0,0,2,0,0,0,0,10,3,0,2,1,1,0
0,0,0,2,0,0,0,0,20,0,0,2,1,1,0
0,0,0,1,0,0,0,0,12,0,0,2,0,1,0
0,0,0,0,0,0,1,0,22,0,0,2,1,1,0
0,0,0,3,0,0,0,0,12,0,0,2,1,1,0
0,0,0,0,0,0,0,0,21,0,0,3,0,2,0
0,0,0,2,0,0,0,0,14,0,0,2,1,1,0
0,0,0,1,0,0,0,0,22,0,0,2,1,1,0
0,0,0,2,0,0,0,1,16,0,1,2,0,1,0
0,0,0,1,0,0,0,0,8,0,0,1,0,0,0
0,0,0,2,0,0,0,0,15,0,0,2,1,1,0
0,0,0,2,0,0,0,0,16,0,0,2,1,1,0
0,0,0,1,0,0,0,0,16,0,0,2,0,1,0
0,0,0,0,0,0,0,0,16,0,0,2,1,1,0
0,0,0,2,0,0,0,0,27,0,0,2,1,1,0
0,0,0,1,0,0,0,0,20,0,0,2,1,1,0
0,0,0,1,0,0,0,0,14,0,0,1,1,0,0
0,0,0,1,0,0,0,0,14,0,0,2,0,1,0
0,0,0,1,0,0,0,0,18,0,0,2,1,1,0
0,0,0,2,0,0,0,0,20,0,0,2,1,1,0
0,0,0,1,0,0,0,0,14,0,0,2,1,1,0
0,0,0,0,0,0,0,0,18,0,0,2,1,1,0
0,0,0,2,0,0,0,0,16,0,0,2,1,1,0
0,0,0,1,0,0,1,0,18,0,0,2,1,1,0
0,0,0,1,0,0,0,0,16,0,0,2,1,1,0
0,0,0,1,0,0,0,0,14,0,0,2,1,1,0
0,0,0,1,0,0,0,0,17,0,0,2,1,1,0
0,0,0,1,0,0,0,0,21,4,0,3,1,2,0
0,0,0,2,0,0,0,0,21,0,0,2,1,1,0
0,0,0,1,0,0,0,0,12,5,0,2,1,1,0
0,0,0,0,0,0,0,0,17,0,0,2,1,1,0
0,0,0,3,0,0,0,0,16,0,0,2,1,1,0
0,0,0,1,0,0,0,0,12,0,0,2,1,1,0
0,0,0,2,0,0,0,0,16,0,0,2,1,1,0
0,0,0,2,0,0,0,0,20,0,0,2,1,1,0
0,0,0,3,0,0,0,0,15,1,0,2,0,1,0
0,0,0,2,0,0,0,0,11,3,0,2,1,1,0
0,0,0,3,0,0,0,0,12,0,0,1,1,0,0
0,0,0,0,0,0,0,0,15,0,0,2,1,1,0
0,0,0,2,0,0,0,0,18,0,0,2,1,1,0
0,0,0,1,0,0,0,0,17,0,0,2,0,1,0
0,0,0,1,0,0,0,0,11,0,0,2,0,1,0
0,0,0,3,0,0,0,0,12,0,0,2,0,1,0
0,0,0,1,0,0,0,0,12,0,0,2,0,1,0
0,0,0,1,0,0,0,0,14,0,0,2,0,1,0
0,0,0,2,0,0,1,0,14,0,0,2,1,1,0
0,0,0,2,0,0,0,0,15,0,0,2,1,1,0
0,0,0,2,0,0,1,0,19,0,0,3,0,2,0
0,0,0,2,0,0,0,0,11,0,0,2,1,1,0
0,0,0,1,0,0,0,0,20,0,0,2,1,1,0
0,0,0,0,0,0,0,0,15,0,0,2,1,1,0
0,0,0,2,0,0,0,0,17,0,0,1,1,0,0
0,0,0,2,0,0,0,0,19,0,0,2,1,1,0
0,0,0,3,0,0,1,0,16,0,0,2,1,1,0
0,0,0,2,0,0,1,0,14,0,0,2,1,1,0
0,0,0,2,0,0,0,0,17,0,0,2,1,1,0
0,0,0,2,0,0,0,0,13,0,0,2,1,1,0
0,0,0,3,0,0,1,1,15,0,1,2,1,1,0
0,0,0,0,0,0,0,0,8,0,0,1,0,0,0
0,0,0,2,0,0,1,0,19,0,0,3,0,2,0
0,0,0,1,0,0,0,0,16,0,0,2,0,1,0
0,0,0,1,0,0,0,0,16,0,0,2,1,1,0
0,0,0,2,0,0,0,0,23,0,0,2,1,1,0
0,0,0,2,0,0,0,0,19,0,0,2,1,1,0
0,0,0,3,0,0,0,0,7,0,0,1,1,0,0
0,0,0,1,0,0,0,0,15,0,0,2,1,1,0
0,0,0,2,0,0,0,0,14,0,0,2,1,1,0
0,0,0,2,0,0,0,0,12,0,0,1,1,0,0
0,0,0,1,0,0,0,0,10,0,0,1,0,0,0
0,0,0,2,0,0,0,0,21,0,0,4,0,3,0
0,0,0,1,0,0,0,0,16,0,0,2,1,1,0
0,0,0,1,0,0,0,0,18,0,0,2,0,1,0
0,0,0,2,0,0,0,0,18,0,0,2,1,1,0
0,0,0,0,0,0,0,0,14,0,0,2,1,1,0
0,0,0,0,0,0,0,0,16,0,0,2,1,1,0
0,0,0,3,0,0,0,0,12,0,0,2,0,1,0
0,0,0,0,0,0,0,0,16,1,0,2,1,1,0
0,0,0,1,0,0,0,0,17,0,0,2,1,1,0
0,0,0,1,0,0,0,0,19,0,0,2,1,1,0
0,0,0,1,0,0,0,0,18,0,0,2,1,1,0
0,0,0,2,0,0,0,0,23,0,0,2,1,1,0
0,0,0,3,0,0,0,0,20,0,0,2,1,1,0
0,0,0,1,0,0,0,0,19,0,0,2,0,1,0
0,0,0,0,0,0,0,0,14,0,0,2,1,1,0
0,0,0,2,0,0,0,0,12,0,0,2,1,1,0
0,0,0,1,0,0,0,0,17,2,0,3,0,2,0
0,0,0,1,0,0,0,0,12,0,0,2,0,1,0
0,0,0,1,0,0,0,0,15,0,0,2,1,1,0
0,0,0,1,0,0,0,0,9,0,0,1,1,0,0
0,0,0,0,0,0,0,0,13,0,0,2,0,1,0
0,0,0,0,0,0,0,0,15,0,0,2,1,1,0
0,0,0,2,0,0,0,1,18,0,1,2,1,1,0
0,0,0,1,0,0,0,0,20,0,0,2,1,1,0
0,0,0,1,0,0,0,0,14,2,0,2,1,1,0
0,0,0,2,0,0,1,0,18,0,0,3,0,2,0
0,0,0,1,0,0,0,1,19,0,2,2,0,1,0
0,0,0,2,0,0,0,0,11,0,0,2,0,1,0
0,0,0,2,0,0,0,0,21,0,0,2,1,1,0
0,0,0,2,0,0,0,0,21,0,0,2,1,1,0
0,0,0,1,0,0,0,0,13,0,0,2,1,1,0
0,0,0,1,0,0,0,1,19,0,1,2,1,1,0
0,0,0,1,0,0,0,0,13,0,0,1,1,0,0
0,0,0,1,0,0,0,0,12,0,0,2,0,1,0
0,0,0,2,0,0,0,0,17,0,0,3,0,2,0
0,0,0,0,0,0,0,0,12,0,0,2,1,1,0
0,0,0,0,0,0,0,0,12,0,0,2,0,1,0
0,0,0,0,0,0,0,0,16,0,0,2,0,1,0
0,0,0,0,0,0,0,0,11,0,0,2,0,1,0
0,0,0,0,0,0,0,0,22,0,0,2,0,1,0
0,0,0,0,0,0,0,0,17,0,0,2,1,1,0
0,0,0,1,0,0,0,0,18,0,0,2,1,1,0
0,0,0,2,0,0,0,0,23,0,0,2,1,1,0
0,0,0,0,0,0,0,0,16,0,0,2,1,1,0
0,0,0,1,0,0,0,0,10,0,0,1,1,0,0
0,0,0,2,0,0,0,0,9,0,0,1,1,0,0
0,0,0,0,0,0,0,0,13,0,0,1,1,0,0
0,0,0,2,0,0,0,0,11,0,0,2,0,1,0
0,0,0,3,0,0,0,0,8,0,0,1,1,0,0
0,0,0,2,0,0,0,0,14,0,0,2,0,1,0
0,0,0,2,0,0,0,0,14,0,0,2,1,1,0
0,0,0,2,0,0,0,1,28,1,1,2,1,1,0
0,0,0,3,0,0,0,0,17,0,0,2,1,1,0
0,0,0,2,0,0,1,0,24,0,0,2,1,1,0
0,0,0,2,0,0,0,0,18,0,0,2,1,1,0
0,0,0,2,0,0,0,0,17,1,0,2,1,1,0
0,0,0,3,0,0,0,0,15,0,0,2,1,1,0
0,0,0,0,0,0,0,0,14,0,0,2,0,1,0
0,0,0,2,0,0,0,0,25,0,0,2,1,1,0
0,0,0,0,0,0,0,0,13,3,0,2,1,1,0
0,0,0,3,0,0,0,0,14,0,0,2,1,1,0
0,0,0,0,0,0,0,0,19,0,0,2,1,1,0
0,0,0,0,0,0,0,0,21,0,0,2,0,1,0
0,0,0,1,0,0,0,0,15,0,0,2,0,1,0
0,0,0,2,0,0,0,0,12,0,0,3,0,2,0
0,0,0,2,0,0,0,1,23,0,1,2,1,1,0
0,0,0,2,0,0,0,0,15,0,0,2,1,1,0
0,0,0,1,0,0,0,0,14,0,0,2,1,1,0
0,0,0,2,0,0,0,0,15,0,0,1,1,0,0
0,0,0,2,0,0,0,0,6,0,0,1,0,0,0
0,0,0,2,0,0,0,0,9,0,0,1,1,0,0
0,0,0,1,0,0,0,1,15,0,1,2,0,1,0
0,0,0,2,0,0,0,0,17,0,0,2,1,1,0
0,0,0,2,0,0,0,0,16,0,0,2,1,1,0
0,0,0,2,0,0,1,0,23,0,0,2,1,1,0
0,0,0,2,0,0,0,0,17,0,0,2,1,1,0
0,0,0,3,0,0,0,0,13,0,0,2,1,1,0
0,0,0,2,0,0,0,0,15,0,0,2,0,1,0
0,0,0,1,0,0,1,0,17,0,0,2,1,1,0
0,0,0,2,0,0,0,0,24,0,0,3,0,2,0
0,0,0,0,0,0,0,0,15,0,0,3,0,2,0
0,0,0,2,0,0,0,0,17,0,0,3,0,2,0
0,0,0,1,0,0,0,0,11,0,0,2,0,1,0
0,0,0,2,0,0,0,0,23,0,0,2,1,1,0
0,0,0,2,0,0,1,0,17,0,0,2,1,1,0
0,0,0,2,0,0,0,0,12,0,0,2,1,1,0
0,0,0,1,0,0,0,0,17,0,0,2,1,1,0
0,0,0,1,0,0,0,0,11,0,0,2,1,1,0
0,0,0,0,0,0,0,0,15,0,0,2,0,1,0
0,0,0,3,0,0,0,0,18,2,0,2,1,1,0
0,0,0,1,0,0,0,0,11,0,0,1,1,0,0
0,0,0,3,0,0,0,0,22,0,0,2,1,1,0
0,0,0,1,0,0,0,0,16,0,0,3,0,2,0
0,0,0,2,0,0,0,0,15,0,0,2,0,1,0
0,0,0,1,0,0,0,0,14,6,0,2,1,1,0
0,0,0,2,0,0,0,1,28,1,1,2,1,1,0
0,0,0,2,0,0,0,0,14,0,0,2,1,1,0
0,0,0,2,0,0,0,0,16,0,0,2,1,1,0
0,0,0,0,0,0,0,0,16,0,0,2,1,1,0
0,0,0,3,0,0,0,0,14,0,0,2,0,1,0
0,0,0,2,0,0,0,0,16,1,0,2,1,1,0
0,0,0,1,0,0,0,0,12,0,0,2,0,1,0
0,0,0,1,0,0,0,0,13,0,0,2,1,1,0
0,0,0,1,0,0,0,0,19,0,0,2,1,1,0
0,0,0,0,0,0,0,0,22,0,0,2,1,1,0
0,0,0,2,0,0,0,0,17,0,0,2,1,1,0
0,0,0,1,0,0,0,0,18,0,0,2,0,1,0
0,0,0,2,0,0,0,0,12,0,0,2,1,1,0
0,0,0,1,0,0,0,0,21,0,0,2,1,1,0
0,0,0,3,0,0,0,0,21,0,0,2,1,1,0
0,0,0,0,0,0,0,0,13,0,0,2,0,1,0
0,0,0,0,0,0,0,0,25,0,0,2,1,1,0
0,0,0,2,0,0,0,0,19,0,0,2,1,1,0
0,0,0,3,0,0,0,0,17,0,0,2,1,1,0
0,0,0,2,0,0,0,0,21,0,0,2,1,1,0
0,0,0,1,0,0,0,0,20,0,0,2,1,1,0
0,0,0,2,0,0,0,0,15,0,0,2,1,1,0
0,0,0,1,0,0,0,1,15,0,1,2,1,1,0
0,0,0,3,0,0,0,0,10,0,0,2,0,1,0
0,0,0,2,0,0,0,0,12,0,0,1,1,0,0
0,0,0,2,0,0,0,0,19,0,0,4,0,3,0
0,0,0,1,0,0,0,0,12,0,0,2,1,1,0
0,0,0,2,0,0,0,0,12,0,0,2,0,1,0
0,0,0,1,0,0,0,0,14,0,0,2,1,1,0
0,0,0,1,0,0,0,0,16,0,0,3,0,2,0
0,0,0,0,0,0,0,0,12,0,0,2,0,1,0
0,0,0,2,0,0,0,0,15,0,0,2,1,1,0
0,0,0,2,0,0,0,0,15,0,0,2,1,1,0
0,0,0,1,0,0,1,0,18,0,0,2,1,1,0
0,0,0,2,0,0,0,0,17,0,0,2,1,1,0
0,0,0,2,0,0,0,0,11,0,0,2,1,1,0
0,0,0,3,0,0,0,0,20,0,0,2,1,1,0
0,0,0,2,0,0,0,0,11,0,0,2,0,1,0
0,0,0,1,0,0,0,0,20,0,0,2,1,1,0
0,0,0,0,0,0,0,0,14,0,0,2,1,1,0
0,0,0,2,0,0,0,0,20,0,0,2,1,1,0
0,0,0,1,0,0,0,0,19,0,0,2,1,1,0
0,0,0,0,0,0,0,0,21,0,0,2,0,1,0
0,0,0,3,0,0,0,0,16,0,0,2,0,1,0
0,0,0,3,0,0,0,0,21,3,0,2,1,1,0
0,0,0,2,0,0,0,0,16,0,0,2,1,1,0
0,0,0,3,0,0,0,0,18,0,0,2,1,1,0
0,0,0,2,0,0,0,0,27,0,0,2,1,1,0
0,0,0,1,0,0,0,0,13,0,0,2,1,1,0
0,0,0,2,0,0,0,0,17,0,0,2,1,1,0
0,0,0,0,0,0,0,1,17,0,1,2,1,1,0
0,0,0,2,0,0,0,0,16,0,0,2,0,1,0
0,0,0,0,0,0,0,0,14,0,0,2,1,1,0
0,0,0,2,0,0,0,0,22,0,0,2,1,1,0
0,0,0,2,0,0,0,0,14,0,0,3,0,2,0
0,0,0,2,0,0,0,0,15,0,0,2,1,1,0
0,0,0,1,0,0,0,0,23,0,0,2,1,1,0
0,0,0,1,0,0,0,0,19,0,0,2,1,1,0
0,0,0,1,0,0,0,0,15,2,0,2,1,1,0
0,0,0,2,0,0,0,0,13,0,0,1,1,0,0
0,0,0,0,0,0,0,0,14,0,0,2,1,1,0
0,0,0,3,0,0,0,0,16,0,0,2,1,1,0
0,0,0,1,0,0,0,0,10,0,0,2,0,1,0
0,0,0,0,0,0,0,0,12,0,0,1,1,0,0
0,0,0,2,0,0,0,0,26,0,0,2,1,1,0
0,0,0,0,0,0,0,0,15,0,0,2,1,1,0
0,0,0,2,0,0,0,1,21,0,1,2,1,1,0
0,0,0,2,0,0,0,0,23,0,0,3,0,2,0
0,0,0,1,0,0,0,0,14,0,0,3,0,2,0
0,0,0,1,0,0,0,1,19,0,1,2,1,1,0
0,0,0,0,0,0,0,0,8,0,0,1,1,0,0
0,0,0,3,0,0,0,0,19,0,0,2,1,1,0
0,0,0,1,0,0,0,0,25,0,0,2,1,1,0
0,0,0,1,0,0,0,0,14,0,0,2,0,1,0
0,0,0,0,0,0,0,0,13,0,0,2,1,1,0
0,0,0,3,0,0,0,0,15,0,0,2,1,1,0
0,0,0,2,0,0,0,0,14,0,0,2,1,1,0
0,0,0,0,0,0,0,0,18,0,0,2,0,1,0
0,0,0,0,0,0,0,0,19,0,0,2,0,1,0
0,0,0,0,0,0,0,0,16,0,0,2,1,1,0
0,0,0,2,0,0,0,0,19,0,0,2,1,1,0
0,0,0,0,0,0,0,0,15,0,0,2,1,1,0
0,0,0,2,0,0,0,0,20,0,0,2,1,1,0
0,0,0,2,0,0,0,0,20,0,0,2,1,1,0
0,0,0,0,0,0,0,1,18,0,1,2,1,1,0
0,0,0,1,0,0,0,0,21,0,0,2,1,1,0
0,0,0,2,0,0,0,0,16,0,0,2,0,1,0
0,0,0,1,0,0,0,0,13,0,0,2,1,1,0
0,0,0,1,0,0,0,0,12,0,0,2,0,1,0
0,0,0,2,0,0,0,0,20,1,0,2,1,1,0
0,0,0,2,0,0,0,1,13,0,1,2,1,1,0
0,0,0,3,0,0,0,0,14,0,0,2,1,1,0
0,0,0,3,0,0,0,1,13,0,1,1,1,0,0
0,0,0,2,0,0,0,0,17,0,0,2,1,1,0
0,0,0,2,0,0,0,1,23,0,1,2,1,1,0
0,0,0,2,0,0,0,0,15,0,0,3,0,2,0
0,0,0,2,0,0,1,0,24,0,0,2,1,1,0
0,0,0,1,0,0,0,0,17,0,0,2,1,1,0
0,0,0,1,0,0,0,0,17,0,0,2,1,1,0
0,0,0,1,0,0,0,0,15,0,0,2,1,1,0
0,0,0,2,0,0,0,0,9,0,0,1,1,0,0
0,0,0,2,0,0,0,1,18,0,1,2,0,1,0
0,0,0,0,0,0,0,0,16,2,0,2,1,1,0
0,0,0,2,0,0,0,0,22,0,0,2,1,1,0
0,0,0,1,0,0,0,0,25,0,0,2,1,1,0
0,0,0,2,0,0,0,0,14,0,0,2,1,1,0
0,0,0,0,0,0,0,0,23,0,0,2,1,1,0
0,0,0,0,0,0,0,0,16,0,0,2,1,1,0
0,0,0,1,0,0,0,0,21,0,0,3,0,2,0
0,0,0,2,0,0,0,0,19,0,0,2,1,1,0
0,0,0,3,0,0,0,0,16,0,0,2,1,1,0
0,0,0,1,0,0,0,0,14,0,0,1,1,0,0
0,0,0,0,0,0,0,1,20,0,1,2,1,1,0
0,0,0,1,0,0,0,0,20,0,0,2,0,1,0
0,0,0,2,0,0,0,0,18,0,0,2,0,1,0
0,0,0,2,0,0,0,0,15,0,0,2,0,1,0
0,0,0,2,0,0,0,0,18,0,0,2,0,1,0
0,0,0,2,0,0,0,0,17,0,0,2,1,1,0
0,0,0,2,0,0,0,0,26,0,0,3,0,2,0
0,0,0,1,0,0,0,0,22,0,0,3,0,2,0
0,0,0,0,0,0,0,0,20,0,0,2,0,1,0
0,0,0,0,0,0,0,0,9,0,0,2,0,1,0
0,0,0,1,0,0,0,0,16,0,0,2,1,1,0
0,0,0,1,0,0,0,0,12,0,0,2,0,1,0
0,0,0,2,0,0,0,0,15,0,0,3,0,2,0
0,0,0,1,0,0,0,0,17,0,0,2,1,1,0
0,0,0,2,0,0,0,0,19,1,0,2,1,1,0
0,0,0,1,0,0,1,0,19,0,0,2,1,1,0
0,0,0,3,0,0,0,0,18,0,0,2,1,1,0
0,0,0,2,0,0,0,0,21,0,0,2,1,1,0
0,0,0,1,0,0,0,0,21,0,0,2,1,1,0
0,0,0,1,0,0,0,0,20,0,0,2,1,1,0
0,0,0,2,0,0,0,0,29,0,0,2,1,1,0
0,0,0,1,0,0,0,0,11,0,0,2,0,1,0
0,0,0,1,0,0,0,0,18,0,0,3,0,2,0
0,0,0,1,0,0,0,0,12,0,0,2,0,1,0
0,0,0,1,0,0,0,0,21,0,0,2,0,1,0
0,0,0,2,0,0,0,0,11,0,0,2,1,1,0
0,0,0,2,0,0,0,0,13,0,0,2,1,1,0
0,0,0,1,0,0,0,0,13,0,0,2,0,1,0
0,0,0,1,0,0,0,0,19,0,0,2,1,1,0
0,0,0,3,0,0,0,0,16,3,0,2,1,1,0
0,0,0,0,0,0,1,0,19,3,0,2,1,1,0
0,0,0,1,0,0,0,0,16,0,0,2,1,1,0
0,0,0,1,0,0,0,0,21,0,0,2,1,1,0
0,0,0,2,0,0,0,0,20,0,0,2,1,1,0
0,0,0,2,0,0,0,0,12,4,0,2,1,1,0
0,0,0,0,0,0,0,0,22,0,0,3,0,2,0
0,0,0,0,0,0,0,0,18,0,0,2,1,1,0
0,0,0,2,0,0,0,0,19,0,0,2,1,1,0
0,0,0,1,0,0,0,0,16,0,0,3,0,2,0
0,0,0,1,0,0,1,0,14,0,0,2,1,1,0
0,0,0,0,0,0,0,0,9,2,0,1,1,0,0
0,0,0,1,0,0,0,0,22,0,0,2,1,1,0
0,0,0,0,0,0,0,0,14,0,0,2,1,1,0
0,0,0,1,0,0,1,0,19,0,0,2,1,1,0
0,0,0,1,0,0,0,0,14,0,0,2,0,1,0
0,0,0,2,0,0,0,0,9,0,0,2,0,1,0
0,0,0,2,0,0,0,0,15,3,0,2,1,1,0
0,0,0,2,0,0,0,0,14,1,0,2,0,1,0
0,0,0,2,0,0,0,0,16,0,0,2,1,1,0
0,0,0,2,0,0,0,0,18,0,0,2,0,1,0
0,0,0,0,0,0,0,1,15,0,1,2,0,1,0
0,0,0,2,0,0,0,1,14,0,1,2,0,1,0
0,0,0,1,0,0,0,0,22,0,0,2,1,1,0
0,0,0,2,0,0,0,0,15,0,0,2,0,1,0
0,0,0,2,0,0,0,0,20,0,0,2,1,1,0
0,0,0,2,0,0,1,0,16,0,0,2,1,1,0
0,0,0,1,0,0,0,0,11,0,0,2,1,1,0
0,0,0,0,0,0,0,0,15,0,0,2,1,1,0
0,0,0,1,0,0,0,0,22,0,0,2,1,1,0
0,0,0,1,0,0,0,0,13,0,0,2,1,1,0
0,0,0,2,0,0,0,0,17,1,0,2,0,1,0
0,0,0,0,0,0,0,0,21,0,0,2,1,1,0
0,0,0,1,0,0,0,0,19,1,0,2,1,1,0
0,0,0,3,0,0,0,0,18,0,0,2,1,1,0
0,0,0,1,0,0,0,0,23,0,0,2,1,1,0
0,0,0,2,0,0,0,0,17,0,0,2,1,1,0
0,0,0,2,0,0,0,0,17,0,0,2,1,1,0
0,0,0,1,0,0,0,0,22,0,0,2,1,1,0
0,0,0,2,0,0,0,0,15,0,0,2,1,1,0
0,0,0,1,0,0,0,0,15,0,0,2,1,1,0
0,0,0,1,0,0,0,1,15,0,1,2,0,1,0
0,0,0,2,0,0,0,0,14,3,0,2,0,1,0
0,0,0,0,0,0,0,0,22,0,0,3,0,2,0
0,0,0,1,0,0,0,0,16,0,0,2,1,1,0
0,0,0,1,0,0,0,0,18,0,0,2,0,1,0
0,0,0,0,0,0,0,0,13,0,0,2,0,1,0
0,0,0,1,0,0,1,0,19,0,0,3,0,2,0
0,0,0,2,0,0,0,0,20,0,0,2,1,1,0
0,0,0,3,0,0,0,0,9,0,0,1,1,0,0
0,0,0,1,0,0,0,0,14,0,0,2,0,1,0
0,0,0,2,0,0,0,0,17,0,0,2,1,1,0
0,0,0,2,0,0,0,0,18,2,0,2,1,1,0
0,0,0,3,0,0,0,0,12,2,0,2,1,1,0
0,0,0,2,0,0,0,0,9,0,0,1,1,0,0
0,0,0,0,0,0,0,0,13,0,0,3,0,2,0
0,0,0,2,0,0,0,0,18,0,0,2,0,1,0
0,0,0,1,0,0,0,0,21,1,0,2,1,1,0
0,0,0,2,0,0,0,0,11,0,0,2,0,1,0
0,0,0,2,0,0,0,0,14,0,0,1,1,0,0
0,0,0,1,0,0,0,0,11,0,0,2,0,1,0
0,0,0,1,0,0,0,0,20,0,0,3,0,2,0
0,0,0,0,0,0,0,0,19,0,0,2,0,1,0
0,0,0,1,0,0,0,0,21,0,0,2,1,1,0
0,0,0,2,0,0,0,0,17,3,0,2,1,1,0
0,0,0,3,0,0,0,0,15,0,0,1,1,0,0
0,0,0,3,0,0,0,0,18,0,0,2,0,1,0
0,0,0,2,0,0,0,0,19,0,0,2,1,1,0
0,0,0,2,0,0,0,0,19,0,0,2,1,1,0
0,0,0,2,0,0,0,0,16,0,0,2,1,1,0
0,0,0,1,0,0,0,0,15,0,0,2,1,1,0
0,0,0,2,0,0,0,0,22,0,0,2,1,1,0
0,0,0,1,0,0,0,0,15,0,0,3,0,2,0
0,0,0,0,0,0,1,0,17,0,0,2,1,1,0
0,0,0,3,0,0,0,0,13,0,0,2,0,1,0
0,0,0,1,0,0,0,0,14,0,0,2,1,1,0
0,0,0,0,0,0,0,0,18,0,0,2,1,1,0
0,0,0,2,0,0,0,0,14,0,0,2,1,1,0
0,0,0,0,0,0,0,0,16,0,0,2,0,1,0
0,0,0,0,0,0,0,0,18,0,0,3,0,2,0
0,0,0,2,0,0,0,0,25,0,0,2,1,1,0
0,0,0,1,0,0,0,0,23,0,0,2,1,1,0
0,0,0,0,0,0,0,1,25,0,1,2,1,1,0
0,0,0,2,0,0,0,0,12,2,0,1,1,0,0
0,0,0,3,0,0,0,0,17,0,0,2,1,1,0
0,0,0,0,0,0,0,0,21,0,0,2,1,1,0
0,0,0,3,0,0,0,0,18,0,0,2,1,1,0
0,0,0,1,0,0,0,0,14,0,0,3,0,2,0
0,0,0,2,0,0,0,0,13,0,0,2,1,1,0
0,0,0,1,0,0,0,0,26,0,0,2,1,1,0
0,0,0,0,0,0,0,0,16,0,0,2,0,1,0
0,0,0,0,0,0,0,1,20,0,1,2,1,1,0
0,0,0,1,0,0,0,0,10,0,0,2,1,1,0
0,0,0,2,0,0,0,0,16,0,0,2,1,1,0
0,0,0,2,0,0,0,0,28,0,0,2,1,1,0
0,0,0,2,0,0,0,0,13,0,0,2,0,1,0
0,0,0,1,0,0,1,0,15,0,0,2,1,1,0
0,0,0,1,0,0,0,0,16,0,0,2,1,1,0
0,0,0,2,0,0,0,0,16,0,0,3,0,2,0
0,0,0,1,0,0,0,0,16,0,0,2,1,1,0
0,0,0,2,0,0,1,0,16,0,0,2,1,1,0
0,0,0,0,0,0,0,0,19,0,0,2,1,1,0
0,0,0,1,0,0,1,0,22,0,0,2,1,1,0
0,0,0,1,0,0,1,0,21,0,0,2,1,1,0
0,0,0,0,0,0,0,0,20,0,0,3,0,2,0
0,0,0,3,0,0,0,0,18,3,0,2,1,1,0
0,0,0,2,0,0,0,0,12,0,0,2,0,1,0
0,0,0,1,0,0,0,0,13,0,0,1,1,0,0
0,0,0,2,0,0,0,0,13,0,0,2,1,1,0
0,0,0,0,0,0,0,0,16,0,0,3,0,2,0
0,0,0,2,0,0,0,0,18,0,0,2,1,1,0
0,0,0,2,0,0,0,0,20,0,0,2,1,1,0
0,0,0,2,0,0,0,0,21,0,0,2,1,1,0
0,0,0,2,0,0,0,0,17,0,0,2,1,1,0
0,0,0,1,0,0,0,0,14,0,0,2,0,1,0
0,0,0,0,0,0,0,0,11,0,0,2,0,1,0
0,0,0,1,0,0,0,0,15,0,0,1,1,0,0
0,0,0,2,0,0,0,0,16,0,0,2,1,1,0
0,0,0,0,0,0,0,0,18,0,0,2,0,1,0
0,0,0,0,0,0,0,0,12,0,0,2,1,1,0
0,0,1,3,0,0,1,1,25,0,1,2,1,1,0
0,0,0,0,0,0,1,0,17,0,0,2,1,1,0
0,0,0,2,0,0,0,0,17,0,0,3,0,2,0
0,0,0,1,0,0,0,0,25,0,0,2,1,1,0
0,0,0,0,0,0,0,0,24,0,0,2,1,1,0
0,0,0,1,0,0,0,0,18,0,0,2,1,1,0
0,0,0,1,0,0,0,0,16,0,0,2,0,1,0
0,0,0,1,0,0,1,0,17,2,0,2,1,1,0
0,0,0,1,0,0,0,0,13,0,0,2,0,1,0
0,0,0,1,0,0,1,0,12,0,0,2,1,1,0
0,0,0,3,0,0,0,0,18,0,0,2,1,1,0
0,0,0,2,0,0,0,0,18,0,0,2,0,1,0
0,0,0,2,0,0,0,0,15,0,0,2,1,1,0
0,0,0,1,0,0,0,0,12,0,0,2,0,1,0
0,0,0,2,0,0,0,0,12,0,0,2,0,1,0
0,0,0,1,0,0,0,0,11,0,0,2,0,1,0
0,0,0,1,0,0,0,0,18,0,0,2,1,1,0
0,0,0,0,0,0,0,0,16,0,0,2,1,1,0
0,0,0,1,0,0,0,0,15,0,0,2,1,1,0
0,0,1,3,0,0,0,0,26,0,0,2,1,1,0
0,0,0,2,0,0,0,0,9,0,0,1,0,0,0
0,0,0,0,0,0,0,0,22,0,0,2,1,1,0
0,0,0,3,0,0,0,0,19,0,0,1,1,0,0
0,0,0,2,0,0,0,0,16,0,0,2,1,1,0
0,0,0,1,0,0,0,0,16,0,0,2,1,1,0
0,0,0,2,0,0,1,0,17,0,0,2,1,1,0
0,0,0,2,0,0,0,0,21,0,0,2,0,1,0
0,0,0,2,0,0,0,0,11,0,0,1,1,0,0
0,0,0,0,0,0,0,0,23,0,0,3,0,2,0
0,0,0,0,0,0,0,0,14,0,0,2,1,1,0
0,0,0,2,0,0,0,0,16,0,0,2,1,1,0
0,0,0,2,0,0,0,0,18,0,0,2,1,1,0
0,0,0,1,0,0,0,0,15,0,0,3,0,2,0
0,0,0,0,0,0,0,0,17,1,0,2,1,1,0
0,0,0,0,0,0,0,0,19,0,0,2,1,1,0
0,0,0,0,0,0,0,0,11,0,0,1,1,0,0
0,0,0,1,0,0,0,0,29,0,0,2,1,1,0
0,0,0,2,0,0,0,0,12,2,0,2,1,1,0
0,0,0,2,0,0,1,0,18,0,0,2,1,1,0
0,0,0,3,0,0,0,0,16,0,0,2,1,1,0
0,0,0,1,0,0,0,0,16,0,0,2,1,1,0
0,0,0,2,0,0,0,0,18,0,0,2,1,1,0
0,0,0,1,0,0,0,0,23,0,0,2,1,1,0
0,0,0,0,0,0,0,0,12,0,0,2,1,1,0
0,0,0,2,0,0,0,0,13,0,0,1,1,0,0
0,0,0,2,0,0,0,0,15,0,0,2,1,1,0
0,0,0,2,0,0,0,0,21,0,0,2,1,1,0
0,0,0,2,0,0,0,0,20,0,0,2,1,1,0
0,0,0,2,0,0,0,0,10,0,0,2,0,1,0
0,0,0,1,0,0,0,0,17,6,0,2,0,1,0
0,0,0,2,0,0,0,0,15,0,0,3,0,2,0
0,0,0,0,0,0,0,0,23,0,0,2,1,1,0
0,0,0,1,0,0,0,0,16,1,0,2,1,1,0
0,0,0,0,0,0,0,0,19,0,0,2,1,1,0
0,0,0,2,0,0,0,0,10,0,0,1,1,0,0
0,0,0,1,0,0,0,0,18,0,0,2,1,1,0
0,0,0,0,0,0,0,0,18,0,0,2,0,1,0
0,0,0,2,0,0,0,0,15,0,0,2,0,1,0
0,0,0,2,0,0,0,0,21,0,0,2,1,1,0
0,0,0,2,0,0,0,0,23,0,0,3,0,2,0
0,0,0,2,0,0,0,0,13,0,0,2,1,1,0
0,0,0,0,0,0,0,0,17,0,0,2,0,1,0
0,0,0,1,0,0,0,0,18,0,0,2,1,1,0
0,0,0,2,0,0,0,0,14,0,0,2,1,1,0
0,0,0,2,0,0,0,0,15,0,0,2,1,1,0
0,0,0,2,0,0,0,0,21,0,0,2,1,1,0
0,0,0,0,0,0,0,0,21,0,0,2,1,1,0
0,0,0,0,0,0,1,0,16,0,0,2,1,1,0
0,0,0,3,0,0,0,0,22,0,0,3,0,2,0
0,0,0,2,0,0,0,0,20,0,0,2,1,1,0
0,0,0,1,0,0,1,0,18,0,0,1,1,0,0
0,0,0,1,0,0,0,0,12,0,0,2,1,1,0
0,0,0,1,0,0,0,0,12,0,0,2,1,1,0
0,0,0,2,0,0,0,0,12,0,0,1,1,0,0
0,0,0,1,0,0,1,0,11,0,0,1,1,0,0
0,0,0,2,0,0,0,0,17,2,0,2,1,1,0
0,0,0,2,0,0,0,0,20,0,0,2,1,1,0
0,0,0,1,0,0,0,0,18,0,0,2,1,1,0
0,0,0,2,0,0,0,0,18,0,0,2,1,1,0
0,0,0,2,0,0,0,0,21,0,0,2,1,1,0
0,0,0,3,0,0,0,0,16,0,0,2,1,1,0
0,0,0,1,0,0,0,0,11,0,0,2,0,1,0
0,0,0,1,0,0,0,0,12,1,0,2,1,1,0
0,0,0,1,0,0,0,0,10,0,0,1,1,0,0
0,0,0,1,0,0,0,0,17,7,0,2,1,1,0
0,0,0,0,0,0,0,0,14,0,0,2,1,1,0
0,0,0,2,0,0,0,0,18,0,0,2,1,1,0
0,0,0,2,0,0,0,0,25,0,0,2,1,1,0
0,0,0,1,0,0,1,0,18,0,0,2,1,1,0
0,0,0,1,0,0,0,0,13,0,0,2,1,1,0
0,0,0,2,0,0,0,0,16,1,0,2,0,1,0
0,0,0,1,0,0,0,0,17,1,0,2,1,1,0
0,0,0,0,0,0,0,0,10,0,0,2,1,1,0
0,0,0,1,0,0,0,0,23,0,0,2,1,1,0
0,0,0,0,0,0,1,0,16,0,0,2,1,1,0
0,0,0,1,0,0,0,0,10,0,0,2,1,1,0
0,0,0,1,0,0,0,0,15,0,0,2,1,1,0
0,0,0,1,0,0,0,0,10,0,0,1,1,0,0
0,0,0,2,0,0,0,0,13,0,0,2,1,1,0
0,0,0,0,0,0,0,0,13,0,0,2,0,1,0
0,0,0,2,0,0,1,0,20,0,0,2,1,1,0
0,0,0,2,0,0,0,0,18,0,0,2,1,1,0
0,0,0,2,0,0,0,0,17,0,0,2,1,1,0
0,0,0,1,0,0,0,0,19,0,0,2,0,1,0
0,0,0,2,0,0,0,0,13,2,0,2,1,1,0
0,0,0,2,0,0,0,1,15,0,1,2,1,1,0
0,0,0,0,0,0,0,0,10,0,0,2,0,1,0
0,0,0,1,0,0,0,0,17,3,0,2,1,1,0
0,0,0,1,0,0,0,0,21,0,0,2,1,1,0
0,0,0,0,0,0,0,0,19,0,0,2,1,1,0
0,0,0,2,0,0,0,0,15,0,0,2,0,1,0
0,0,0,3,0,0,0,0,16,0,0,2,0,1,0
0,0,0,2,0,0,0,0,22,0,0,2,1,1,0
0,0,0,1,0,0,0,0,13,0,0,2,1,1,0
0,0,0,1,0,0,0,0,18,0,0,2,1,1,0
0,0,0,1,0,0,1,0,18,0,0,2,1,1,0
0,0,0,2,0,0,0,0,18,0,0,2,1,1,0
0,0,0,1,0,0,0,0,16,0,0,2,0,1,0
0,0,0,1,0,0,0,0,22,0,0,3,0,2,0
0,0,0,2,0,0,0,0,18,0,0,2,1,1,0
0,0,0,2,0,0,0,0,12,0,0,2,1,1,0
0,0,0,2,0,0,0,0,20,0,0,2,1,1,0
0,0,0,2,0,0,1,0,18,0,0,2,1,1,0
0,0,0,1,0,0,1,0,16,0,0,2,1,1,0
0,0,0,2,0,0,0,0,15,0,0,2,1,1,0
0,0,0,1,0,0,0,0,20,0,0,2,1,1,0
0,0,0,0,0,0,0,0,13,0,0,2,0,1,0
0,0,0,1,0,0,0,0,21,0,0,2,1,1,0
0,0,0,3,0,0,0,0,12,0,0,2,1,1,0
0,0,0,1,0,0,0,0,14,0,0,2,1,1,0
0,0,0,1,0,0,0,0,16,0,0,2,0,1,0
0,0,0,3,0,0,0,0,11,0,0,2,0,1,0
0,0,0,2,0,0,0,0,21,0,0,2,1,1,0
0,0,0,0,0,0,0,0,24,0,0,2,1,1,0
0,0,0,1,0,0,0,0,14,0,0,2,0,1,0
0,0,0,2,0,0,0,0,10,0,0,1,0,0,0
0,0,0,3,0,0,0,0,16,0,0,2,1,1,0
0,0,0,0,0,0,0,1,26,0,1,2,0,1,0
0,0,0,0,0,0,0,0,17,0,0,2,1,1,0
0,0,0,1,0,0,0,0,9,0,0,1,0,0,0
0,0,0,0,0,0,0,0,17,0,0,2,1,1,0
0,0,0,1,0,0,1,0,20,0,0,2,1,1,0
0,0,0,0,0,0,0,0,14,0,0,2,0,1,0
0,0,0,0,0,0,1,0,11,0,0,1,1,0,0
0,0,0,2,0,0,0,0,13,0,0,2,0,1,0
0,0,0,1,0,0,0,0,22,0,0,2,1,1,0
0,0,0,2,0,0,0,0,18,0,0,2,1,1,0
0,0,0,2,0,0,0,0,17,0,0,2,1,1,0
0,0,0,1,0,0,0,0,17,0,0,2,1,1,0
0,0,0,2,0,0,0,0,19,0,0,2,1,1,0
0,0,0,1,0,0,1,0,19,0,0,2,1,1,0
0,0,0,2,0,0,0,0,9,0,0,1,0,0,0
0,0,0,2,0,0,0,0,19,0,0,2,1,1,0
0,0,0,0,0,0,0,0,15,0,0,2,1,1,0
0,0,0,0,0,0,0,0,7,0,0,1,0,0,0
0,0,0,1,0,0,0,0,13,0,0,2,1,1,0
0,0,0,2,0,0,0,0,14,0,0,2,1,1,0
0,0,0,1,0,0,0,0,16,0,0,2,1,1,0
0,0,0,1,0,0,0,0,19,0,0,1,1,0,0
0,0,0,1,0,0,0,0,14,0,0,1,1,0,0
0,0,0,3,0,0,0,0,23,0,0,2,0,1,0
0,0,0,2,0,0,0,0,15,0,0,2,0,1,0
0,0,0,1,0,0,0,0,21,0,0,2,1,1,0
0,0,0,0,0,0,0,0,15,0,0,2,1,1,0
0,0,0,1,0,0,0,0,19,0,0,2,0,1,0
0,0,0,1,0,0,1,0,19,0,0,2,1,1,0
0,0,0,1,0,0,0,0,20,0,0,2,1,1,0
0,0,0,0,0,0,0,0,19,0,0,2,1,1,0
0,0,0,2,0,0,0,0,18,0,0,3,0,2,0
0,0,0,2,0,0,0,0,12,0,0,2,0,1,0
0,0,0,0,0,0,0,0,16,0,0,2,1,1,0
0,0,0,1,0,0,0,0,17,0,0,2,1,1,0
0,0,0,3,0,0,0,1,16,0,1,2,1,1,0
0,0,0,2,0,0,0,0,16,0,0,2,1,1,0
0,0,0,1,0,0,0,0,14,2,0,2,1,1,0
0,0,0,1,0,0,0,0,14,5,0,2,1,1,0
0,0,0,2,0,0,0,0,17,0,0,2,1,1,0
0,0,0,2,0,0,0,0,14,0,0,2,0,1,0
0,0,0,1,0,0,0,0,16,0,0,2,1,1,0
0,0,0,2,0,0,0,0,14,2,0,2,1,1,0
0,0,0,0,0,0,0,0,15,0,0,2,1,1,0
0,0,0,1,0,0,1,0,16,0,0,1,1,0,0
0,0,0,2,0,0,0,0,25,0,0,2,1,1,0
0,0,0,3,0,0,0,0,21,0,0,2,1,1,0
0,0,0,2,0,0,0,0,19,0,0,2,1,1,0
0,0,0,0,0,0,0,0,16,0,0,2,0,1,0
0,0,0,3,0,0,0,0,16,0,0,2,1,1,0
0,0,0,1,0,0,1,0,18,1,0,2,1,1,0
0,0,0,2,0,0,0,0,13,1,0,2,1,1,0
0,0,0,1,0,0,0,0,11,0,0,2,1,1,0
0,0,0,2,0,0,0,0,16,0,0,2,0,1,0
0,0,0,2,0,0,0,0,21,0,0,2,1,1,0
0,0,0,2,0,0,0,0,14,0,0,2,1,1,0
0,0,0,2,0,0,0,0,19,0,0,2,1,1,0
0,0,0,1,0,0,0,0,20,0,0,2,1,1,0
0,0,0,3,0,0,0,0,10,0,0,2,0,1,0
0,0,0,2,0,0,0,0,19,0,0,2,1,1,0
0,0,0,2,0,0,1,0,15,0,0,2,1,1,0
0,0,0,2,0,0,0,0,20,0,0,2,1,1,0
0,0,0,2,0,0,0,0,13,0,0,2,1,1,0
0,0,0,3,0,0,0,0,10,0,0,2,1,1,0
0,0,0,2,0,0,0,0,13,2,0,3,0,2,0
0,0,0,2,0,0,0,0,17,0,0,2,1,1,0
0,0,0,1,0,0,1,0,20,0,0,2,1,1,0
0,0,0,1,0,0,0,0,15,0,0,2,1,1,0
0,0,0,0,0,0,0,0,22,0,0,2,1,1,0
0,0,0,0,0,0,0,0,15,0,0,2,1,1,0
0,0,0,2,0,0,0,0,25,0,0,2,1,1,0
0,0,0,1,0,0,0,1,19,0,1,2,1,1,0
0,0,0,0,0,0,0,0,17,0,0,2,1,1,0
0,0,0,2,0,0,0,0,21,0,0,2,1,1,0
0,0,0,1,0,0,0,0,14,0,0,2,1,1,0
0,0,0,1,0,0,0,0,16,0,0,2,1,1,0
0,0,0,3,0,0,0,0,20,0,0,2,1,1,0
0,0,0,1,0,0,0,0,13,0,0,2,1,1,0
0,0,0,0,0,0,0,0,13,0,0,2,1,1,0
0,0,0,0,0,0,0,0,20,0,0,2,1,1,0
0,0,0,3,0,0,0,0,19,0,0,2,1,1,0
0,0,0,3,0,0,0,0,16,0,0,1,1,0,0
0,0,0,0,0,0,0,0,15,0,0,2,1,1,0
0,0,0,2,0,0,0,0,15,0,0,2,1,1,0
0,0,0,2,0,0,0,0,13,0,0,2,1,1,0
0,0,0,1,0,0,0,0,17,0,0,2,1,1,0
0,0,0,1,0,0,0,0,18,0,0,1,1,0,0
0,0,0,1,0,0,0,0,21,0,0,2,1,1,0
0,0,0,1,0,0,0,0,19,0,0,2,1,1,0
0,0,0,0,0,0,0,0,18,0,0,2,0,1,0
0,0,0,3,0,0,0,1,20,0,1,2,1,1,0
0,0,0,1,0,0,0,0,14,0,0,2,1,1,0
0,0,0,1,0,0,0,0,20,0,0,2,1,1,0
0,0,0,1,0,0,0,0,19,0,0,2,0,1,0
0,0,0,3,0,0,0,0,17,1,0,2,1,1,0
0,0,0,2,0,0,0,0,23,0,0,2,1,1,0
0,0,0,1,0,0,0,0,9,0,0,1,1,0,0
0,0,0,1,0,0,0,1,20,0,1,2,1,1,0
0,0,0,0,0,0,0,0,10,0,0,2,0,1,0
0,0,0,1,0,0,0,0,22,0,0,2,1,1,0
0,0,0,1,0,0,0,0,13,0,0,2,1,1,0
0,0,0,3,0,0,0,0,12,0,0,2,0,1,0
0,0,0,2,0,0,0,0,19,0,0,2,1,1,0
0,0,0,1,0,0,0,0,17,0,0,2,0,1,0
0,0,0,2,0,0,0,0,20,0,0,2,0,1,0
0,0,0,1,0,0,0,0,18,0,0,2,1,1,0
0,0,0,1,0,0,0,0,13,0,0,2,0,1,0
0,0,0,0,0,0,1,0,14,0,0,2,1,1,0
0,0,0,3,0,0,0,0,13,0,0,2,1,1,0
0,0,0,1,0,0,0,0,16,0,0,2,1,1,0
0,0,0,2,0,0,0,0,15,0,0,2,1,1,0
0,0,0,1,0,0,0,0,12,0,0,1,1,0,0
0,0,0,1,0,0,0,0,16,0,0,2,1,1,0
0,0,0,2,0,0,1,0,19,0,0,2,1,1,0
0,0,0,2,0,0,0,0,17,0,0,3,0,2,0
0,0,0,2,0,0,0,0,20,0,0,2,1,1,0
0,0,0,3,0,0,0,0,15,1,0,2,1,1,0
0,0,0,0,0,0,0,0,20,0,0,2,1,1,0
0,0,0,3,0,0,0,0,21,0,0,2,1,1,0
0,0,0,1,0,0,0,0,17,0,0,2,0,1,0
0,0,0,0,0,0,0,0,15,0,0,3,0,2,0
0,0,0,2,0,0,0,0,10,0,0,2,0,1,0
0,0,0,2,0,0,0,0,14,4,0,2,1,1,0
0,0,0,1,0,0,0,0,13,0,0,1,1,0,0
0,0,0,1,0,0,0,0,14,0,0,2,0,1,0
0,0,0,0,0,0,0,1,19,0,1,2,0,1,0
0,0,0,1,0,0,1,0,13,0,0,2,1,1,0
0,0,0,0,0,0,0,0,14,0,0,2,1,1,0
0,0,0,1,0,0,0,0,11,0,0,2,0,1,0
0,0,0,1,0,0,0,0,17,0,0,2,1,1,0
0,0,0,1,0,0,0,0,6,0,0,1,1,0,0
0,0,0,0,0,0,0,0,18,0,0,2,1,1,0
0,0,0,2,0,0,0,0,15,0,0,2,1,1,0
0,0,0,2,0,0,0,1,20,0,1,1,1,0,0
0,0,0,0,0,0,0,0,17,0,0,2,0,1,0
0,0,0,2,0,0,0,0,4,0,0,1,0,0,0
0,0,0,1,0,0,0,0,18,0,0,2,1,1,0
0,0,0,2,0,0,0,0,12,0,0,1,1,0,0
0,0,0,3,0,0,0,1,16,0,1,2,1,1,0
0,0,0,1,0,0,0,0,16,0,0,2,1,1,0
0,0,0,3,0,0,0,0,24,0,0,2,1,1,0
0,0,0,1,0,0,0,0,22,0,0,2,1,1,0
0,0,0,2,0,0,0,0,18,0,0,2,1,1,0
0,0,0,2,0,0,0,0,18,0,0,2,1,1,0
0,0,0,2,0,0,0,0,19,2,0,4,0,3,0
0,0,0,0,0,0,1,0,17,0,0,2,1,1,0
0,0,0,3,0,0,0,0,22,0,0,2,1,1,0
0,0,0,2,0,0,1,0,21,0,0,3,0,2,0
0,0,0,1,0,0,0,0,11,0,0,1,1,0,0
0,0,0,1,0,0,1,0,11,0,0,2,1,1,0
0,0,0,0,0,0,0,0,20,0,0,2,1,1,0
0,0,0,1,0,0,0,1,18,0,1,3,0,2,0
0,0,0,1,0,0,0,0,10,1,0,2,1,1,0
0,0,0,2,0,0,0,1,16,0,1,2,1,1,0
0,0,0,2,0,0,0,0,17,0,0,2,1,1,0
0,0,0,2,0,0,0,0,18,5,0,2,1,1,0
0,0,0,1,0,0,0,0,20,0,0,2,1,1,0
0,0,0,1,0,0,0,0,18,0,0,3,0,2,0
0,0,0,2,0,0,0,0,16,0,0,2,0,1,0
0,0,0,0,0,0,0,1,16,0,1,2,1,1,0
0,0,0,1,0,0,0,0,20,0,0,2,1,1,0
0,0,0,2,0,0,0,0,14,0,0,2,1,1,0
0,0,0,0,0,0,0,0,15,0,0,2,1,1,0
0,0,0,2,0,0,0,0,15,4,0,2,1,1,0
0,0,0,0,0,0,0,0,16,0,0,2,1,1,0
0,0,0,1,0,0,0,1,17,0,1,1,1,0,0
0,0,0,2,0,0,0,0,23,0,0,2,1,1,0
0,0,0,2,0,0,0,0,18,0,0,2,0,1,0
0,0,0,2,0,0,0,0,21,4,0,2,1,1,0
0,0,0,1,0,0,0,0,23,0,0,2,1,1,0
0,0,0,1,0,0,0,0,20,0,0,2,0,1,0
0,0,0,1,0,0,0,0,15,0,0,2,1,1,0
0,0,0,2,0,0,0,0,14,0,0,2,0,1,0
0,0,0,0,0,0,0,0,25,0,0,2,1,1,0
0,0,0,1,0,0,0,0,16,0,0,2,1,1,0
0,0,0,1,0,0,1,0,13,0,0,2,1,1,0
0,0,0,1,0,0,0,0,11,0,0,2,0,1,0
0,0,0,1,0,0,1,0,15,0,0,2,1,1,0
0,0,0,2,0,0,0,0,23,3,0,2,1,1,0
0,0,0,0,0,0,0,0,19,0,0,2,1,1,0
0,0,0,1,0,0,1,0,26,0,0,3,0,2,0
0,0,0,3,0,0,1,0,14,0,0,2,1,1,0
0,0,0,1,0,0,0,0,14,0,0,2,1,1,0
0,0,0,2,0,0,0,0,18,0,0,2,1,1,0
0,0,0,2,0,0,0,0,11,0,0,2,0,1,0
0,0,0,2,0,0,0,0,17,0,0,2,0,1,0
0,0,0,3,0,0,0,0,18,0,0,2,0,1,0
0,0,0,2,0,0,1,1,19,0,1,3,0,2,0
0,0,0,0,0,0,0,0,21,0,0,2,1,1,0
0,0,0,0,0,0,0,0,14,0,0,2,1,1,0
0,0,0,2,0,0,0,0,17,0,0,2,0,1,0
0,0,0,1,0,0,0,0,12,0,0,1,1,0,0
0,0,0,1,0,0,0,0,14,0,0,3,0,2,0
0,0,0,1,0,0,0,0,18,0,0,2,1,1,0
0,0,0,3,0,0,0,0,14,0,0,2,1,1,0
0,0,0,1,0,0,0,0,14,0,0,2,1,1,0
0,0,0,2,0,0,0,1,17,0,1,2,0,1,0
0,0,0,2,0,0,0,0,16,1,0,3,0,2,0
0,0,0,2,0,0,0,0,13,0,0,2,1,1,0
0,0,0,2,0,0,0,0,26,0,0,3,1,2,0
0,0,0,0,0,0,0,0,17,3,0,2,1,1,0
0,0,0,0,0,0,0,0,18,1,0,2,1,1,0
0,0,0,3,0,0,0,0,19,0,0,2,1,1,0
0,0,0,3,0,0,0,0,17,0,0,2,1,1,0
0,0,0,0,0,0,0,0,16,0,0,2,0,1,0
0,0,0,2,0,0,0,0,19,0,0,2,0,1,0
0,0,0,2,0,0,0,0,17,0,0,2,1,1,0
0,0,0,2,0,0,0,0,12,0,0,2,0,1,0
0,0,0,1,0,0,0,0,18,0,0,2,0,1,0
0,0,0,0,0,0,0,0,12,0,0,2,1,1,0
0,0,0,1,0,0,0,0,14,0,0,2,1,1,0
0,0,0,1,0,0,0,0,22,0,0,2,0,1,0
0,0,0,2,0,0,0,0,17,2,0,2,1,1,0
0,0,0,0,0,0,0,0,15,0,0,2,1,1,0
0,0,0,3,0,0,0,0,14,0,0,2,1,1,0
0,0,0,2,0,0,0,0,11,0,0,1,0,0,0
0,0,0,2,0,0,0,0,14,2,0,2,1,1,0
0,0,0,0,0,0,0,0,13,0,0,2,1,1,0
0,0,0,0,0,0,0,0,11,0,0,2,1,1,0
0,0,0,1,0,0,0,0,19,0,0,2,1,1,0
0,0,0,1,0,0,0,0,16,0,0,2,1,1,0
0,0,0,1,0,0,0,0,23,0,0,2,1,1,0
0,0,0,1,0,0,1,0,15,0,0,2,1,1,0
0,0,0,0,0,0,0,0,18,0,0,2,1,1,0
0,0,0,2,0,0,0,0,16,0,0,2,1,1,0
0,0,0,2,0,0,0,0,15,0,0,2,1,1,0
0,0,0,1,0,0,0,0,14,0,0,2,1,1,0
0,0,0,0,0,0,0,0,18,0,0,2,1,1,0
0,0,0,3,0,0,0,0,19,0,0,2,1,1,0
0,0,0,1,0,0,0,0,25,0,0,3,0,2,0
0,0,0,1,0,0,0,0,20,0,0,2,1,1,0
0,0,1,3,0,0,0,0,25,0,0,2,1,1,0
0,0,0,2,0,0,0,0,19,0,0,2,1,1,0
0,0,0,1,0,0,0,0,24,0,0,2,1,1,0
0,0,0,2,0,0,0,0,18,0,0,2,1,1,0
0,0,0,3,0,0,0,0,16,0,0,2,0,1,0
0,0,0,2,0,0,0,0,12,0,0,1,0,0,0
0,0,0,1,0,0,0,0,15,0,0,2,1,1,0
0,0,0,2,0,0,0,0,14,0,0,2,1,1,0
0,0,0,1,0,0,0,0,14,0,0,2,0,1,0
0,0,0,2,0,0,0,0,19,0,0,2,0,1,0
0,0,0,1,0,0,0,0,12,0,0,1,1,0,0
0,0,0,1,0,0,0,0,13,0,0,2,0,1,0
0,0,0,2,0,0,0,0,18,0,0,2,0,1,0
0,0,0,3,0,0,0,0,9,0,0,2,0,1,0
0,0,0,2,0,0,0,0,24,0,0,2,1,1,0
0,0,0,2,0,0,0,0,9,0,0,1,0,0,0
0,0,0,2,0,0,0,0,21,0,0,2,1,1,0
0,0,0,0,0,0,0,0,15,0,0,2,1,1,0
0,0,0,1,0,0,0,0,7,3,0,1,1,0,0
0,0,0,3,0,0,0,0,16,0,0,2,1,1,0
0,0,0,1,0,0,0,0,17,0,0,2,0,1,0
0,0,0,3,0,0,0,0,22,0,0,2,1,1,0
0,0,0,2,0,0,0,0,18,0,0,2,1,1,0
0,0,0,1,0,0,0,0,23,3,0,2,1,1,0
0,0,0,0,0,0,0,0,20,0,0,2,1,1,0
0,0,0,2,0,0,0,0,24,0,0,3,1,2,0
0,0,0,1,0,0,0,0,7,0,0,1,1,0,0
0,0,0,2,0,0,0,0,20,0,0,2,1,1,0
0,0,0,2,0,0,0,0,10,0,0,2,0,1,0
0,0,0,3,0,0,0,0,20,0,0,3,0,2,0
0,0,0,2,0,0,0,0,15,1,0,2,1,1,0
0,0,0,2,0,0,0,0,19,0,0,3,0,2,0
0,0,0,2,0,0,0,0,19,0,0,2,1,1,0
0,0,0,0,0,0,0,0,17,0,0,2,1,1,0
0,0,0,2,0,0,0,0,14,0,0,2,0,1,0
0,0,0,2,0,0,0,0,13,0,0,2,0,1,0
0,0,0,2,0,0,0,0,20,0,0,2,1,1,0
0,0,0,1,0,0,0,0,19,0,0,2,1,1,0
0,0,0,3,0,0,0,0,22,0,0,2,0,1,0
0,0,0,1,0,0,0,0,14,0,0,2,0,1,0
0,0,0,1,0,0,0,0,11,0,0,2,0,1,0
0,0,0,0,0,0,0,0,13,3,0,2,1,1,0
0,0,0,0,0,0,1,0,16,0,0,2,1,1,0
0,0,0,0,0,0,0,0,12,0,0,2,1,1,0
0,0,0,3,0,0,0,0,19,0,0,2,1,1,0
0,0,0,2,0,0,0,0,11,0,0,2,1,1,0
0,0,0,2,0,0,0,0,18,0,0,2,1,1,0
0,0,0,2,0,0,0,1,20,0,1,2,1,1,0
0,0,0,2,0,0,1,0,15,0,0,2,1,1,0
0,0,0,1,0,0,0,0,19,0,0,1,1,0,0
0,0,0,1,0,0,0,0,16,0,0,2,1,1,0
0,0,0,2,0,0,0,0,16,0,0,2,1,1,0
0,0,0,3,0,0,0,0,17,0,0,2,1,1,0
0,0,0,1,0,0,0,1,25,0,1,2,1,1,0
0,0,0,0,0,0,0,1,24,0,1,2,1,1,0
0,0,0,2,0,0,0,0,19,0,0,2,1,1,0
0,0,0,3,0,0,0,0,14,0,0,2,1,1,0
0,0,0,2,0,0,0,0,10,0,0,1,0,0,0
0,0,0,2,0,0,0,0,14,0,0,2,0,1,0
0,0,0,1,0,0,0,1,23,1,1,2,1,1,0
0,0,0,1,0,0,0,0,19,0,0,2,0,1,0
0,0,0,1,0,0,0,0,13,1,0,2,0,1,0
0,0,0,3,0,0,0,1,9,2,1,1,1,0,0
0,0,0,0,0,0,0,0,13,0,0,2,0,1,0
0,0,0,1,0,0,0,0,17,0,0,1,1,0,0
0,0,0,2,0,0,0,0,18,0,0,2,1,1,0
0,0,0,2,0,0,1,1,17,0,1,2,1,1,0
0,0,0,1,0,0,0,0,18,0,0,2,1,1,0
0,0,0,3,0,0,0,0,14,0,0,3,0,2,0
0,0,0,2,0,0,0,0,15,3,0,3,1,2,0
0,0,0,1,0,0,1,0,18,0,0,2,1,1,0
0,0,0,3,0,0,0,0,17,0,0,3,0,2,0
0,0,0,2,0,0,0,0,10,0,0,1,1,0,0
0,0,0,1,0,0,0,0,12,0,0,2,1,1,0
0,0,0,1,0,0,0,0,20,0,0,2,1,1,0
0,0,0,2,0,0,1,0,15,0,0,2,1,1,0
0,0,0,1,0,0,1,0,15,0,0,2,1,1,0
0,0,0,1,0,0,1,0,24,0,0,2,1,1,0
0,0,0,1,0,0,0,0,13,0,0,2,1,1,0
0,0,0,0,0,0,0,0,14,0,0,2,1,1,0
0,0,0,3,0,0,0,0,14,0,0,2,1,1,0
0,0,0,2,0,0,0,0,13,0,0,2,0,1,0
0,0,0,2,0,0,0,0,17,6,0,2,0,1,0
0,0,0,0,0,0,0,0,13,0,0,2,1,1,0
0,0,0,0,0,0,0,0,14,2,0,3,0,2,0
0,0,0,0,0,0,0,0,16,0,0,2,1,1,0
0,0,0,1,0,0,0,0,20,0,0,2,1,1,0
0,0,0,2,0,0,0,0,13,0,0,1,1,0,0
0,0,0,0,0,0,0,0,17,3,0,3,0,2,0
0,0,0,3,0,0,0,0,18,0,0,2,1,1,0
0,0,0,1,0,0,1,0,11,0,0,1,1,0,0
0,0,0,2,0,0,0,0,14,0,0,2,1,1,0
0,0,0,1,0,0,0,0,16,0,0,2,1,1,0
0,0,0,1,0,0,0,0,18,0,0,2,0,1,0
0,0,0,2,0,0,0,0,15,0,0,2,1,1,0
0,0,0,3,0,0,0,0,19,0,0,2,1,1,0
0,0,0,0,0,0,1,0,19,0,0,2,1,1,0
0,0,0,0,0,0,0,0,20,0,0,2,0,1,0
0,0,0,0,0,0,0,0,15,0,0,2,1,1,0
0,0,0,0,0,0,0,0,10,2,0,2,1,1,0
0,0,0,2,0,0,0,0,21,0,0,3,0,2,0
0,0,0,0,0,0,0,0,15,0,0,2,0,1,0
0,0,0,1,0,0,0,0,12,2,0,2,1,1,0
0,0,0,1,0,0,0,0,14,5,0,2,1,1,0
0,0,0,0,0,0,0,0,10,0,0,2,0,1,0
0,0,0,2,0,0,0,0,14,0,0,2,1,1,0
0,0,0,1,0,0,0,0,19,0,0,2,1,1,0
0,0,0,0,0,0,0,0,19,0,0,2,1,1,0
0,0,0,0,0,0,0,0,20,0,0,2,1,1,0
0,0,0,0,0,0,0,0,14,0,0,2,0,1,0
0,0,0,0,0,0,0,0,17,0,0,2,1,1,0
0,0,0,3,0,0,0,0,16,10,0,4,0,3,0
0,0,0,2,0,0,0,0,20,0,0,3,0,2,0
0,0,0,1,0,0,1,0,19,0,0,3,0,2,0
0,0,0,1,0,0,0,0,20,0,0,2,1,1,0
0,0,0,1,0,0,0,0,14,5,0,1,0,0,0
0,0,0,2,0,0,0,0,10,0,0,2,0,1,0
0,0,0,0,0,0,0,0,14,0,0,1,0,0,0
0,0,0,2,0,0,0,0,22,0,0,2,0,1,0
0,0,0,2,0,0,0,0,16,0,0,2,1,1,0
0,0,0,2,0,0,0,0,14,0,0,2,0,1,0
0,0,0,1,0,0,0,0,8,3,0,1,0,0,0
0,0,0,1,0,0,0,0,19,0,0,2,1,1,0
0,0,0,1,0,0,0,0,14,6,0,2,1,1,0
0,0,0,0,0,0,0,0,12,1,0,2,0,1,0
0,0,0,0,0,0,0,0,14,0,0,2,0,1,0
0,0,0,2,0,0,0,0,17,0,0,2,1,1,0
0,0,0,1,0,0,0,0,16,0,0,2,0,1,0
0,0,0,0,0,0,0,0,18,0,0,2,1,1,0
0,0,0,0,0,0,0,0,14,0,0,2,0,1,0
0,0,0,1,0,0,0,0,23,0,0,2,1,1,0
0,0,0,0,0,0,0,1,14,0,1,2,1,1,0
0,0,0,1,0,0,0,0,13,0,0,2,1,1,0
0,0,0,2,0,0,0,0,10,0,0,2,0,1,0
0,0,0,0,0,0,0,0,22,0,0,2,1,1,0
0,0,0,2,0,0,0,0,18,0,0,2,1,1,0
0,0,0,2,0,0,0,0,25,0,0,2,1,1,0
0,0,0,3,0,0,0,0,24,0,0,2,1,1,0
0,0,0,3,0,0,0,0,15,0,0,2,1,1,0
0,0,0,1,0,0,0,0,14,0,0,2,1,1,0
0,0,0,1,0,0,0,0,15,0,0,2,1,1,0
0,0,0,3,0,0,0,0,17,0,0,2,1,1,0
0,0,0,2,0,0,0,0,14,0,0,2,1,1,0
0,0,0,1,0,0,0,0,16,0,0,2,1,1,0
0,0,0,1,0,0,0,1,18,0,1,2,1,1,0
0,0,0,3,0,0,0,0,11,0,0,2,0,1,0
0,0,0,3,0,0,0,0,16,0,0,2,1,1,0
0,0,0,1,0,0,1,0,16,0,0,3,0,2,0
0,0,0,2,0,0,0,0,14,0,0,2,0,1,0
0,0,0,2,0,0,0,0,16,0,0,2,1,1,0
0,0,0,3,0,0,0,0,22,0,0,2,1,1,0
0,0,0,2,0,0,0,0,12,0,0,2,0,1,0
0,0,0,2,0,0,0,0,19,0,0,2,0,1,0
0,0,0,2,0,0,0,0,15,2,0,2,0,1,0
0,0,0,0,0,0,0,0,10,0,0,2,0,1,0
0,0,0,1,0,0,0,0,19,0,0,2,1,1,0
0,0,0,3,0,0,0,0,13,0,0,2,1,1,0
0,0,0,2,0,0,0,0,27,0,0,2,0,1,0
0,0,0,2,0,0,0,0,16,0,0,2,1,1,0
0,0,0,0,0,0,0,0,13,0,0,2,0,1,0
0,0,0,1,0,0,0,0,19,0,0,3,0,2,0
0,0,0,3,0,0,0,0,14,1,0,2,1,1,0
0,0,0,2,0,0,0,0,14,0,0,2,1,1,0
0,0,0,0,0,0,0,0,12,0,0,2,0,1,0
0,0,0,2,0,0,0,0,14,0,0,2,0,1,0
0,0,0,1,0,0,0,0,16,0,0,2,0,1,0
0,0,0,0,0,0,0,1,19,0,1,2,1,1,0
0,0,0,2,0,0,0,0,12,0,0,1,1,0,0
0,0,0,2,0,0,0,0,10,0,0,1,1,0,0
0,0,0,2,0,0,1,0,12,0,0,2,1,1,0
0,0,0,2,0,0,0,0,15,0,0,2,1,1,0
0,0,0,2,0,0,0,0,20,0,0,2,1,1,0
0,0,0,3,0,0,0,0,16,0,0,2,1,1,0
0,0,0,2,0,0,0,0,18,0,0,2,1,1,0
0,0,0,2,0,0,1,1,17,0,1,2,1,1,0
0,0,0,0,0,0,0,0,17,0,0,2,0,1,0
0,0,0,1,0,0,0,0,14,0,0,2,1,1,0
0,0,0,0,0,0,0,0,16,0,0,2,1,1,0
0,0,0,3,0,0,0,0,12,0,0,2,0,1,0
0,0,0,2,0,0,0,0,17,2,0,2,1,1,0
0,0,0,1,0,0,0,0,25,0,0,2,1,1,0
0,0,0,0,0,0,0,0,19,0,0,2,0,1,0
0,0,0,2,0,0,0,0,16,0,0,2,1,1,0
0,0,0,1,0,0,0,0,15,0,0,1,1,0,0
0,0,0,0,0,0,0,0,19,0,0,2,1,1,0
0,0,0,2,0,0,0,0,15,0,0,2,1,1,0
0,0,0,2,0,0,0,0,14,1,0,2,1,1,0
0,0,0,2,0,0,0,0,22,0,0,2,1,1,0
0,0,0,1,0,0,0,0,22,0,0,2,1,1,0
0,0,0,0,0,0,0,0,10,0,0,2,0,1,0
0,0,0,0,0,0,0,0,16,0,0,2,0,1,0
0,0,0,0,0,0,0,1,20,0,1,2,0,1,0
0,0,0,1,0,0,0,0,19,0,0,2,1,1,0
0,0,0,3,0,0,0,0,17,0,0,2,1,1,0
0,0,0,2,0,0,0,0,12,0,0,1,1,0,0
0,0,0,0,0,0,0,0,14,0,0,2,1,1,0
0,0,0,0,0,0,0,0,20,0,0,2,1,1,0
0,0,0,2,0,0,0,0,26,0,0,2,1,1,0
0,0,0,3,0,0,1,0,16,0,0,2,1,1,0
0,0,0,1,0,0,0,0,15,0,0,2,1,1,0
0,0,0,2,0,0,0,0,20,0,0,2,1,1,0
0,0,0,0,0,0,0,0,15,0,0,2,0,1,0
0,0,0,2,0,0,0,0,19,0,0,3,0,2,0
0,0,0,2,0,0,0,0,19,0,0,2,1,1,0
0,0,0,3,0,0,0,0,16,0,0,1,1,0,0
0,0,0,2,0,0,0,0,17,0,0,2,0,1,0
0,0,0,0,0,0,0,0,14,3,0,2,1,1,0
0,0,0,2,0,0,0,0,22,0,0,2,1,1,0
0,0,0,0,0,0,0,0,13,0,0,2,0,1,0
0,0,0,0,0,0,0,1,16,0,1,2,1,1,0
0,0,0,1,0,0,0,0,16,0,0,1,1,0,0
0,0,0,2,0,0,0,0,18,0,0,2,1,1,0
0,0,0,1,0,0,0,0,16,0,0,2,1,1,0
0,0,0,0,0,0,0,0,22,0,0,2,1,1,0
0,0,0,2,0,0,0,0,17,0,0,2,1,1,0
0,0,0,0,0,0,0,0,18,0,0,2,1,1,0
0,0,0,1,0,0,0,0,7,0,0,1,1,0,0
0,0,0,0,0,0,0,0,15,0,0,1,1,0,0
0,0,0,1,0,0,0,0,11,0,0,2,0,1,0
0,0,0,1,0,0,0,0,23,0,0,3,0,2,0
0,0,0,2,0,0,0,0,18,0,0,2,1,1,0
0,0,0,1,0,0,0,0,19,0,0,2,1,1,0
0,0,0,1,0,0,0,0,21,0,0,2,1,1,0
0,0,0,2,0,0,0,0,14,0,0,2,0,1,0
0,0,0,1,0,0,0,0,15,0,0,2,1,1,0
0,0,0,1,0,0,0,0,26,0,0,3,0,2,0
0,0,0,3,0,0,0,0,16,0,0,2,0,1,0
0,0,0,0,0,0,0,0,17,0,0,2,1,1,0
0,0,0,2,0,0,0,0,16,0,0,2,1,1,0
0,0,0,2,0,0,0,0,20,0,0,2,1,1,0
0,0,0,2,0,0,0,0,22,0,0,2,1,1,0
0,0,0,2,0,0,1,0,18,0,0,3,0,2,0
0,0,0,1,0,0,0,0,23,0,0,3,0,2,0
0,0,0,1,0,0,0,0,16,0,0,2,1,1,0
0,0,0,0,0,0,0,0,17,0,0,2,1,1,0
0,0,0,2,0,0,0,0,19,0,0,2,0,1,0
0,0,0,1,0,0,0,0,17,0,0,2,1,1,0
0,0,0,0,0,0,0,0,17,0,0,2,1,1,0
0,0,0,0,0,0,0,0,23,3,0,2,1,1,0
0,0,0,0,0,0,0,0,15,0,0,2,1,1,0
0,0,0,2,0,0,0,0,12,0,0,2,0,1,0
0,0,0,1,0,0,1,0,17,0,0,2,1,1,0
0,0,0,0,0,0,0,0,12,0,0,2,0,1,0
0,0,0,1,0,0,0,0,23,0,0,2,1,1,0
0,0,0,2,0,0,0,0,17,0,0,2,1,1,0
0,0,0,2,0,0,0,1,22,0,1,2,0,1,0
0,0,0,2,0,0,0,1,14,0,1,2,0,1,0
0,0,0,2,0,0,0,0,17,0,0,2,1,1,0
0,0,0,1,0,0,0,0,12,0,0,2,1,1,0
0,0,0,2,0,0,0,0,14,0,0,2,1,1,0
0,0,0,2,0,0,1,0,17,0,0,2,1,1,0
0,0,0,2,0,0,0,0,12,0,0,2,0,1,0
0,0,0,3,0,0,0,1,19,0,1,2,1,1,0
0,0,0,0,0,0,0,0,17,0,0,2,1,1,0
0,0,0,3,0,0,0,0,12,0,0,2,0,1,0
0,0,0,1,0,0,0,0,14,0,0,2,1,1,0
0,0,0,0,0,0,0,0,17,0,0,2,1,1,0
0,0,0,2,0,0,0,1,26,0,1,2,0,1,0
0,0,0,0,0,0,0,0,13,0,0,2,1,1,0
0,0,0,0,0,0,0,0,18,0,0,2,1,1,0
0,0,0,1,0,0,0,0,10,0,0,2,0,1,0
0,0,0,0,0,0,0,0,15,0,0,2,1,1,0
0,0,0,2,0,0,0,0,15,0,0,2,0,1,0
0,0,0,2,0,0,0,0,15,0,0,2,1,1,0
0,0,0,0,0,0,0,0,14,3,0,2,0,1,0
0,0,0,0,0,0,0,0,16,0,0,2,1,1,0
0,0,0,3,0,0,0,0,18,0,0,2,1,1,0
0,0,0,1,0,0,0,0,16,0,0,2,1,1,0
0,0,0,2,0,0,0,0,16,0,0,2,1,1,0
0,0,0,2,0,0,0,0,14,0,0,2,1,1,0
0,0,0,0,0,0,0,0,27,0,0,2,1,1,0
0,0,0,1,0,0,0,0,28,0,0,2,1,1,0
0,0,0,0,0,0,0,0,26,0,0,2,1,1,0
0,0,0,3,0,0,0,0,12,0,0,1,1,0,0
0,0,0,1,0,0,0,0,19,0,0,2,1,1,0
0,0,0,1,0,0,0,0,19,0,0,2,1,1,0
0,0,0,1,0,0,0,0,19,0,0,2,1,1,0
0,0,0,1,0,0,0,0,16,0,0,2,1,1,0
0,0,0,2,0,0,0,0,20,0,0,2,1,1,0
0,0,0,2,0,0,0,0,26,0,0,2,1,1,0
0,0,0,0,0,0,0,0,14,0,0,2,1,1,0
0,0,0,1,0,0,0,0,12,0,0,1,0,0,0
0,0,0,1,0,0,0,0,11,0,0,2,1,1,0
0,0,0,0,0,0,1,0,17,0,0,3,1,2,0
0,0,0,2,0,0,1,0,10,0,0,1,1,0,0
0,0,0,1,0,0,0,1,15,0,1,2,1,1,0
0,0,0,2,0,0,0,0,18,0,0,2,0,1,0
0,0,0,1,0,0,0,0,15,0,0,2,1,1,0
0,0,0,2,0,0,0,0,13,3,0,2,1,1,0
0,0,0,3,0,0,0,1,18,0,1,3,0,2,0
0,0,0,0,0,0,0,0,20,0,0,2,1,1,0
0,0,0,1,0,0,0,0,14,2,0,2,0,1,0
0,0,0,1,0,0,1,0,16,0,0,2,1,1,0
0,0,0,1,0,0,0,0,17,3,0,2,1,1,0
0,0,1,1,0,0,1,1,32,0,1,2,1,1,0
0,0,0,1,0,0,0,0,15,0,0,2,1,1,0
0,0,0,0,0,0,0,0,9,0,0,1,1,0,0
0,0,0,2,0,0,0,0,11,0,0,2,1,1,0
0,0,0,2,0,0,1,0,14,0,0,2,1,1,0
0,0,0,1,0,0,0,0,15,0,0,2,1,1,0
0,0,0,2,0,0,0,0,14,0,0,3,0,2,0
0,0,0,1,0,0,0,0,19,0,0,2,0,1,0
0,0,0,2,0,0,0,0,16,0,0,2,1,1,0
0,0,0,1,0,0,0,0,15,0,0,2,1,1,0
0,0,0,2,0,0,0,0,9,0,0,1,1,0,0
0,0,0,2,0,0,0,0,17,0,0,2,1,1,0
0,0,0,1,0,0,0,0,13,0,0,1,1,0,0
0,0,0,0,0,0,0,0,17,0,0,2,1,1,0
0,0,0,0,0,0,1,0,16,0,0,2,1,1,0
0,0,0,2,0,0,1,0,16,0,0,2,1,1,0
0,0,0,2,0,0,0,0,18,0,0,3,0,2,0
0,0,0,2,0,0,0,0,13,0,0,1,1,0,0
0,0,0,2,0,0,0,0,16,0,0,2,1,1,0
0,0,0,0,0,0,0,0,23,0,0,2,1,1,0
0,0,0,2,0,0,0,0,8,0,0,1,1,0,0
0,0,0,1,0,0,0,0,16,0,0,2,0,1,0
0,0,0,2,0,0,0,0,17,0,0,2,1,1,0
0,0,0,1,0,0,0,0,17,2,0,2,1,1,0
0,0,0,0,0,0,0,0,22,0,0,2,1,1,0
0,0,0,2,0,0,0,0,14,0,0,2,1,1,0
0,0,0,2,0,0,0,0,17,0,0,2,1,1,0
0,0,0,2,0,0,0,0,25,0,0,2,1,1,0
0,0,0,2,0,0,0,0,18,0,0,2,1,1,0
0,0,0,2,0,0,0,0,15,0,0,2,1,1,0
0,0,0,0,0,0,0,0,18,0,0,2,1,1,0
0,0,0,1,0,0,0,1,24,0,1,2,1,1,0
0,0,0,2,0,0,0,0,22,0,0,3,0,2,0
0,0,0,2,0,0,0,0,15,0,0,2,0,1,0
0,0,0,1,0,0,0,0,12,0,0,2,1,1,0
0,0,0,0,0,0,0,0,19,0,0,2,1,1,0
0,0,0,3,0,0,0,0,13,0,0,3,0,2,0
0,0,0,1,0,0,0,0,14,0,0,2,1,1,0
0,0,0,2,0,0,0,0,21,0,0,2,0,1,0
0,0,0,1,0,0,0,0,12,0,0,1,1,0,0
0,0,0,3,0,0,0,0,15,0,0,2,1,1,0
0,0,0,1,0,0,0,0,17,0,0,2,0,1,0
0,0,0,1,0,0,0,0,16,0,0,2,1,1,0
0,0,0,0,0,0,1,0,15,0,0,2,1,1,0
0,0,0,2,0,0,0,0,16,0,0,2,1,1,0
0,0,0,2,0,0,0,0,19,0,0,2,1,1,0
0,0,0,1,0,0,1,0,18,0,0,2,1,1,0
0,0,0,2,0,0,0,0,18,0,0,3,0,2,0
0,0,0,2,0,0,1,0,19,0,0,2,1,1,0
0,0,0,1,0,0,0,0,18,0,0,2,1,1,0
0,0,0,1,0,0,0,0,15,0,0,2,1,1,0
0,0,0,2,0,0,0,0,7,0,0,1,0,0,0
0,0,0,2,0,0,0,0,12,0,0,2,1,1,0
0,0,0,0,0,0,0,0,12,0,0,2,1,1,0
0,0,0,2,0,0,0,0,28,0,0,2,1,1,0
0,0,0,2,0,0,0,0,22,0,0,2,1,1,0
0,0,0,0,0,0,0,0,13,0,0,2,1,1,0
0,0,0,2,0,0,0,0,15,0,0,1,1,0,0
0,0,0,2,0,0,0,0,16,0,0,2,0,1,0
0,0,0,2,0,0,0,0,16,0,0,2,1,1,0
0,0,0,2,0,0,0,0,21,1,0,2,1,1,0
0,0,0,1,0,0,0,0,21,0,0,2,1,1,0
0,0,0,2,0,0,1,0,19,0,0,2,1,1,0
0,0,0,0,0,0,0,0,18,0,0,2,1,1,0
0,0,0,0,0,0,0,0,25,0,0,2,1,1,0
0,0,0,0,0,0,0,0,16,0,0,2,0,1,0
0,0,0,1,0,0,0,0,12,0,0,2,0,1,0
0,0,0,0,0,0,0,0,14,0,0,2,0,1,0
0,0,0,2,0,0,0,0,21,0,0,1,1,0,0
0,0,0,0,0,0,0,0,16,0,0,2,1,1,0
0,0,0,2,0,0,0,0,21,0,0,2,1,1,0
0,0,0,0,0,0,0,0,14,0,0,1,1,0,0
0,0,0,1,0,0,0,0,14,0,0,2,0,1,0
0,0,0,1,0,0,0,0,19,1,0,3,0,2,0
0,0,0,2,0,0,0,0,22,0,0,2,1,1,0
0,0,0,0,0,0,0,0,27,3,0,2,1,1,0
0,0,0,1,0,0,0,0,17,0,0,3,0,2,0
0,0,0,3,0,0,0,0,17,0,0,3,0,2,0
0,0,0,0,0,0,0,0,13,0,0,2,0,1,0
0,0,0,1,0,0,0,0,19,1,0,2,1,1,0
0,0,0,2,0,0,0,0,10,0,0,1,0,0,0
0,0,0,1,0,0,0,0,23,0,0,2,1,1,0
0,0,0,3,0,0,0,0,17,0,0,2,1,1,0
0,0,0,0,0,0,0,0,22,2,0,2,1,1,0
0,0,0,1,0,0,0,0,13,0,0,2,0,1,0
0,0,0,1,0,0,0,0,15,0,0,2,1,1,0
0,0,0,2,0,0,0,0,14,0,0,2,1,1,0
0,0,0,2,0,0,0,0,15,0,0,2,0,1,0
0,0,0,1,0,0,0,1,16,0,1,2,0,1,0
0,0,0,1,0,0,0,0,14,0,0,2,1,1,0
0,0,0,3,0,0,0,0,24,0,0,2,1,1,0
0,0,0,1,0,0,0,0,13,0,0,2,1,1,0
0,0,0,1,0,0,0,0,18,0,0,2,1,1,0
0,0,0,1,0,0,0,0,15,0,0,2,1,1,0
0,0,0,2,0,0,0,0,16,0,0,2,1,1,0
0,0,0,1,0,0,0,0,22,0,0,2,1,1,0
0,0,0,3,0,0,0,0,14,3,0,2,1,1,0
0,0,0,1,0,0,0,0,18,1,0,2,1,1,0
0,0,0,2,0,0,0,0,24,0,0,2,1,1,0
0,0,0,2,0,0,0,0,23,0,0,2,1,1,0
0,0,0,2,0,0,0,0,18,0,0,2,1,1,0
0,0,0,3,0,0,0,0,21,0,0,2,1,1,0
0,0,0,3,0,0,0,0,17,0,0,2,1,1,0
0,0,0,2,0,0,0,0,18,0,0,2,1,1,0
0,0,0,2,0,0,1,0,13,0,0,1,1,0,0
0,0,0,3,0,0,0,0,12,0,0,1,1,0,0
0,0,0,1,0,0,1,0,16,0,0,2,1,1,0
0,0,0,1,0,0,0,0,15,0,0,2,0,1,0
0,0,0,2,0,0,0,0,10,0,0,2,0,1,0
0,0,0,2,0,0,0,1,14,0,1,2,0,1,0
0,0,0,2,0,0,0,0,17,0,0,2,1,1,0
0,0,0,2,0,0,0,0,16,0,0,2,1,1,0
0,0,0,0,0,0,0,0,16,0,0,2,1,1,0
0,0,0,1,0,0,0,0,16,0,0,2,1,1,0
0,0,0,0,0,0,0,0,19,0,0,2,1,1,0
0,0,0,2,0,0,0,0,14,0,0,2,0,1,0
0,0,0,0,0,0,0,0,13,0,0,2,0,1,0
0,0,0,0,0,0,0,0,13,0,0,2,0,1,0
0,0,0,0,0,0,0,0,18,0,0,2,1,1,0
0,0,0,2,0,0,0,0,23,0,0,2,0,1,0
0,0,0,1,0,0,0,0,17,0,0,3,0,2,0
0,0,0,2,0,0,0,0,24,0,0,2,1,1,0
0,0,0,0,0,0,0,0,20,0,0,2,1,1,0
0,0,0,2,0,0,0,0,19,0,0,2,1,1,0
0,0,0,0,0,0,0,0,18,0,0,2,1,1,0
0,0,0,2,0,0,0,1,14,0,1,2,1,1,0
0,0,0,2,0,0,0,0,13,2,0,2,0,1,0
0,0,0,1,0,0,0,0,17,0,0,2,1,1,0
0,0,0,1,0,0,1,0,19,0,0,2,1,1,0
0,0,0,1,0,0,0,0,20,0,0,2,1,1,0
0,0,0,2,0,0,1,0,12,0,0,1,1,0,0
0,0,0,1,0,0,0,0,23,0,0,2,1,1,0
0,0,0,0,0,0,0,0,19,0,0,2,1,1,0
0,0,0,1,0,0,0,0,9,0,0,1,0,0,0
0,0,0,0,0,0,0,0,18,0,0,2,0,1,0
0,0,0,0,0,0,0,0,14,0,0,2,0,1,0
0,0,0,1,0,0,0,0,26,0,0,2,1,1,0
0,0,0,2,0,0,0,0,24,0,0,2,1,1,0
0,0,0,2,0,0,0,0,14,0,0,1,1,0,0
0,0,1,3,0,0,0,0,27,0,0,2,0,1,0
0,0,0,0,0,0,0,0,16,0,0,1,1,0,0
0,0,0,3,0,0,0,0,14,0,0,2,1,1,0
0,0,0,1,0,0,0,0,16,0,0,2,1,1,0
0,0,0,2,0,0,0,0,12,0,0,2,0,1,0
0,0,0,2,0,0,0,0,14,0,0,2,0,1,0
0,0,0,2,0,0,0,0,14,0,0,2,0,1,0
0,0,0,3,0,0,0,0,20,0,0,2,1,1,0
0,0,0,0,0,0,0,0,12,0,0,2,1,1,0
0,0,0,1,0,0,0,0,18,0,0,2,1,1,0
0,0,0,1,0,0,0,0,14,1,0,2,1,1,0
0,0,0,2,0,0,0,0,19,0,0,2,1,1,0
0,0,0,2,0,0,0,0,19,0,0,2,0,1,0
0,0,0,1,0,0,0,0,17,0,0,2,0,1,0
0,0,0,0,0,0,0,0,15,1,0,2,1,1,0
0,0,0,2,0,0,0,0,14,0,0,2,1,1,0
0,0,0,1,0,0,0,0,22,0,0,2,1,1,0
0,0,0,3,0,0,0,0,16,0,0,2,1,1,0
0,0,0,2,0,0,0,0,10,0,0,2,0,1,0
0,0,0,3,0,0,1,0,17,0,0,2,1,1,0
0,0,0,0,0,0,0,0,15,0,0,3,0,2,0
0,0,0,2,0,0,0,0,22,0,0,2,1,1,0
0,0,0,2,0,0,0,0,15,0,0,2,1,1,0
0,0,0,0,0,0,0,0,16,0,0,2,1,1,0
0,0,0,1,0,0,0,0,18,1,0,2,1,1,0
0,0,0,2,0,0,1,0,7,0,0,1,1,0,0
0,0,0,0,0,0,1,0,21,0,0,3,0,2,0
0,0,0,1,0,0,0,0,20,0,0,2,0,1,0
0,0,0,2,0,0,0,0,19,0,0,3,0,2,0
0,0,0,0,0,0,0,0,24,0,0,2,1,1,0
0,0,0,2,0,0,0,0,13,0,0,2,1,1,0
0,0,0,2,0,0,0,0,18,0,0,3,0,2,0
0,0,0,2,0,0,0,0,12,0,0,2,0,1,0
0,0,0,3,0,0,0,0,19,0,0,2,1,1,0
0,0,0,0,0,0,0,0,23,0,0,2,1,1,0
0,0,0,1,0,0,0,0,15,0,0,2,0,1,0
0,0,0,2,0,0,0,0,21,0,0,2,1,1,0
0,0,0,2,0,0,0,0,21,0,0,2,1,1,0
0,0,0,1,0,0,0,0,12,0,0,2,0,1,0
0,0,0,3,0,0,0,0,14,0,0,2,1,1,0
0,0,0,2,0,0,0,0,15,0,0,2,0,1,0
0,0,0,2,0,0,0,1,21,0,1,2,1,1,0
0,0,0,1,0,0,0,0,17,0,0,2,1,1,0
0,0,0,2,0,0,0,0,15,0,0,2,1,1,0
0,0,0,1,0,0,0,0,25,0,0,3,0,2,0
0,0,0,2,0,0,0,0,13,0,0,2,0,1,0
0,0,0,2,0,0,0,0,18,0,0,2,1,1,0
0,0,0,2,0,0,1,0,21,1,0,2,1,1,0
0,0,0,3,0,0,0,0,13,0,0,2,0,1,0
0,0,0,0,0,0,0,0,15,0,0,2,1,1,0
0,0,0,1,0,0,0,0,14,0,0,1,1,0,0
0,0,0,0,0,0,0,0,16,0,0,2,1,1,0
0,0,0,2,0,0,0,0,17,0,0,2,1,1,0
0,0,0,2,0,0,0,0,14,0,0,2,1,1,0
0,0,0,1,0,0,0,0,15,0,0,2,1,1,0
0,0,0,1,0,0,0,0,15,0,0,2,1,1,0
0,0,0,3,0,0,0,0,20,0,0,3,0,2,0
0,0,0,0,0,0,0,0,11,0,0,2,0,1,0
0,0,0,1,0,0,0,0,19,0,0,2,1,1,0
0,0,0,0,0,0,0,0,21,0,0,3,0,2,0
0,0,0,2,0,0,0,0,15,0,0,2,1,1,0
0,0,0,2,0,0,0,1,27,0,1,2,1,1,0
0,0,0,1,0,0,0,0,13,0,0,1,1,0,0
0,0,0,0,0,0,1,0,20,0,0,2,1,1,0
0,0,0,3,0,0,0,0,20,0,0,2,1,1,0
0,0,0,2,0,0,0,0,13,0,0,2,0,1,0
0,0,0,1,0,0,0,0,19,0,0,2,1,1,0
0,0,0,1,0,0,1,0,19,0,0,2,1,1,0
0,0,0,2,0,0,0,0,19,0,0,2,1,1,0
0,0,0,1,0,0,0,0,11,0,0,2,0,1,0
0,0,0,1,0,0,0,0,17,0,0,3,0,2,0
0,0,0,2,0,0,0,0,18,0,0,2,1,1,0
0,0,0,0,0,0,0,0,18,0,0,2,1,1,0
0,0,0,0,0,0,0,0,23,0,0,2,1,1,0
0,0,0,1,0,0,0,0,14,0,0,2,1,1,0
0,0,0,1,0,0,0,0,17,0,0,1,1,0,0
0,0,0,2,0,0,1,0,12,0,0,1,1,0,0
0,0,0,2,0,0,0,0,15,0,0,2,1,1,0
0,0,0,0,0,0,0,0,22,0,0,2,1,1,0
0,0,0,1,0,0,0,0,23,0,0,2,1,1,0
0,0,0,2,0,0,1,0,16,0,0,2,1,1,0
0,0,0,1,0,0,0,0,18,0,0,2,1,1,0
0,0,0,2,0,0,0,0,14,0,0,2,1,1,0
0,0,0,2,0,0,1,0,14,0,0,2,1,1,0
0,0,0,2,0,0,0,0,21,0,0,2,1,1,0
0,0,0,1,0,0,0,0,17,0,0,2,1,1,0
0,0,0,2,0,0,0,0,11,0,0,2,1,1,0
0,0,0,3,0,0,0,0,19,1,0,2,0,1,0
0,0,0,2,0,0,0,0,17,0,0,2,1,1,0
0,0,0,1,0,0,0,0,22,0,0,2,1,1,0
0,0,0,1,0,0,0,0,14,0,0,2,0,1,0
0,0,0,0,0,0,0,0,16,0,0,2,1,1,0
0,0,0,1,0,0,0,0,14,0,0,2,1,1,0
0,0,0,2,0,0,0,0,10,2,0,1,1,0,0
0,0,0,2,0,0,0,0,15,1,0,2,0,1,0
0,0,0,1,0,0,0,0,12,0,0,1,1,0,0
0,0,0,1,0,0,0,0,16,0,0,2,1,1,0
0,0,0,2,0,0,0,0,33,0,0,2,1,1,0
0,0,0,1,0,0,0,0,27,0,0,2,1,1,0
0,0,0,0,0,0,0,0,14,0,0,2,1,1,0
0,0,0,2,0,0,0,0,12,0,0,2,0,1,0
0,0,0,2,0,0,1,0,23,0,0,2,1,1,0
0,0,0,2,0,0,0,0,23,0,0,2,1,1,0
0,0,0,3,0,0,0,0,21,2,0,2,1,1,0
0,0,0,0,0,0,1,0,16,0,0,2,1,1,0
0,0,0,0,0,0,0,0,14,0,0,2,0,1,0
0,0,0,2,0,0,0,0,12,0,0,2,1,1,0
0,0,0,0,0,0,0,1,18,0,1,3,0,2,0
0,0,0,2,0,0,0,0,11,0,0,1,1,0,0
0,0,0,1,0,0,1,0,22,0,0,3,0,2,0
0,0,0,2,0,0,0,0,13,1,0,3,0,2,0
0,0,0,1,0,0,0,0,13,0,0,1,1,0,0
0,0,0,2,0,0,0,0,12,0,0,2,1,1,0
0,0,0,0,0,0,0,0,20,0,0,2,1,1,0
0,0,0,2,0,0,0,0,18,0,0,2,1,1,0
0,0,0,2,0,0,0,0,17,0,0,2,1,1,0
0,0,0,0,0,0,0,0,13,0,0,2,0,1,0
0,0,0,0,0,0,0,0,16,0,0,2,1,1,0
0,0,0,2,0,0,0,0,20,0,0,2,1,1,0
0,0,0,0,0,0,0,0,15,0,0,2,1,1,0
0,0,0,2,0,0,0,0,21,0,0,2,1,1,0
0,0,0,1,0,0,0,0,18,0,0,2,1,1,0
0,0,0,0,0,0,0,0,6,0,0,1,0,0,0
0,0,0,2,0,0,0,0,8,0,0,1,0,0,0
0,0,0,1,0,0,0,0,16,0,0,2,1,1,0
0,0,0,3,0,0,0,0,18,0,0,2,0,1,0
0,0,0,1,0,0,0,0,17,0,0,2,0,1,0
0,0,0,0,0,0,0,0,13,0,0,2,1,1,0
0,0,0,0,0,0,0,0,13,0,0,1,1,0,0
0,0,0,2,0,0,0,0,12,0,0,2,1,1,0
0,0,1,3,0,0,0,0,25,0,0,2,1,1,0
0,0,0,2,0,0,0,0,14,0,0,1,1,0,0
0,0,0,0,0,0,0,0,16,1,0,2,1,1,0
0,0,0,3,0,0,1,0,12,0,0,2,1,1,0
0,0,0,3,0,0,0,0,21,0,0,2,1,1,0
0,0,0,2,0,0,1,0,18,0,0,2,1,1,0
0,0,0,0,0,0,0,0,13,1,0,2,1,1,0
0,0,0,0,0,0,0,0,10,0,0,2,0,1,0
0,0,0,2,0,0,0,0,14,0,0,2,1,1,0
0,0,0,1,0,0,0,0,18,0,0,2,1,1,0
0,0,0,3,0,0,0,0,23,0,0,2,1,1,0
0,0,0,1,0,0,0,0,12,0,0,1,1,0,0
0,0,0,0,0,0,0,0,13,0,0,2,0,1,0
0,0,0,0,0,0,0,0,14,0,0,2,1,1,0
0,0,0,3,0,0,0,0,12,0,0,2,0,1,0
0,0,0,2,0,0,0,0,26,0,0,2,1,1,0
0,0,0,0,0,0,0,0,14,0,0,1,1,0,0
0,0,0,0,0,0,0,1,21,0,1,2,1,1,0
0,0,0,0,0,0,0,0,15,2,0,2,1,1,0
0,0,0,2,0,0,0,0,16,0,0,2,0,1,0
0,0,0,1,0,0,0,0,20,0,0,2,1,1,0
0,0,0,2,0,0,1,0,10,0,0,1,1,0,0
0,0,0,2,0,0,0,0,17,0,0,2,1,1,0
0,0,0,1,0,0,0,0,16,0,0,2,1,1,0
0,0,0,2,0,0,0,0,16,0,0,2,1,1,0
0,0,0,2,0,0,0,0,12,0,0,2,1,1,0
0,0,0,0,0,0,0,0,17,0,0,2,1,1,0
0,0,0,1,0,0,0,0,16,0,0,2,0,1,0
0,0,0,1,0,0,0,0,16,0,0,2,1,1,0
0,0,0,2,0,0,1,0,13,0,0,2,1,1,0
0,0,0,2,0,0,0,0,12,0,0,2,0,1,0
0,0,0,2,0,0,0,0,18,0,0,3,0,2,0
0,0,0,1,0,0,0,0,16,0,0,2,0,1,0
0,0,0,2,0,0,0,0,18,0,0,2,1,1,0
0,0,0,2,0,0,0,0,13,0,0,2,0,1,0
0,0,0,2,0,0,0,0,11,0,0,2,1,1,0
0,0,0,0,0,0,0,0,12,0,0,2,1,1,0
0,0,0,3,0,0,0,0,20,0,0,2,1,1,0
0,0,0,2,0,0,0,0,18,0,0,2,1,1,0
0,0,0,0,0,0,0,0,18,0,0,2,0,1,0
0,0,0,1,0,0,0,0,17,0,0,2,1,1,0
0,0,0,1,0,0,0,0,21,0,0,2,0,1,0
0,0,0,2,0,0,0,0,14,0,0,2,1,1,0
0,0,0,0,0,0,0,0,14,0,0,2,1,1,0
0,0,0,1,0,0,0,0,21,0,0,2,1,1,0
0,0,0,1,0,0,0,0,9,0,0,1,1,0,0
0,0,0,2,0,0,0,0,15,0,0,3,0,2,0
0,0,0,0,0,0,0,0,18,0,0,2,0,1,0
0,0,0,0,0,0,0,0,11,0,0,2,0,1,0
0,0,0,1,0,0,0,0,17,0,0,2,1,1,0
0,0,0,3,0,0,0,0,19,0,0,2,1,1,0
0,0,0,0,0,0,0,0,22,0,0,2,1,1,0
0,0,0,1,0,0,0,0,12,0,0,1,1,0,0
0,0,0,3,0,0,0,0,15,0,0,2,0,1,0
0,0,0,0,0,0,0,0,15,0,0,2,1,1,0
0,0,0,3,0,0,0,0,17,0,0,2,1,1,0
0,0,0,0,0,0,0,0,21,0,0,2,1,1,0
0,0,0,1,0,0,0,0,20,0,0,2,0,1,0
0,0,0,1,0,0,0,0,16,0,0,2,1,1,0
0,0,0,2,0,0,0,0,21,0,0,2,1,1,0
0,0,0,1,0,0,0,0,13,0,0,1,1,0,0
0,0,0,2,0,0,0,0,10,0,0,1,0,0,0
0,0,0,0,0,0,0,0,18,0,0,2,1,1,0
0,0,0,2,0,0,0,0,22,0,0,3,0,2,0
0,0,0,2,0,0,0,0,14,3,0,2,1,1,0
0,0,0,0,0,0,0,1,17,0,1,2,0,1,0
0,0,0,2,0,0,0,0,18,2,0,2,0,1,0
0,0,0,3,0,0,0,0,20,0,0,2,0,1,0
0,0,0,0,0,0,0,0,20,0,0,1,1,0,0
0,0,0,3,0,0,0,0,18,0,0,2,1,1,0
0,0,0,2,0,0,0,0,21,0,0,2,1,1,0
0,0,0,3,0,0,0,0,19,0,0,2,1,1,0
0,0,0,2,0,0,0,1,17,0,1,2,0,1,0
0,0,0,1,0,0,0,0,14,0,0,2,0,1,0
0,0,0,3,0,0,0,1,15,3,1,2,0,1,0
0,0,0,1,0,0,0,0,13,0,0,3,0,2,0
0,0,0,0,0,0,0,0,13,0,0,3,0,2,0
0,0,0,1,0,0,0,0,18,1,0,2,1,1,0
0,0,0,1,0,0,0,0,17,0,0,2,0,1,0
0,0,0,1,0,0,1,0,15,0,0,2,1,1,0
0,0,0,2,0,0,0,0,22,0,0,2,0,1,0
0,0,0,0,0,0,0,0,18,0,0,2,1,1,0
0,0,0,1,0,0,0,0,21,0,0,2,1,1,0
0,0,0,1,0,0,0,0,28,0,0,2,1,1,0
0,0,0,2,0,0,1,0,18,0,0,3,0,2,0
0,0,0,0,0,0,0,0,14,0,0,1,1,0,0
0,0,0,2,0,0,0,0,19,0,0,2,1,1,0
0,0,0,1,0,0,0,0,17,0,0,3,0,2,0
0,0,0,2,0,0,0,0,15,0,0,2,1,1,0
0,0,0,0,0,0,0,0,14,5,0,2,1,1,0
0,0,0,0,0,0,0,0,13,0,0,2,1,1,0
0,0,0,0,0,0,0,0,13,0,0,2,0,1,0
0,0,0,2,0,0,0,0,23,1,0,2,1,1,0
0,0,0,1,0,0,0,0,20,0,0,2,1,1,0
0,0,0,0,0,0,0,0,17,0,0,3,0,2,0
0,0,0,0,0,0,0,0,15,0,0,2,1,1,0
0,0,0,2,0,0,0,0,22,0,0,2,1,1,0
0,0,0,2,0,0,1,1,16,0,1,2,1,1,0
0,0,0,2,0,0,0,0,19,0,0,2,1,1,0
0,0,0,1,0,0,0,0,14,0,0,2,1,1,0
0,0,0,1,0,0,0,0,21,0,0,2,1,1,0
0,0,0,1,0,0,0,0,19,0,0,2,1,1,0
0,0,0,1,0,0,0,0,14,0,0,2,1,1,0
0,0,0,2,0,0,1,0,24,0,0,2,1,1,0
0,0,0,1,0,0,0,0,18,0,0,1,1,0,0
0,0,0,0,0,0,0,0,13,0,0,2,1,1,0
0,0,0,2,0,0,0,0,14,0,0,2,1,1,0
0,0,0,2,0,0,0,0,20,0,0,2,1,1,0
0,0,0,0,0,0,0,0,17,0,0,2,1,1,0
0,0,0,1,0,0,0,0,20,0,0,2,1,1,0
0,0,0,1,0,0,0,0,23,0,0,3,0,2,0
0,0,0,0,0,0,0,0,14,0,0,2,1,1,0
0,0,0,2,0,0,0,0,20,0,0,2,1,1,0
0,0,0,2,0,0,0,0,14,0,0,1,1,0,0
0,0,0,2,0,0,0,0,13,0,0,2,1,1,0
0,0,0,0,0,0,0,0,12,2,0,2,0,1,0
0,0,0,2,0,0,0,0,27,0,0,2,1,1,0
0,0,0,2,0,0,0,0,11,0,0,2,1,1,0
0,0,0,1,0,0,0,0,13,0,0,2,1,1,0
0,0,0,2,0,0,0,0,10,0,0,2,1,1,0
0,0,0,2,0,0,0,0,11,0,0,2,0,1,0
0,0,0,0,0,0,0,0,15,0,0,2,1,1,0
0,0,0,1,0,0,0,0,21,0,0,2,1,1,0
0,0,0,0,0,0,0,0,16,0,0,2,1,1,0
0,0,0,2,0,0,0,0,34,0,0,2,1,1,0
0,0,0,2,0,0,0,0,21,0,0,2,0,1,0
0,0,0,2,0,0,0,0,14,0,0,2,0,1,0
0,0,0,1,0,0,1,0,22,0,0,2,1,1,0
0,0,0,0,0,0,0,0,13,0,0,2,1,1,0
0,0,0,2,0,0,0,0,16,0,0,2,1,1,0
0,0,0,1,0,0,0,0,12,0,0,1,1,0,0
0,0,0,2,0,0,0,0,11,0,0,2,0,1,0
0,0,0,0,0,0,0,0,11,0,0,1,1,0,0
0,0,0,1,0,0,0,0,18,0,0,2,1,1,0
0,0,0,2,0,0,0,0,18,0,0,2,1,1,0
0,0,0,2,0,0,0,0,16,0,0,2,1,1,0
0,0,0,1,0,0,0,0,18,2,0,2,0,1,0
0,0,0,2,0,0,0,0,15,0,0,2,1,1,0
0,0,0,1,0,0,0,0,17,0,0,1,0,0,0
0,0,0,0,0,0,0,0,15,0,0,2,0,1,0
0,0,0,1,0,0,0,0,22,0,0,2,1,1,0
0,0,0,2,0,0,0,0,17,0,0,2,1,1,0
0,0,0,2,0,0,0,0,14,0,0,3,0,2,0
0,0,0,2,0,0,0,0,19,0,0,2,1,1,0
0,0,0,2,0,0,0,0,17,0,0,2,1,1,0
0,0,0,2,0,0,0,0,8,0,0,1,1,0,0
0,0,0,2,0,0,0,0,14,1,0,2,1,1,0
0,0,0,2,0,0,0,0,16,0,0,2,1,1,0
0,0,0,1,0,0,0,1,22,0,1,2,1,1,0
0,0,0,2,0,0,0,0,13,0,0,2,1,1,0
0,0,0,1,0,0,0,0,21,0,0,2,1,1,0
0,0,0,1,0,0,0,0,21,0,0,2,1,1,0
0,0,0,1,0,0,0,0,17,0,0,2,1,1,0
0,0,0,2,0,0,0,0,16,0,0,2,1,1,0
0,0,0,1,0,0,0,0,17,0,0,2,1,1,0
0,0,0,3,0,0,0,0,17,0,0,2,1,1,0
0,0,0,0,0,0,0,0,17,0,0,2,0,1,0
0,0,0,2,0,0,0,0,19,0,0,2,1,1,0
0,0,0,0,0,0,0,0,17,0,0,2,1,1,0
0,0,0,2,0,0,0,0,16,0,0,2,1,1,0
0,0,0,1,0,0,0,0,15,0,0,2,0,1,0
0,0,0,3,0,0,0,0,14,0,0,3,0,2,0
0,0,0,2,0,0,0,0,13,0,0,2,0,1,0
0,0,0,2,0,0,0,0,23,0,0,2,1,1,0
0,0,0,3,0,0,0,0,11,0,0,2,1,1,0
0,0,0,1,0,0,0,0,12,0,0,2,1,1,0
0,0,0,1,0,0,0,0,13,0,0,2,0,1,0
0,0,0,2,0,0,0,0,19,0,0,2,1,1,0
0,0,0,0,0,0,0,0,21,0,0,2,1,1,0
0,0,0,3,0,0,0,0,20,0,0,2,1,1,0
0,0,0,2,0,0,0,0,18,0,0,2,1,1,0
0,0,0,2,0,0,0,0,12,0,0,2,1,1,0
0,0,0,1,0,0,0,0,16,0,0,2,1,1,0
0,0,0,2,0,0,0,0,17,0,0,2,1,1,0
0,0,0,1,0,0,0,0,9,0,0,1,1,0,0
0,0,0,3,0,0,0,0,24,0,0,2,1,1,0
0,0,0,2,0,0,0,0,19,0,0,3,0,2,0
0,0,0,0,0,0,0,0,16,0,0,2,1,1,0
0,0,0,0,0,0,0,0,15,0,0,2,1,1,0
0,0,0,0,0,0,0,0,15,0,0,2,1,1,0
0,0,0,0,0,0,0,0,11,0,0,2,1,1,0
0,0,0,2,0,0,0,0,17,0,0,2,1,1,0
0,0,0,3,0,0,0,0,15,0,0,2,0,1,0
0,0,0,2,0,0,0,0,16,0,0,3,0,2,0
0,0,0,3,0,0,0,0,14,0,0,2,0,1,0
0,0,0,1,0,0,0,0,16,0,0,2,1,1,0
0,0,0,0,0,0,0,0,16,0,0,2,1,1,0
0,0,0,2,0,0,0,0,17,0,0,2,0,1,0
0,0,0,2,0,0,0,0,15,0,0,2,1,1,0
0,0,0,0,0,0,0,0,19,0,0,2,1,1,0
0,0,0,0,0,0,0,0,11,0,0,1,1,0,0
0,0,0,2,0,0,0,0,21,0,0,2,0,1,0
0,0,0,2,0,0,0,0,16,0,0,2,1,1,0
0,0,0,1,0,0,0,0,18,0,0,2,1,1,0
0,0,0,1,0,0,0,1,19,0,1,2,0,1,0
0,0,0,2,0,0,0,0,14,0,0,2,1,1,0
0,0,0,0,0,0,0,0,20,0,0,2,1,1,0
0,0,0,0,0,0,0,0,12,0,0,2,1,1,0
0,0,0,2,0,0,0,1,17,0,1,2,1,1,0
0,0,0,2,0,0,0,0,16,3,0,2,0,1,0
0,0,0,2,0,0,0,0,22,0,0,2,1,1,0
0,0,0,1,0,0,0,0,15,0,0,2,1,1,0
0,0,0,2,0,0,0,0,24,0,0,2,0,1,0
0,0,0,0,0,0,1,0,15,0,0,3,1,2,0
0,0,0,1,0,0,0,0,15,0,0,2,1,1,0
0,0,0,2,0,0,0,0,15,0,0,2,1,1,0
0,0,0,2,0,0,0,0,16,0,0,1,1,0,0
0,0,0,2,0,0,0,0,16,0,0,2,1,1,0
0,0,0,2,0,0,1,0,17,0,0,2,1,1,0
0,0,0,1,0,0,0,0,21,0,0,2,1,1,0
0,0,0,3,0,0,1,0,15,0,0,2,1,1,0
0,0,0,1,0,0,0,0,17,0,0,2,0,1,0
0,0,0,0,0,0,0,0,15,0,0,3,0,2,0
0,0,0,3,0,0,0,0,15,0,0,2,0,1,0
0,0,0,1,0,0,0,0,22,1,0,2,1,1,0
0,0,0,2,0,0,0,0,16,0,0,3,0,2,0
0,0,0,0,0,0,0,0,24,0,0,2,1,1,0
0,0,0,1,0,0,1,0,22,0,0,2,1,1,0
0,0,0,0,0,0,0,0,20,0,0,2,1,1,0
0,0,0,1,0,0,0,0,15,0,0,2,0,1,0
0,0,0,2,0,0,0,0,18,0,0,2,0,1,0
0,0,0,1,0,0,0,0,17,0,0,2,1,1,0
0,0,0,1,0,0,1,0,16,0,0,2,1,1,0
0,0,0,0,0,0,0,0,20,0,0,3,0,2,0
0,0,0,1,0,0,0,0,18,0,0,2,1,1,0
0,0,0,0,0,0,0,0,19,0,0,2,1,1,0
0,0,0,2,0,0,0,0,14,0,0,2,1,1,0
0,0,0,1,0,0,0,0,15,0,0,2,1,1,0
0,0,0,2,0,0,0,0,17,0,0,1,1,0,0
0,0,0,2,0,0,0,0,13,0,0,1,1,0,0
0,0,0,1,0,0,0,0,18,0,0,3,0,2,0
0,0,0,2,0,0,0,0,16,0,0,1,1,0,0
0,0,0,2,0,0,0,0,14,0,0,1,0,0,0
0,0,0,1,0,0,0,0,14,0,0,2,0,1,0
0,0,0,3,0,0,0,0,15,0,0,2,0,1,0
0,0,0,2,0,0,0,0,20,0,0,2,1,1,0
0,0,0,2,0,0,0,0,21,0,0,2,1,1,0
0,0,0,0,0,0,0,0,21,0,0,2,1,1,0
0,0,0,2,0,0,0,0,19,0,0,2,1,1,0
0,0,0,2,0,0,0,0,25,0,0,2,1,1,0
0,0,0,0,0,0,0,1,20,0,1,2,0,1,0
0,0,0,1,0,0,0,0,14,0,0,2,1,1,0
0,0,0,2,0,0,0,0,20,0,0,2,0,1,0
0,0,0,1,0,0,0,0,13,0,0,2,1,1,0
0,0,0,2,0,0,0,0,23,0,0,3,0,2,0
0,0,0,2,0,0,0,0,20,0,0,2,1,1,0
0,0,0,1,0,0,0,0,19,0,0,2,1,1,0
0,0,0,2,0,0,0,0,15,0,0,2,1,1,0
0,0,0,2,0,0,0,0,12,2,0,2,1,1,0
0,0,0,3,0,0,0,0,6,1,0,1,0,0,0
0,0,0,2,0,0,1,0,13,0,0,2,1,1,0
0,0,0,1,0,0,1,0,21,0,0,2,1,1,0
0,0,0,0,0,0,0,0,13,0,0,2,1,1,0
0,0,0,1,0,0,0,0,10,0,0,1,1,0,0
0,0,0,2,0,0,0,0,18,0,0,2,1,1,0
0,0,0,1,0,0,0,0,19,0,0,2,1,1,0
0,0,0,1,0,0,0,0,17,0,0,2,0,1,0
0,0,0,1,0,0,0,0,15,0,0,2,1,1,0
0,0,0,1,0,0,0,0,27,0,0,3,0,2,0
0,0,0,1,0,0,0,0,18,0,0,2,0,1,0
0,0,0,1,0,0,0,0,24,0,0,2,1,1,0
0,0,0,2,0,0,0,0,23,0,0,3,0,2,0
0,0,0,0,0,0,0,0,17,0,0,2,1,1,0
0,0,0,0,0,0,0,0,14,0,0,3,0,2,0
0,0,0,2,0,0,0,0,17,0,0,2,1,1,0
0,0,0,1,0,0,0,0,13,0,0,2,1,1,0
0,0,0,0,0,0,0,0,30,0,0,2,1,1,0
0,0,0,1,0,0,0,0,25,0,0,2,1,1,0
0,0,0,3,0,0,0,0,16,0,0,2,1,1,0
0,0,0,1,0,0,0,0,16,1,0,2,1,1,0
0,0,0,2,0,0,0,1,21,0,1,2,0,1,0
0,0,0,1,0,0,1,0,18,0,0,2,1,1,0
0,0,0,1,0,0,0,0,14,2,0,2,0,1,0
0,0,0,2,0,0,0,0,18,0,0,2,1,1,0
0,0,0,3,0,0,0,0,20,0,0,2,1,1,0
0,0,0,2,0,0,0,0,22,2,0,2,1,1,0
0,0,0,2,0,0,0,0,12,0,0,2,0,1,0
0,0,0,0,0,0,1,0,21,0,0,2,1,1,0
0,0,0,0,0,0,0,1,14,0,1,2,1,1,0
0,0,0,3,0,0,0,0,15,0,0,2,1,1,0
0,0,0,2,0,0,0,0,16,0,0,3,0,2,0
0,0,0,3,0,0,0,0,13,0,0,2,1,1,0
0,0,0,1,0,0,0,0,13,0,0,2,1,1,0
0,0,0,2,0,0,0,0,20,0,0,2,1,1,0
0,0,0,2,0,0,0,0,17,0,0,2,1,1,0
0,0,0,1,0,0,0,0,15,0,0,2,1,1,0
0,0,0,2,0,0,0,0,12,0,0,2,0,1,0
0,0,0,3,0,0,0,0,19,0,0,2,1,1,0
0,0,0,0,0,0,0,0,12,1,0,2,1,1,0
0,0,0,1,0,0,0,0,14,0,0,2,1,1,0
0,0,0,1,0,0,0,0,16,0,0,3,0,2,0
0,0,0,0,0,0,0,0,28,0,0,2,1,1,0
0,0,0,2,0,0,0,0,19,0,0,2,1,1,0
0,0,0,2,0,0,0,0,17,0,0,2,0,1,0
0,0,0,3,0,0,0,0,15,0,0,2,1,1,0
0,0,0,3,0,0,0,0,21,0,0,3,0,2,0
0,0,0,1,0,0,0,0,13,1,0,2,0,1,0
0,0,0,1,0,0,0,0,10,0,0,1,1,0,0
0,0,0,1,0,0,0,0,11,0,0,2,1,1,0
0,0,0,0,0,0,0,0,24,0,0,2,1,1,0
0,0,0,2,0,0,0,0,12,0,0,2,1,1,0
0,0,0,1,0,0,0,0,21,0,0,2,1,1,0
0,0,0,1,0,0,0,0,16,0,0,2,1,1,0
0,0,0,1,0,0,0,0,23,0,0,2,1,1,0
0,0,0,2,0,0,1,0,16,0,0,2,1,1,0
0,0,0,2,0,0,0,0,23,0,0,2,1,1,0
0,0,0,2,0,0,0,0,15,0,0,3,0,2,0
0,0,0,0,0,0,0,0,18,0,0,2,0,1,0
0,0,0,3,0,0,0,0,18,0,0,1,1,0,0
0,0,0,2,0,0,0,0,12,0,0,2,0,1,0
0,0,0,2,0,0,0,0,16,0,0,2,1,1,0
0,0,0,0,0,0,0,0,13,0,0,2,1,1,0
0,0,0,1,0,0,0,0,23,0,0,2,1,1,0
0,0,1,2,0,0,0,1,29,0,2,2,1,1,0
0,0,0,1,0,0,0,0,13,0,0,2,0,1,0
0,0,0,3,0,0,0,0,19,0,0,2,1,1,0
0,0,0,1,0,0,0,0,13,0,0,2,0,1,0
0,0,0,2,0,0,0,0,12,2,0,2,1,1,0
0,0,0,3,0,0,0,0,23,0,0,3,0,2,0
0,0,0,2,0,0,0,0,12,3,0,2,1,1,0
0,0,0,0,0,0,0,0,19,0,0,2,1,1,0
0,0,0,0,0,0,0,0,15,0,0,1,1,0,0
0,0,0,0,0,0,0,0,13,0,0,2,1,1,0
0,0,1,3,0,0,0,1,27,0,1,2,1,1,0
0,0,0,0,0,0,0,0,16,0,0,3,0,2,0
0,0,0,1,0,0,0,0,18,0,0,2,1,1,0
0,0,0,0,0,0,0,0,18,0,0,2,1,1,0
0,0,0,1,0,0,1,0,14,0,0,2,1,1,0
0,0,0,1,0,0,0,1,15,0,1,1,1,0,0
0,0,0,3,0,0,0,0,24,0,0,2,1,1,0
0,0,0,1,0,0,0,0,14,1,0,2,1,1,0
0,0,0,0,0,0,0,0,19,0,0,2,1,1,0
0,0,0,0,0,0,0,0,10,0,0,2,0,1,0
0,0,0,3,0,0,0,0,17,0,0,2,0,1,0
0,0,0,0,0,0,0,0,11,0,0,1,0,0,0
0,0,0,2,0,0,0,0,11,0,0,2,0,1,0
0,0,0,0,0,0,0,0,17,0,0,2,1,1,0
0,0,0,3,0,0,0,0,12,0,0,2,1,1,0
0,0,0,2,0,0,0,0,9,0,0,2,0,1,0
0,0,0,2,0,0,0,0,17,0,0,2,0,1,0
0,0,0,2,0,0,0,0,19,0,0,2,1,1,0
0,0,0,1,0,0,0,0,10,0,0,1,0,0,0
0,0,0,2,0,0,0,0,14,1,0,2,1,1,0
0,0,0,0,0,0,0,0,10,4,0,2,0,1,0
0,0,0,2,0,0,1,0,20,0,0,2,1,1,0
0,0,0,3,0,0,0,0,20,0,0,2,1,1,0
0,0,0,3,0,0,0,1,16,0,1,2,1,1,0
0,0,0,1,0,0,0,0,22,0,0,2,1,1,0
0,0,0,2,0,0,0,0,21,0,0,2,1,1,0
0,0,0,2,0,0,0,0,14,0,0,2,1,1,0
0,0,0,2,0,0,0,0,15,0,0,2,0,1,0
0,0,0,1,0,0,0,0,14,0,0,2,1,1,0
0,0,0,0,0,0,0,0,14,3,0,2,0,1,0
0,0,0,3,0,0,0,0,18,0,0,2,1,1,0
0,0,0,2,0,0,0,0,19,0,0,2,1,1,0
0,0,0,2,0,0,0,0,14,0,0,2,1,1,0
0,0,0,2,0,0,0,0,14,0,0,2,0,1,0
0,0,0,3,0,0,1,0,12,0,0,1,1,0,0
0,0,0,2,0,0,0,0,14,0,0,2,0,1,0
0,0,0,2,0,0,0,0,20,0,0,2,0,1,0
0,0,0,0,0,0,0,0,15,0,0,2,1,1,0
0,0,0,2,0,0,0,0,15,0,0,2,1,1,0
0,0,0,0,0,0,0,0,16,0,0,2,1,1,0
0,0,0,2,0,0,0,0,13,0,0,2,1,1,0
0,0,0,1,0,0,0,0,20,0,0,2,1,1,0
0,0,0,2,0,0,0,0,15,0,0,2,0,1,0
0,0,0,0,0,0,0,0,9,0,0,2,1,1,0
0,0,0,3,0,0,0,0,13,0,0,2,1,1,0
0,0,0,2,0,0,0,0,12,0,0,2,0,1,0
0,0,0,2,0,0,1,0,15,0,0,2,1,1,0
0,0,0,0,0,0,0,0,14,0,0,2,0,1,0
0,0,0,1,0,0,0,0,16,0,0,3,0,2,0
0,0,0,1,0,0,0,0,20,0,0,2,1,1,0
0,0,0,1,0,0,1,0,28,0,0,2,1,1,0
0,0,0,2,0,0,1,0,10,0,0,2,0,1,0
0,0,0,2,0,0,0,0,24,0,0,3,0,2,0
0,0,0,0,0,0,0,0,15,0,0,2,0,1,0
0,0,0,1,0,0,0,0,17,0,0,2,1,1,0
0,0,0,2,0,0,0,0,15,0,0,2,1,1,0
0,0,0,2,0,0,0,0,11,0,0,2,0,1,0
0,0,0,1,0,0,0,1,16,0,1,2,1,1,0
0,0,0,2,0,0,0,0,16,0,0,2,0,1,0
0,0,0,2,0,0,0,0,12,0,0,2,0,1,0
0,0,0,0,0,0,0,0,11,0,0,2,0,1,0
0,0,0,3,0,0,0,0,19,0,0,2,1,1,0
0,0,0,3,0,0,0,1,22,0,1,2,1,1,0
0,0,0,0,0,0,0,0,12,0,0,2,0,1,0
0,0,0,2,0,0,1,0,16,0,0,3,0,2,0
0,0,0,1,0,0,0,0,12,0,0,2,0,1,0
0,0,0,2,0,0,0,0,13,0,0,2,1,1,0
0,0,0,0,0,0,0,0,15,0,0,3,0,2,0
0,0,0,2,0,0,0,0,14,0,0,2,1,1,0
0,0,0,2,0,0,1,0,18,0,0,2,1,1,0
0,0,0,1,0,0,0,0,14,0,0,3,0,2,0
0,0,0,3,0,0,0,0,23,0,0,3,0,2,0
0,0,0,0,0,0,0,0,16,0,0,2,1,1,0
0,0,0,0,0,0,0,0,22,0,0,2,1,1,0
0,0,0,1,0,0,0,0,12,0,0,2,0,1,0
0,0,0,2,0,0,0,0,15,0,0,2,0,1,0
0,0,0,2,0,0,0,0,31,0,0,2,1,1,0
0,0,0,2,0,0,0,0,15,2,0,2,1,1,0
0,0,0,1,0,0,0,0,16,0,0,2,1,1,0
0,0,0,2,0,0,0,0,15,0,0,2,0,1,0
0,0,0,2,0,0,0,0,9,1,0,2,0,1,0
0,0,0,2,0,0,1,0,27,0,0,2,1,1,0
0,0,0,1,0,0,0,0,14,2,0,2,1,1,0
0,0,0,2,0,0,1,0,12,0,0,2,1,1,0
0,0,0,2,0,0,1,0,13,0,0,2,1,1,0
0,0,0,1,0,0,1,0,14,0,0,2,1,1,0
0,0,0,2,0,0,0,0,14,0,0,2,1,1,0
0,0,0,2,0,0,0,0,13,0,0,1,1,0,0
0,0,0,1,0,0,1,1,17,0,1,2,1,1,0
0,0,0,2,0,0,0,0,18,0,0,2,1,1,0
0,0,0,0,0,0,0,0,19,0,0,2,1,1,0
0,0,0,1,0,0,0,0,20,0,0,3,0,2,0
0,0,0,0,0,0,0,0,20,0,0,2,1,1,0
0,0,0,2,0,0,0,0,15,0,0,2,1,1,0
0,0,0,0,0,0,1,0,20,0,0,2,1,1,0
0,0,0,2,0,0,0,0,6,0,0,1,1,0,0
0,0,0,2,0,0,0,0,24,0,0,2,1,1,0
0,0,0,0,0,0,0,0,16,0,0,2,0,1,0
0,0,0,2,0,0,0,0,16,0,0,2,0,1,0
0,0,0,2,0,0,0,0,10,0,0,2,0,1,0
0,0,0,1,0,0,0,0,9,0,0,1,0,0,0
0,0,0,1,0,0,0,0,13,0,0,2,1,1,0
0,0,0,2,0,0,0,0,15,0,0,2,1,1,0
0,0,0,2,0,0,0,0,21,0,0,2,1,1,0
0,0,0,3,0,0,0,0,12,1,0,3,0,2,0
0,0,0,2,0,0,0,0,13,0,0,2,0,1,0
0,0,0,1,0,0,0,0,20,0,0,2,1,1,0
0,0,0,2,0,0,0,0,20,0,0,2,0,1,0
0,0,0,0,0,0,0,0,16,0,0,2,1,1,0
0,0,0,1,0,0,0,0,12,0,0,2,0,1,0
0,0,0,1,0,0,0,0,20,0,0,3,0,2,0
0,0,0,0,0,0,0,0,15,0,0,2,1,1,0
0,0,0,2,0,0,0,0,16,0,0,2,1,1,0
0,0,0,3,0,0,0,0,11,0,0,2,1,1,0
0,0,0,2,0,0,1,0,19,0,0,2,1,1,0
0,0,0,2,0,0,0,0,13,0,0,2,0,1,0
0,0,0,2,0,0,0,0,17,0,0,2,1,1,0
0,0,0,1,0,0,0,0,14,0,0,2,1,1,0
0,0,0,0,0,0,1,0,13,0,0,2,1,1,0
0,0,0,1,0,0,0,0,14,0,0,2,1,1,0
0,0,0,2,0,0,0,0,10,0,0,2,0,1,0
0,0,0,1,0,0,0,0,13,0,0,3,0,2,0
0,0,0,2,0,0,0,0,10,0,0,2,0,1,0
0,0,0,2,0,0,0,0,9,0,0,1,1,0,0
0,0,0,0,0,0,0,0,14,0,0,2,1,1,0
0,0,0,2,0,0,0,0,14,0,0,2,1,1,0
0,0,0,3,0,0,0,0,18,0,0,2,1,1,0
0,0,0,2,0,0,0,0,14,0,0,2,0,1,0
0,0,0,2,0,0,0,0,14,0,0,2,0,1,0
0,0,0,1,0,0,0,0,13,0,0,2,1,1,0
0,0,0,3,0,0,0,0,19,0,0,2,1,1,0
0,0,0,3,0,0,0,0,10,0,0,2,0,1,0
0,0,0,2,0,0,0,0,12,1,0,2,1,1,0
0,0,0,2,0,0,0,0,16,0,0,2,1,1,0
0,0,0,2,0,0,0,0,21,0,0,2,1,1,0
0,0,0,2,0,0,1,0,15,0,0,2,1,1,0
0,0,0,1,0,0,0,0,16,0,0,2,1,1,0
0,0,0,1,0,0,0,0,16,0,0,3,0,2,0
0,0,0,2,0,0,0,0,23,0,0,2,1,1,0
0,0,0,2,0,0,0,0,14,0,0,2,0,1,0
0,0,0,0,0,0,0,0,17,0,0,2,1,1,0
0,0,0,3,0,0,0,0,16,2,0,2,1,1,0
0,0,0,1,0,0,0,0,19,0,0,2,0,1,0
0,0,0,2,0,0,0,0,7,4,0,1,0,0,0
0,0,0,2,0,0,0,0,14,0,0,2,1,1,0
0,0,0,1,0,0,0,0,23,0,0,2,1,1,0
0,0,0,2,0,0,0,0,20,0,0,3,0,2,0
0,0,0,3,0,0,0,0,11,0,0,2,1,1,0
0,0,0,1,0,0,0,0,22,1,0,2,1,1,0
0,0,0,1,0,0,0,0,12,0,0,1,1,0,0
0,0,0,2,0,0,0,0,14,0,0,2,1,1,0
0,0,0,1,0,0,0,1,13,0,1,2,1,1,0
0,0,0,2,0,0,1,0,8,0,0,1,1,0,0
0,0,0,2,0,0,0,0,19,0,0,2,0,1,0
0,0,0,2,0,0,0,0,11,0,0,2,0,1,0
0,0,0,2,0,0,0,0,17,0,0,2,1,1,0
0,0,0,2,0,0,0,0,18,0,0,1,0,0,0
0,0,0,0,0,0,0,0,15,0,0,2,1,1,0
0,0,0,2,0,0,0,0,12,0,0,2,0,1,0
0,0,0,0,0,0,0,0,19,0,0,2,1,1,0
0,0,0,1,0,0,0,0,12,0,0,2,0,1,0
0,0,0,2,0,0,0,0,16,0,0,2,0,1,0
0,0,0,2,0,0,0,1,10,0,1,1,0,0,0
0,0,0,2,0,0,0,0,17,0,0,2,1,1,0
0,0,0,1,0,0,0,0,14,2,0,3,0,2,0
0,0,0,2,0,0,0,0,14,0,0,2,0,1,0
0,0,0,0,0,0,0,0,17,0,0,2,1,1,0
0,0,0,0,0,0,0,0,17,0,0,3,0,2,0
0,0,0,1,0,0,0,0,19,0,0,2,1,1,0
0,0,0,1,0,0,0,0,16,0,0,2,1,1,0
0,0,0,3,0,0,0,0,22,0,0,2,1,1,0
0,0,0,0,0,0,0,0,14,0,0,2,0,1,0
0,0,0,0,0,0,0,0,21,0,0,2,1,1,0
0,0,0,0,0,0,0,0,20,0,0,2,1,1,0
0,0,0,1,0,0,0,0,18,0,0,2,1,1,0
0,0,0,2,0,0,0,0,15,0,0,2,1,1,0
0,0,0,2,0,0,0,0,18,0,0,1,1,0,0
0,0,0,1,0,0,0,0,15,0,0,2,0,1,0
0,0,0,2,0,0,0,0,19,0,0,3,0,2,0
0,0,0,0,0,0,0,0,19,0,0,3,0,2,0
0,0,0,3,0,0,0,0,12,0,0,2,1,1,0
0,0,0,0,0,0,0,0,13,0,0,1,1,0,0
0,0,0,2,0,0,0,0,18,0,0,2,1,1,0
0,0,0,1,0,0,0,0,11,0,0,2,0,1,0
0,0,0,1,0,0,0,0,13,0,0,2,1,1,0
0,0,0,0,0,0,0,0,15,0,0,2,1,1,0
0,0,0,2,0,0,0,1,17,0,1,3,0,2,0
0,0,0,2,0,0,0,0,17,0,0,2,1,1,0
0,0,0,1,0,0,0,0,15,0,0,2,1,1,0
0,0,0,1,0,0,0,0,12,0,0,1,0,0,0
0,0,0,2,0,0,0,1,15,0,1,2,1,1,0
0,0,0,0,0,0,0,0,23,0,0,2,1,1,0
0,0,0,2,0,0,0,0,21,0,0,2,1,1,0
0,0,0,0,0,0,0,0,17,0,0,2,1,1,0
0,0,0,2,0,0,0,0,12,0,0,2,0,1,0
0,0,0,0,0,0,0,0,15,0,0,2,1,1,0
0,0,0,1,0,0,0,0,21,0,0,2,1,1,0
0,0,0,1,0,0,0,0,19,0,0,2,1,1,0
0,0,0,2,0,0,0,0,19,0,0,2,1,1,0
0,0,0,1,0,0,0,0,13,0,0,1,1,0,0
0,0,0,1,0,0,0,0,9,1,0,1,1,0,0
0,0,0,2,0,0,0,0,18,0,0,2,1,1,0
0,0,0,1,0,0,0,0,10,0,0,2,1,1,0
0,0,0,1,0,0,0,0,12,0,0,2,0,1,0
0,0,0,1,0,0,0,0,12,0,0,2,0,1,0
0,0,0,3,0,0,0,0,7,0,0,1,1,0,0
0,0,0,1,0,0,0,0,18,0,0,2,1,1,0
0,0,0,1,0,0,0,0,19,0,0,2,1,1,0
0,0,0,2,0,0,0,0,15,1,0,2,0,1,0
0,0,0,1,0,0,0,0,14,0,0,2,0,1,0
0,0,0,1,0,0,0,0,18,0,0,2,0,1,0
0,0,0,1,0,0,0,0,15,0,0,3,0,2,0
0,0,0,1,0,0,0,0,19,0,0,2,0,1,0
0,0,0,1,0,0,0,0,14,0,0,2,0,1,0
0,0,0,2,0,0,0,0,15,0,0,2,1,1,0
0,0,0,2,0,0,0,0,26,0,0,2,1,1,0
0,0,0,2,0,0,0,0,18,0,0,2,0,1,0
0,0,0,2,0,0,0,0,12,0,0,2,0,1,0
0,0,0,0,0,0,0,0,13,0,0,2,0,1,0
0,0,0,3,0,0,0,0,14,0,0,2,1,1,0
0,0,0,2,0,0,0,0,15,0,0,3,0,2,0
0,0,0,1,0,0,0,0,18,0,0,2,1,1,0
0,0,0,2,0,0,0,0,14,1,0,2,0,1,0
0,0,0,1,0,0,0,0,18,0,0,2,1,1,0
0,0,1,2,0,0,1,0,32,0,0,2,1,1,0
0,0,0,1,0,0,0,0,10,2,0,2,0,1,0
0,0,0,2,0,0,0,1,18,0,1,2,1,1,0
0,0,0,1,0,0,1,0,21,0,0,2,1,1,0
0,0,0,2,0,0,1,0,19,0,0,2,1,1,0
0,0,0,0,0,0,0,0,11,0,0,2,0,1,0
0,0,0,2,0,0,0,0,19,0,0,2,0,1,0
0,0,0,2,0,0,0,0,16,0,0,3,0,2,0
0,0,0,2,0,0,0,0,15,0,0,2,0,1,0
0,0,0,2,0,0,0,0,14,0,0,3,0,2,0
0,0,0,2,0,0,0,0,17,0,0,2,0,1,0
0,0,0,2,0,0,0,0,19,0,0,3,0,2,0
0,0,0,2,0,0,1,0,10,0,0,1,1,0,0
0,0,0,2,0,0,0,1,14,0,1,2,0,1,0
0,0,0,1,0,0,0,0,9,1,0,1,1,0,0
0,0,0,2,0,0,0,0,18,0,0,2,1,1,0
0,0,0,2,0,0,0,0,19,0,0,2,1,1,0
0,0,0,1,0,0,0,0,13,0,0,2,0,1,0
0,0,0,1,0,0,0,0,25,0,0,2,1,1,0
0,0,0,2,0,0,0,0,21,0,0,2,1,1,0
0,0,0,1,0,0,0,0,14,0,0,2,0,1,0
0,0,0,2,0,0,0,0,12,0,0,1,1,0,0
0,0,0,2,0,0,0,0,19,0,0,3,0,2,0
0,0,0,2,0,0,0,0,25,0,0,2,0,1,0
0,0,0,3,0,0,0,1,19,0,1,2,1,1,0
0,0,0,1,0,0,0,0,14,0,0,2,0,1,0
0,0,0,2,0,0,0,0,19,0,0,2,1,1,0
0,0,0,2,0,0,0,0,31,0,0,3,0,2,0
0,0,0,3,0,0,0,0,21,0,0,2,1,1,0
0,0,0,0,0,0,0,0,15,0,0,2,0,1,0
0,0,0,2,0,0,0,0,22,0,0,2,1,1,0
0,0,1,3,0,0,0,0,27,3,0,2,1,1,0
0,0,0,1,0,0,0,1,17,0,1,2,1,1,0
0,0,0,3,0,0,0,0,17,0,0,2,1,1,0
0,0,0,0,0,0,0,0,20,0,0,2,1,1,0
0,0,0,2,0,0,0,0,17,0,0,2,1,1,0
0,0,0,1,0,0,1,0,22,0,0,2,1,1,0
0,0,0,2,0,0,0,0,10,0,0,2,0,1,0
0,0,0,2,0,0,0,0,16,0,0,3,0,2,0
0,0,0,1,0,0,0,0,13,0,0,2,1,1,0
0,0,0,0,0,0,0,0,18,0,0,2,0,1,0
0,0,0,1,0,0,0,0,15,0,0,2,1,1,0
0,0,0,2,0,0,1,0,15,0,0,2,1,1,0
0,0,0,3,0,0,0,0,16,0,0,2,0,1,0
0,0,0,2,0,0,0,0,11,0,0,2,1,1,0
0,0,0,1,0,0,0,0,12,0,0,1,0,0,0
0,0,0,1,0,0,0,1,19,0,1,2,1,1,0
0,0,0,1,0,0,0,0,16,0,0,2,1,1,0
0,0,0,1,0,0,0,0,15,0,0,3,0,2,0
0,0,0,1,0,0,0,0,11,2,0,2,1,1,0
0,0,0,0,0,0,0,0,17,0,0,2,0,1,0
0,0,0,1,0,0,0,0,9,0,0,2,0,1,0
0,0,0,2,0,0,0,0,13,0,0,2,1,1,0
0,0,0,2,0,0,0,0,12,0,0,1,1,0,0
0,0,0,2,0,0,0,0,18,0,0,2,0,1,0
0,0,0,2,0,0,0,0,14,0,0,2,1,1,0
0,0,0,3,0,0,0,0,11,0,0,2,0,1,0
0,0,0,2,0,0,0,0,14,0,0,2,1,1,0
0,0,0,2,0,0,0,1,16,0,1,2,1,1,0
0,0,0,0,0,0,0,0,15,0,0,2,1,1,0
0,0,0,1,0,0,0,0,25,0,0,2,1,1,0
0,0,0,1,0,0,0,0,15,0,0,2,1,1,0
0,0,0,2,0,0,0,0,16,0,0,2,0,1,0
0,0,0,3,0,0,0,0,15,0,0,2,0,1,0
0,0,0,3,0,0,0,0,19,0,0,2,1,1,0
0,0,0,0,0,0,1,0,18,0,0,2,1,1,0
0,0,0,2,0,0,0,0,17,0,0,2,1,1,0
0,0,0,0,0,0,0,0,16,0,0,3,0,2,0
0,0,0,2,0,0,1,0,15,0,0,2,1,1,0
0,0,0,1,0,0,0,0,12,0,0,2,0,1,0
0,0,0,2,0,0,0,0,21,0,0,3,0,2,0
0,0,0,2,0,0,0,0,25,0,0,3,0,2,0
0,0,0,2,0,0,0,0,9,0,0,1,0,0,0
0,0,0,3,0,0,0,0,21,0,0,2,0,1,0
0,0,0,1,0,0,0,0,17,0,0,2,1,1,0
0,0,0,2,0,0,0,0,13,0,0,2,1,1,0
0,0,0,0,0,0,0,0,12,0,0,2,1,1,0
0,0,0,1,0,0,0,0,12,3,0,2,1,1,0
0,0,0,0,0,0,0,0,15,0,0,2,1,1,0
0,0,0,3,0,0,0,0,21,0,0,2,1,1,0
0,0,0,3,0,0,0,0,14,0,0,2,1,1,0
0,0,0,1,0,0,0,0,17,0,0,2,0,1,0
0,0,0,3,0,0,0,0,16,0,0,2,0,1,0
0,0,0,0,0,0,0,0,14,3,0,2,1,1,0
0,0,0,3,0,0,1,0,21,0,0,2,1,1,0
0,0,0,1,0,0,0,0,15,0,0,2,0,1,0
0,0,0,2,0,0,0,0,12,0,0,2,0,1,0
0,0,0,2,0,0,0,0,17,3,0,3,0,2,0
0,0,0,2,0,0,0,0,16,0,0,2,1,1,0
0,0,0,3,0,0,0,0,10,0,0,2,0,1,0
0,0,0,1,0,0,0,0,13,0,0,1,1,0,0
0,0,0,1,0,0,0,0,23,0,0,3,0,2,0
0,0,0,2,0,0,0,0,10,0,0,2,0,1,0
0,0,0,2,0,0,0,0,21,0,0,3,0,2,0
0,0,0,2,0,0,0,0,6,0,0,1,1,0,0
0,0,0,3,0,0,1,0,16,0,0,2,1,1,0
0,0,0,1,0,0,0,0,9,0,0,2,0,1,0
0,0,0,1,0,0,0,0,16,0,0,2,1,1,0
0,0,0,2,0,0,0,0,16,0,0,2,0,1,0
0,0,0,2,0,0,0,0,14,0,0,2,1,1,0
0,0,0,2,0,0,0,0,22,0,0,3,0,2,0
0,0,0,2,0,0,0,1,25,0,1,2,1,1,0
0,0,0,0,0,0,0,0,18,0,0,2,1,1,0
0,0,0,3,0,0,0,0,19,0,0,3,0,2,0
0,0,0,3,0,0,0,0,15,1,0,2,1,1,0
0,0,0,1,0,0,0,0,15,0,0,2,0,1,0
0,0,0,2,0,0,0,0,8,1,0,1,1,0,0
0,0,0,1,0,0,0,0,22,0,0,2,1,1,0
0,0,0,2,0,0,0,0,17,2,0,2,1,1,0
0,0,0,2,0,0,0,0,20,2,0,2,1,1,0
0,0,0,0,0,0,0,0,17,0,0,2,0,1,0
0,0,0,1,0,0,0,0,14,0,0,2,1,1,0
0,0,0,0,0,0,0,0,20,0,0,1,1,0,0
0,0,0,2,0,0,0,0,12,1,0,2,1,1,0
0,0,0,0,0,0,0,0,17,0,0,2,1,1,0
0,0,0,2,0,0,0,0,15,0,0,2,1,1,0
0,0,0,3,0,0,0,0,18,0,0,2,1,1,0
0,0,0,1,0,0,0,0,25,0,0,2,1,1,0
0,0,0,2,0,0,0,0,10,0,0,1,1,0,0
0,0,0,1,0,0,0,1,25,0,1,2,1,1,0
0,0,0,2,0,0,0,1,15,0,1,2,1,1,0
0,0,0,0,0,0,0,0,17,0,0,2,1,1,0
0,0,0,2,0,0,0,0,11,0,0,2,0,1,0
0,0,0,0,0,0,0,0,22,0,0,2,1,1,0
0,0,0,0,0,0,0,0,14,2,0,2,1,1,0
0,0,0,0,0,0,0,0,18,0,0,2,0,1,0
0,0,0,3,0,0,0,0,16,0,0,2,1,1,0
0,0,0,1,0,0,0,0,15,3,0,2,1,1,0
0,0,0,2,0,0,0,0,20,0,0,2,1,1,0
0,0,0,1,0,0,0,0,16,0,0,2,1,1,0
0,0,0,2,0,0,1,0,16,0,0,2,1,1,0
0,0,0,1,0,0,0,0,15,0,0,2,0,1,0
0,0,0,2,0,0,0,0,18,0,0,2,1,1,0
0,0,0,1,0,0,0,0,19,0,0,2,1,1,0
0,0,0,2,0,0,0,0,15,0,0,2,1,1,0
0,0,0,0,0,0,0,0,16,0,0,2,1,1,0
0,0,0,2,0,0,0,0,20,0,0,2,1,1,0
0,0,0,0,0,0,0,0,18,0,0,2,1,1,0
0,0,0,2,0,0,0,0,22,0,0,2,1,1,0
0,0,0,3,0,0,0,0,19,0,0,2,0,1,0
0,0,0,0,0,0,0,0,16,0,0,2,1,1,0
0,0,0,1,0,0,0,0,20,0,0,2,0,1,0
0,0,0,3,0,0,0,0,15,0,0,3,0,2,0
0,0,0,1,0,0,0,0,12,0,0,2,0,1,0
0,0,0,0,0,0,0,0,15,0,0,2,1,1,0
0,0,0,0,0,0,0,0,16,0,0,2,1,1,0
0,0,0,2,0,0,0,0,11,0,0,2,0,1,0
0,0,0,1,0,0,0,0,16,0,0,2,1,1,0
0,0,0,2,0,0,0,0,14,0,0,2,1,1,0
0,0,0,1,0,0,0,0,16,0,0,2,1,1,0
0,0,0,2,0,0,0,0,12,0,0,1,0,0,0
0,0,0,2,0,0,0,0,15,0,0,2,0,1,0
0,0,0,3,0,0,0,0,15,2,0,2,1,1,0
0,0,0,1,0,0,0,0,20,0,0,2,1,1,0
0,0,0,2,0,0,0,0,17,0,0,2,1,1,0
0,0,0,2,0,0,0,0,10,0,0,1,0,0,0
0,0,0,1,0,0,0,0,17,0,0,2,1,1,0
0,0,0,1,0,0,0,0,13,0,0,2,0,1,0
0,0,0,3,0,0,0,0,19,0,0,1,1,0,0
0,0,0,0,0,0,0,0,19,0,0,2,1,1,0
0,0,0,1,0,0,0,1,27,0,2,2,0,1,0
0,0,0,1,0,0,0,0,17,0,0,2,1,1,0
0,0,0,2,0,0,0,0,11,0,0,2,1,1,0
0,0,0,0,0,0,0,0,17,0,0,2,1,1,0
0,0,0,1,0,0,0,0,19,0,0,3,0,2,0
0,0,0,2,0,0,0,0,9,0,0,2,0,1,0
0,0,0,0,0,0,0,0,17,0,0,3,0,2,0
0,0,0,1,0,0,0,1,14,2,1,2,1,1,0
0,0,0,2,0,0,0,0,18,0,0,2,0,1,0
0,0,0,3,0,0,0,1,15,0,1,2,0,1,0
0,0,0,2,0,0,0,0,19,0,0,2,1,1,0
0,0,0,3,0,0,0,0,15,0,0,2,1,1,0
0,0,0,2,0,0,1,0,24,0,0,2,1,1,0
0,0,0,2,0,0,0,0,21,0,0,1,1,0,0
0,0,0,2,0,0,0,0,18,0,0,2,1,1,0
0,0,0,2,0,0,0,0,19,0,0,2,1,1,0
0,0,0,2,0,0,0,0,15,0,0,2,1,1,0
0,0,0,1,0,0,0,0,14,0,0,2,0,1,0
0,0,0,1,0,0,0,0,15,3,0,2,1,1,0
0,0,0,1,0,0,0,0,14,0,0,2,0,1,0
0,0,0,0,0,0,0,0,19,0,0,2,0,1,0
0,0,0,0,0,0,0,0,14,0,0,2,1,1,0
0,0,0,2,0,0,0,0,17,0,0,2,1,1,0
0,0,0,0,0,0,0,0,21,0,0,2,0,1,0
0,0,0,2,0,0,0,0,11,0,0,2,1,1,0
0,0,0,1,0,0,0,0,25,0,0,2,1,1,0
0,0,0,2,0,0,0,0,15,0,0,2,1,1,0
0,0,0,2,0,0,0,0,27,1,0,2,1,1,0
0,0,0,1,0,0,0,0,13,0,0,1,1,0,0
0,0,0,2,0,0,0,0,16,0,0,3,0,2,0
0,0,0,2,0,0,0,0,17,0,0,2,1,1,0
0,0,0,2,0,0,0,0,17,0,0,2,1,1,0
0,0,0,3,0,0,0,0,14,0,0,2,0,1,0
0,0,0,1,0,0,0,0,12,0,0,1,1,0,0
0,0,0,2,0,0,1,0,15,0,0,2,1,1,0
0,0,0,3,0,0,0,0,10,2,0,2,1,1,0
0,0,0,1,0,0,0,0,16,5,0,2,1,1,0
0,0,0,2,0,0,0,0,16,0,0,2,1,1,0
0,0,0,0,0,0,0,0,15,0,0,2,1,1,0
0,0,0,1,0,0,0,0,19,0,0,2,1,1,0
0,0,0,0,0,0,0,0,23,0,0,2,1,1,0
0,0,0,1,0,0,0,0,22,0,0,2,1,1,0
0,0,0,1,0,0,0,0,12,0,0,2,1,1,0
0,0,0,2,0,0,0,0,18,0,0,2,1,1,0
0,0,0,2,0,0,0,0,17,0,0,2,1,1,0
0,0,0,3,0,0,0,0,14,0,0,2,1,1,0
0,0,0,1,0,0,0,0,12,0,0,2,1,1,0
0,0,0,2,0,0,0,0,19,2,0,2,1,1,0
0,0,0,2,0,0,0,0,18,0,0,3,0,2,0
0,0,0,2,0,0,0,0,19,0,0,2,1,1,0
0,0,0,3,0,0,0,0,16,0,0,2,1,1,0
0,0,0,3,0,0,0,1,20,0,1,2,1,1,0
0,0,0,2,0,0,0,0,12,0,0,2,1,1,0
0,0,0,2,0,0,0,0,16,0,0,2,1,1,0
0,0,0,1,0,0,0,0,23,0,0,2,1,1,0
0,0,0,1,0,0,0,0,18,0,0,2,1,1,0
0,0,0,2,0,0,0,0,16,0,0,2,0,1,0
0,0,0,2,0,0,0,0,19,0,0,2,0,1,0
0,0,0,0,0,0,0,0,13,0,0,2,1,1,0
0,0,0,2,0,0,0,1,18,0,1,2,1,1,0
0,0,0,3,0,0,0,0,23,0,0,2,1,1,0
0,0,0,1,0,0,0,1,26,0,2,2,1,1,0
0,0,0,2,0,0,1,1,15,0,1,1,1,0,0
0,0,0,1,0,0,0,0,25,0,0,2,1,1,0
0,0,0,2,0,0,0,0,16,0,0,2,1,1,0
0,0,0,0,0,0,0,1,21,0,1,2,1,1,0
0,0,0,2,0,0,0,0,25,0,0,2,1,1,0
0,0,0,0,0,0,1,0,20,0,0,2,1,1,0
0,0,0,2,0,0,0,0,21,0,0,2,0,1,0
0,0,0,1,0,0,0,0,11,0,0,2,1,1,0
0,0,0,2,0,0,0,0,18,0,0,2,1,1,0
0,0,0,2,0,0,0,0,18,0,0,2,1,1,0
0,0,0,2,0,0,0,0,9,0,0,1,0,0,0
0,0,0,2,0,0,0,0,16,0,0,2,0,1,0
0,0,0,1,0,0,0,0,15,0,0,2,1,1,0
0,0,0,2,0,0,1,0,17,0,0,2,1,1,0
0,0,0,1,0,0,0,0,14,0,0,2,0,1,0
0,0,0,2,0,0,0,0,16,0,0,2,1,1,0
0,0,0,2,0,0,0,0,21,0,0,2,1,1,0
0,0,0,1,0,0,0,0,12,0,0,2,0,1,0
0,0,0,0,0,0,0,0,14,0,0,2,1,1,0
0,0,0,2,0,0,0,0,15,0,0,2,1,1,0
0,0,0,2,0,0,0,0,18,0,0,2,1,1,0
0,0,0,2,0,0,0,0,16,5,0,2,0,1,0
0,0,0,1,0,0,1,0,16,0,0,2,1,1,0
0,0,0,2,0,0,0,0,9,0,0,2,0,1,0
0,0,0,0,0,0,0,0,23,0,0,2,1,1,0
0,0,0,2,0,0,0,0,16,0,0,2,0,1,0
0,0,0,1,0,0,0,0,10,0,0,2,0,1,0
0,0,0,0,0,0,0,0,12,0,0,2,1,1,0
0,0,0,0,0,0,0,0,10,1,0,1,1,0,0
0,0,1,2,0,0,0,0,28,0,0,2,1,1,0
0,0,0,3,0,0,0,0,15,0,0,2,1,1,0
0,0,1,3,0,0,0,1,25,0,1,2,0,1,0
0,0,0,2,0,0,0,1,16,0,1,2,0,1,0
0,0,0,2,0,0,0,0,19,0,0,2,1,1,0
0,0,0,0,0,0,0,0,15,0,0,2,0,1,0
0,0,0,2,0,0,0,0,20,0,0,2,1,1,0
0,0,0,1,0,0,1,0,13,0,0,1,1,0,0
0,0,0,0,0,0,0,0,18,0,0,2,0,1,0
0,0,0,3,0,0,0,0,18,0,0,2,1,1,0
0,0,0,2,0,0,0,0,15,0,0,2,0,1,0
0,0,0,0,0,0,0,0,13,0,0,2,0,1,0
0,0,0,1,0,0,0,0,14,0,0,2,1,1,0
0,0,0,2,0,0,0,0,23,0,0,2,1,1,0
0,0,0,1,0,0,0,0,11,0,0,2,0,1,0
0,0,1,3,0,0,0,0,25,0,0,2,1,1,0
0,0,0,1,0,0,0,0,14,0,0,2,0,1,0
0,0,0,2,0,0,0,0,12,0,0,2,0,1,0
0,0,0,1,0,0,0,0,11,0,0,2,0,1,0
0,0,0,2,0,0,0,0,12,0,0,2,0,1,0
0,0,0,2,0,0,0,0,19,0,0,2,1,1,0
0,0,0,1,0,0,0,0,20,0,0,2,1,1,0
0,0,0,2,0,0,0,0,15,0,0,2,1,1,0
0,0,0,2,0,0,0,0,20,0,0,2,1,1,0
0,0,0,2,0,0,0,0,20,0,0,2,1,1,0
0,0,0,2,0,0,0,0,18,0,0,2,1,1,0
0,0,0,2,0,0,0,0,18,0,0,2,1,1,0
0,0,0,1,0,0,0,0,12,0,0,1,1,0,0
0,0,0,2,0,0,0,0,12,0,0,2,0,1,0
0,0,0,0,0,0,0,0,18,0,0,2,1,1,0
0,0,0,2,0,0,0,0,12,0,0,2,1,1,0
0,0,0,2,0,0,0,0,15,0,0,2,1,1,0
0,0,0,1,0,0,0,0,16,1,0,2,1,1,0
0,0,0,2,0,0,0,0,20,0,0,2,0,1,0
0,0,0,2,0,0,0,0,18,0,0,3,0,2,0
0,0,0,1,0,0,0,0,23,8,0,2,0,1,0
0,0,0,1,0,0,0,0,19,0,0,2,1,1,0
0,0,0,2,0,0,0,0,13,0,0,2,0,1,0
0,0,0,3,0,0,0,0,14,0,0,2,0,1,0
0,0,0,1,0,0,0,0,19,0,0,2,1,1,0
0,0,0,1,0,0,0,0,15,0,0,1,1,0,0
0,0,0,1,0,0,0,0,17,0,0,2,0,1,0
0,0,0,2,0,0,0,0,16,0,0,2,1,1,0
0,0,0,1,0,0,0,0,9,0,0,1,0,0,0
0,0,0,2,0,0,0,0,20,0,0,2,1,1,0
0,0,0,3,0,0,0,0,14,0,0,2,0,1,0
0,0,0,2,0,0,0,0,16,0,0,2,1,1,0
0,0,0,2,0,0,0,0,22,0,0,3,0,2,0
0,0,0,2,0,0,0,0,21,0,0,2,1,1,0
0,0,0,2,0,0,0,0,16,1,0,2,1,1,0
0,0,0,2,0,0,0,0,13,0,0,2,0,1,0
0,0,0,2,0,0,0,0,15,0,0,2,1,1,0
0,0,0,2,0,0,0,0,21,0,0,2,1,1,0
0,0,0,1,0,0,0,0,16,0,0,2,1,1,0
0,0,0,3,0,0,0,0,18,0,0,2,0,1,0
0,0,0,0,0,0,0,0,23,0,0,1,1,0,0
0,0,0,1,0,0,0,0,21,0,0,2,1,1,0
0,0,0,1,0,0,0,0,20,0,0,2,1,1,0
0,0,0,1,0,0,0,0,12,0,0,2,1,1,0
0,0,0,2,0,0,0,0,17,1,0,2,1,1,0
0,0,0,1,0,0,0,0,13,0,0,2,1,1,0
0,0,0,2,0,0,0,0,27,0,0,2,1,1,0
0,0,0,2,0,0,0,0,14,0,0,2,1,1,0
0,0,0,2,0,0,0,0,5,0,0,1,0,0,0
0,0,0,1,0,0,0,0,12,2,0,2,1,1,0
0,0,0,0,0,0,0,0,23,0,0,2,1,1,0
0,0,0,0,0,0,0,0,18,2,0,2,1,1,0
0,0,0,2,0,0,0,0,18,0,0,2,1,1,0
0,0,0,1,0,0,0,0,13,0,0,2,1,1,0
0,0,0,2,0,0,0,0,12,0,0,2,0,1,0
0,0,0,0,0,0,0,0,17,0,0,2,1,1,0
0,0,0,2,0,0,0,0,8,0,0,1,1,0,0
0,0,0,2,0,0,0,0,17,0,0,2,1,1,0
0,0,0,1,0,0,0,0,16,0,0,2,1,1,0
0,0,0,1,0,0,0,0,14,1,0,2,1,1,0
0,0,0,1,0,0,0,0,13,0,0,2,1,1,0
0,0,0,1,0,0,0,0,14,0,0,2,1,1,0
0,0,0,2,0,0,0,0,12,0,0,1,0,0,0
0,0,0,2,0,0,0,0,16,0,0,2,1,1,0
0,0,0,0,0,0,0,0,14,0,0,2,1,1,0
0,0,0,0,0,0,0,0,19,0,0,2,1,1,0
0,0,0,2,0,0,0,0,17,0,0,2,1,1,0
0,0,0,0,0,0,0,1,27,0,1,2,1,1,0
0,0,0,1,0,0,0,0,13,0,0,2,1,1,0
0,0,0,2,0,0,0,0,15,0,0,2,1,1,0
0,0,0,2,0,0,0,0,15,0,0,2,1,1,0
0,0,0,0,0,0,0,0,15,0,0,2,0,1,0
0,0,0,0,0,0,0,0,14,0,0,3,0,2,0
0,0,0,0,0,0,0,0,30,0,0,2,1,1,0
0,0,0,2,0,0,0,0,14,0,0,2,1,1,0
0,0,0,2,0,0,0,0,14,0,0,3,0,2,0
0,0,0,2,0,0,0,0,16,0,0,2,1,1,0
0,0,0,0,0,0,0,0,13,0,0,2,1,1,0
0,0,0,2,0,0,0,0,17,0,0,2,1,1,0
0,0,0,2,0,0,0,0,13,0,0,2,1,1,0
0,0,0,1,0,0,0,0,13,0,0,2,0,1,0
0,0,0,0,0,0,0,0,11,0,0,2,1,1,0
0,0,0,3,0,0,0,0,20,0,0,2,1,1,0
0,0,0,2,0,0,0,0,14,0,0,3,0,2,0
0,0,0,2,0,0,0,0,15,0,0,2,0,1,0
0,0,0,2,0,0,0,1,16,1,1,2,1,1,0
0,0,0,1,0,0,0,0,10,0,0,1,1,0,0
0,0,0,2,0,0,0,0,11,0,0,2,0,1,0
0,0,0,2,0,0,0,0,17,0,0,3,0,2,0
0,0,0,2,0,0,0,0,16,0,0,2,1,1,0
0,0,0,2,0,0,0,0,25,0,0,2,1,1,0
0,0,0,1,0,0,0,0,20,0,0,2,1,1,0
0,0,0,1,0,0,0,0,17,0,0,2,1,1,0
0,0,0,1,0,0,0,0,17,0,0,2,1,1,0
0,0,0,1,0,0,1,0,25,0,0,2,1,1,0
0,0,0,2,0,0,0,0,14,0,0,3,0,2,0
0,0,0,2,0,0,0,0,17,0,0,2,1,1,0
0,0,0,1,0,0,0,0,16,0,0,2,0,1,0
0,0,0,0,0,0,0,0,12,2,0,2,0,1,0
0,0,1,2,0,0,0,0,29,0,0,2,1,1,0
0,0,0,2,0,0,0,0,19,0,0,2,0,1,0
0,0,0,1,0,0,0,0,19,0,0,2,1,1,0
0,0,0,3,0,0,0,0,13,0,0,2,0,1,0
0,0,0,0,0,0,0,0,16,0,0,2,1,1,0
0,0,0,2,0,0,0,0,20,0,0,2,1,1,0
0,0,0,1,0,0,0,0,14,0,0,2,0,1,0
0,0,0,0,0,0,0,0,13,0,0,2,1,1,0
0,0,0,1,0,0,0,0,20,0,0,2,1,1,0
0,0,0,2,0,0,0,0,20,0,0,2,1,1,0
0,0,0,2,0,0,0,0,17,0,0,2,1,1,0
0,0,0,2,0,0,0,1,17,0,1,2,0,1,0
0,0,0,1,0,0,0,0,17,0,0,2,1,1,0
0,0,0,1,0,0,0,0,16,0,0,2,1,1,0
0,0,0,1,0,0,0,0,16,1,0,3,0,2,0
0,0,0,1,0,0,0,1,23,0,1,2,0,1,0
0,0,0,3,0,0,0,0,14,0,0,2,1,1,0
0,0,0,1,0,0,0,0,20,0,0,2,1,1,0
0,0,0,1,0,0,0,0,12,0,0,2,1,1,0
0,0,0,2,0,0,1,0,17,0,0,2,1,1,0
0,0,0,2,0,0,0,0,19,0,0,2,1,1,0
0,0,0,1,0,0,0,0,14,0,0,2,1,1,0
0,0,0,1,0,0,0,0,23,0,0,2,1,1,0
0,0,0,1,0,0,0,0,18,0,0,2,0,1,0
0,0,0,1,0,0,0,0,28,0,0,2,1,1,0
0,0,0,2,0,0,0,0,20,0,0,2,1,1,0
0,0,0,2,0,0,0,0,20,0,0,2,1,1,0
0,0,0,1,0,0,0,0,24,0,0,2,1,1,0
0,0,0,2,0,0,0,0,16,0,0,2,0,1,0
0,0,0,3,0,0,0,0,16,1,0,2,1,1,0
0,0,0,3,0,0,1,0,12,0,0,1,1,0,0
0,0,0,3,0,0,0,0,14,0,0,1,1,0,0
0,0,0,1,0,0,0,0,16,0,0,2,1,1,0
0,0,0,1,0,0,0,0,15,0,0,2,0,1,0
0,0,0,1,0,0,0,0,12,0,0,1,1,0,0
0,0,0,1,0,0,0,0,11,0,0,2,0,1,0
0,0,0,2,0,0,0,0,24,0,0,2,1,1,0
0,0,0,2,0,0,0,0,15,0,0,2,0,1,0
0,0,0,3,0,0,0,0,11,0,0,2,0,1,0
0,0,0,2,0,0,0,0,19,0,0,2,1,1,0
0,0,0,1,0,0,0,0,13,1,0,2,1,1,0
0,0,0,2,0,0,0,0,10,0,0,2,1,1,0
0,0,0,2,0,0,0,0,20,0,0,2,0,1,0
0,0,0,0,0,0,0,0,19,0,0,2,1,1,0
0,0,0,1,0,0,0,0,17,0,0,2,0,1,0
0,0,0,2,0,0,0,0,15,0,0,2,1,1,0
0,0,0,2,0,0,1,0,24,0,0,2,1,1,0
0,0,0,0,0,0,0,1,20,0,1,2,0,1,0
0,0,0,2,0,0,0,0,15,0,0,2,1,1,0
0,0,0,1,0,0,0,0,17,1,0,2,1,1,0
0,0,0,2,0,0,0,0,17,0,0,2,1,1,0
0,0,0,0,0,0,0,0,16,0,0,2,0,1,0
0,0,0,0,0,0,0,0,16,0,0,2,1,1,0
0,0,0,1,0,0,0,0,23,0,0,2,1,1,0
0,0,0,2,0,0,0,0,12,0,0,2,1,1,0
0,0,0,1,0,0,0,0,21,0,0,2,1,1,0
0,0,0,2,0,0,0,0,14,0,0,2,1,1,0
0,0,0,0,0,0,0,0,16,0,0,2,0,1,0
0,0,0,3,0,0,0,0,20,0,0,2,1,1,0
0,0,0,1,0,0,0,0,18,0,0,3,1,2,0
0,0,0,1,0,0,0,0,10,0,0,2,1,1,0
0,0,0,1,0,0,0,0,16,0,0,3,0,2,0
0,0,0,0,0,0,0,0,11,1,0,2,0,1,0
0,0,0,1,0,0,0,0,11,0,0,2,0,1,0
0,0,0,2,0,0,0,0,22,0,0,2,1,1,0
0,0,0,1,0,0,0,1,17,1,1,2,0,1,0
0,0,0,2,0,0,0,0,21,0,0,2,1,1,0
0,0,0,0,0,0,0,0,15,0,0,2,0,1,0
0,0,0,0,0,0,0,0,17,0,0,2,1,1,0
0,0,0,2,0,0,0,0,17,0,0,2,1,1,0
0,0,0,1,0,0,0,0,21,0,0,2,1,1,0
0,0,0,2,0,0,0,0,13,0,0,3,0,2,0
0,0,0,1,0,0,0,1,20,0,1,2,1,1,0
0,0,0,2,0,0,0,0,28,0,0,2,1,1,0
0,0,0,1,0,0,0,0,26,0,0,2,1,1,0
0,0,0,1,0,0,0,1,19,0,1,2,1,1,0
0,0,0,0,0,0,0,0,11,0,0,2,0,1,0
0,0,0,0,0,0,0,0,18,0,0,2,1,1,0
0,0,0,3,0,0,0,0,19,0,0,2,1,1,0
0,0,0,2,0,0,0,0,15,0,0,2,1,1,0
0,0,0,2,0,0,0,0,8,0,0,1,0,0,0
0,0,0,2,0,0,0,0,12,0,0,2,0,1,0
0,0,0,0,0,0,0,0,19,0,0,2,1,1,0
0,0,0,3,0,0,1,0,18,0,0,2,1,1,0
0,0,0,2,0,0,0,0,6,0,0,1,1,0,0
0,0,0,2,0,0,0,1,17,0,1,2,1,1,0
0,0,0,1,0,0,0,0,12,0,0,2,0,1,0
0,0,0,2,0,0,0,0,19,0,0,2,1,1,0
0,0,0,0,0,0,0,1,17,0,1,3,0,2,0
0,0,0,0,0,0,0,0,13,0,0,2,1,1,0
0,0,0,0,0,0,0,0,16,0,0,2,1,1,0
0,0,0,1,0,0,0,0,14,0,0,2,0,1,0
0,0,0,0,0,0,0,0,20,0,0,2,1,1,0
0,0,0,2,0,0,0,0,15,0,0,3,0,2,0
0,0,0,1,0,0,0,0,18,0,0,3,0,2,0
0,0,0,3,0,0,0,0,19,0,0,2,1,1,0
0,0,0,2,0,0,0,0,16,0,0,2,0,1,0
0,0,0,1,0,0,0,0,17,0,0,2,0,1,0
0,0,0,0,0,0,0,0,17,0,0,2,1,1,0
0,0,0,2,0,0,0,0,13,3,0,2,1,1,0
0,0,0,2,0,0,0,0,19,0,0,2,1,1,0
0,0,0,3,0,0,0,0,18,0,0,2,1,1,0
0,0,0,3,0,0,0,1,15,0,1,1,0,0,0
0,0,0,1,0,0,0,0,23,0,0,2,1,1,0
0,0,0,2,0,0,0,0,6,0,0,1,0,0,0
0,0,0,0,0,0,0,0,17,0,0,2,1,1,0
0,0,0,1,0,0,0,0,13,0,0,1,1,0,0
0,0,0,3,0,0,0,0,19,0,0,2,0,1,0
0,0,0,1,0,0,0,0,14,0,0,2,1,1,0
0,0,0,2,0,0,0,0,14,0,0,2,1,1,0
0,0,0,2,0,0,0,0,18,0,0,2,0,1,0
0,0,0,1,0,0,0,0,20,0,0,2,0,1,0
0,0,0,2,0,0,0,0,18,0,0,2,1,1,0
0,0,0,1,0,0,0,0,15,0,0,2,1,1,0
0,0,0,1,0,0,0,0,15,0,0,2,1,1,0
0,0,0,1,0,0,0,1,22,0,3,2,0,1,0
0,0,0,0,0,0,0,0,13,0,0,2,0,1,0
0,0,0,2,0,0,0,0,13,0,0,1,1,0,0
0,0,0,0,0,0,0,0,17,0,0,2,1,1,0
0,0,0,2,0,0,0,0,11,0,0,2,0,1,0
0,0,0,0,0,0,0,1,23,0,1,2,0,1,0
0,0,0,2,0,0,0,0,21,0,0,2,1,1,0
0,0,0,1,0,0,0,0,12,0,0,2,1,1,0
0,0,0,1,0,0,0,0,11,0,0,2,1,1,0
0,0,0,3,0,0,0,0,15,0,0,2,1,1,0
0,0,0,1,0,0,0,0,18,0,0,2,0,1,0
0,0,0,2,0,0,0,0,12,0,0,2,1,1,0
0,0,0,1,0,0,0,0,15,0,0,1,1,0,0
0,0,0,0,0,0,0,0,18,0,0,2,0,1,0
0,0,0,0,0,0,0,0,19,0,0,2,1,1,0
0,0,0,1,0,0,0,0,28,0,0,3,0,2,0
0,0,0,0,0,0,0,0,17,0,0,2,1,1,0
0,0,0,2,0,0,0,0,15,0,0,2,1,1,0
0,0,0,1,0,0,0,0,12,0,0,2,1,1,0
0,0,0,3,0,0,0,0,20,0,0,2,1,1,0
0,0,0,0,0,0,0,0,16,0,0,2,0,1,0
0,0,0,1,0,0,0,0,15,0,0,2,0,1,0
0,0,0,2,0,0,0,0,15,0,0,2,1,1,0
0,0,0,0,0,0,0,0,12,0,0,2,0,1,0
0,0,0,1,0,0,0,0,13,0,0,2,1,1,0
0,0,0,2,0,0,0,0,18,0,0,2,1,1,0
0,0,0,2,0,0,0,0,14,0,0,2,1,1,0
0,0,1,3,0,0,0,0,27,0,0,2,1,1,0
0,0,0,1,0,0,0,0,15,0,0,2,1,1,0
0,0,0,2,0,0,0,0,19,0,0,2,1,1,0
0,0,0,2,0,0,1,0,19,0,0,2,1,1,0
0,0,0,2,0,0,0,0,17,0,0,2,0,1,0
0,0,0,2,0,0,0,0,13,0,0,2,0,1,0
0,0,0,0,0,0,0,0,12,0,0,1,1,0,0
0,0,0,3,0,0,0,0,18,0,0,2,1,1,0
0,0,0,0,0,0,0,0,17,0,0,2,1,1,0
0,0,0,2,0,0,0,0,17,3,0,2,1,1,0
0,0,0,0,0,0,1,0,14,0,0,2,1,1,0
0,0,0,1,0,0,0,0,15,0,0,2,1,1,0
0,0,0,0,0,0,0,0,19,0,0,3,0,2,0
0,0,0,2,0,0,0,0,12,0,0,2,1,1,0
0,0,0,1,0,0,0,0,9,0,0,1,1,0,0
0,0,0,0,0,0,0,0,18,2,0,2,1,1,0
0,0,0,1,0,0,0,0,24,0,0,2,1,1,0
0,0,0,2,0,0,0,0,16,0,0,3,0,2,0
0,0,0,1,0,0,0,0,6,0,0,1,0,0,0
0,0,0,1,0,0,0,0,14,3,0,2,1,1,0
0,0,0,2,0,0,1,0,17,0,0,2,1,1,0
0,0,0,0,0,0,0,0,11,0,0,1,1,0,0
0,0,0,1,0,0,0,0,15,0,0,2,0,1,0
0,0,0,2,0,0,0,0,16,0,0,2,1,1,0
0,0,0,3,0,0,0,0,17,0,0,2,1,1,0
0,0,0,3,0,0,0,0,12,4,0,2,1,1,0
0,0,0,1,0,0,1,0,17,0,0,2,1,1,0
0,0,0,1,0,0,0,0,19,0,0,2,1,1,0
0,0,0,2,0,0,0,0,14,1,0,2,1,1,0
0,0,0,1,0,0,0,0,15,0,0,3,0,2,0
0,0,0,2,0,0,0,0,9,0,0,1,1,0,0
0,0,0,1,0,0,0,0,14,0,0,2,1,1,0
0,0,0,2,0,0,0,0,18,0,0,2,0,1,0
0,0,0,2,0,0,0,0,14,0,0,2,0,1,0
0,0,0,0,0,0,0,0,17,0,0,2,0,1,0
0,0,0,2,0,0,0,0,14,0,0,1,1,0,0
0,0,0,2,0,0,0,0,6,2,0,1,0,0,0
0,0,0,1,0,0,0,0,13,0,0,1,1,0,0
0,0,0,0,0,0,0,0,12,0,0,2,0,1,0
0,0,0,3,0,0,0,0,18,0,0,2,0,1,0
0,0,0,2,0,0,0,0,11,0,0,2,0,1,0
0,0,0,1,0,0,0,0,13,0,0,2,0,1,0
0,0,0,0,0,0,0,0,15,0,0,2,1,1,0
0,0,0,1,0,0,0,0,22,0,0,2,1,1,0
0,0,0,3,0,0,0,0,14,0,0,3,0,2,0
0,0,0,0,0,0,0,0,16,0,0,2,1,1,0
0,0,0,2,0,0,0,0,12,0,0,2,0,1,0
0,0,0,2,0,0,0,0,18,0,0,2,1,1,0
0,0,0,1,0,0,0,0,13,0,0,2,0,1,0
0,0,0,0,0,0,0,0,15,0,0,2,1,1,0
0,0,0,2,0,0,0,0,22,0,0,3,0,2,0
0,0,0,1,0,0,0,0,15,0,0,2,0,1,0
0,0,0,2,0,0,0,0,17,0,0,2,1,1,0
0,0,0,2,0,0,0,0,24,0,0,2,0,1,0
0,0,0,0,0,0,0,0,19,0,0,2,1,1,0
0,0,0,2,0,0,0,0,18,0,0,2,1,1,0
0,0,0,1,0,0,0,0,13,1,0,2,1,1,0
0,0,0,1,0,0,0,0,20,3,0,2,1,1,0
0,0,0,1,0,0,0,0,24,0,0,3,1,2,0
0,0,0,1,0,0,1,0,20,0,0,3,0,2,0
0,0,0,0,0,0,0,0,15,0,0,2,1,1,0
0,0,0,1,0,0,0,0,14,0,0,2,1,1,0
0,0,0,0,0,0,0,0,14,0,0,2,1,1,0
0,0,0,1,0,0,0,0,16,0,0,2,1,1,0
0,0,0,1,0,0,0,0,17,0,0,2,1,1,0
0,0,0,2,0,0,0,0,18,0,0,2,1,1,0
0,0,0,2,0,0,0,0,16,0,0,2,0,1,0
0,0,0,2,0,0,0,0,12,0,0,2,1,1,0
0,0,0,1,0,0,0,0,14,0,0,3,0,2,0
0,0,0,2,0,0,0,0,17,2,0,2,1,1,0
0,0,0,2,0,0,0,0,16,0,0,2,0,1,0
0,0,0,2,0,0,0,0,11,0,0,2,1,1,0
0,0,0,3,0,0,0,0,16,0,0,1,1,0,0
0,0,0,1,0,0,0,0,10,0,0,1,1,0,0
0,0,0,0,0,0,0,0,21,0,0,2,1,1,0
0,0,0,0,0,0,0,0,16,0,0,2,1,1,0
0,0,0,1,0,0,0,0,14,0,0,2,1,1,0
0,0,0,2,0,0,0,0,12,0,0,2,0,1,0
0,0,0,2,0,0,0,0,5,0,0,1,0,0,0
0,0,0,2,0,0,0,0,13,0,0,2,0,1,0
0,0,0,1,0,0,0,0,18,0,0,2,1,1,0
0,0,0,3,0,0,0,0,13,0,0,2,1,1,0
0,0,0,1,0,0,0,0,17,0,0,2,1,1,0
0,0,0,2,0,0,0,0,13,0,0,2,0,1,0
0,0,0,2,0,0,0,0,20,0,0,3,0,2,0
0,0,0,0,0,0,0,0,16,0,0,2,1,1,0
0,0,0,2,0,0,0,0,13,0,0,2,0,1,0
0,0,0,2,0,0,0,0,15,0,0,2,0,1,0
0,0,0,1,0,0,1,0,16,0,0,2,1,1,0
0,0,0,2,0,0,0,0,18,0,0,2,1,1,0
0,0,0,2,0,0,0,0,19,0,0,2,1,1,0
0,0,0,2,0,0,0,0,19,0,0,2,1,1,0
0,0,0,1,0,0,0,0,11,0,0,2,1,1,0
0,0,0,2,0,0,0,0,11,0,0,2,1,1,0
0,0,0,0,0,0,0,0,16,0,0,2,1,1,0
0,0,0,1,0,0,1,0,21,0,0,2,1,1,0
0,0,0,1,0,0,1,0,13,0,0,2,1,1,0
0,0,0,0,0,0,0,0,20,0,0,2,1,1,0
0,0,0,2,0,0,0,0,16,0,0,2,0,1,0
0,0,0,1,0,0,0,0,15,0,0,2,1,1,0
0,0,0,1,0,0,0,0,24,0,0,2,1,1,0
0,0,0,3,0,0,0,0,24,0,0,2,1,1,0
0,0,0,0,0,0,0,1,18,1,1,2,0,1,0
0,0,0,1,0,0,1,0,19,0,0,2,1,1,0
0,0,0,2,0,0,0,0,17,0,0,2,1,1,0
0,0,0,1,0,0,0,0,13,0,0,2,1,1,0
0,0,0,0,0,0,0,0,11,0,0,2,0,1,0
0,0,0,2,0,0,0,0,15,0,0,2,1,1,0
0,0,0,2,0,0,1,0,19,1,0,2,1,1,0
0,0,0,2,0,0,0,0,19,0,0,2,1,1,0
0,0,0,2,0,0,0,0,18,0,0,2,1,1,0
0,0,0,2,0,0,0,0,13,0,0,1,1,0,0
0,0,0,2,0,0,0,0,25,0,0,2,1,1,0
0,0,0,2,0,0,0,0,13,0,0,3,0,2,0
0,0,0,2,0,0,0,0,17,0,0,2,0,1,0
0,0,0,0,0,0,0,0,11,0,0,2,1,1,0
0,0,0,2,0,0,0,0,14,1,0,2,1,1,0
0,0,0,1,0,0,0,0,13,0,0,2,1,1,0
0,0,0,2,0,0,0,0,34,0,0,3,1,2,0
0,0,0,1,0,0,0,0,17,0,0,2,1,1,0
0,0,0,0,0,0,0,0,17,0,0,2,1,1,0
0,0,0,1,0,0,0,0,17,0,0,2,1,1,0
0,0,0,2,0,0,0,0,21,0,0,3,0,2,0
0,0,0,2,0,0,0,0,18,0,0,2,1,1,0
0,0,0,2,0,0,0,0,14,0,0,2,0,1,0
0,0,0,1,0,0,0,0,15,0,0,2,0,1,0
0,0,0,0,0,0,1,0,17,0,0,1,1,0,0
0,0,0,2,0,0,0,0,20,0,0,2,1,1,0
0,0,0,1,0,0,0,0,12,0,0,2,1,1,0
0,0,0,2,0,0,0,0,15,0,0,2,1,1,0
0,0,0,0,0,0,0,0,13,0,0,2,1,1,0
0,0,0,1,0,0,0,0,12,0,0,2,1,1,0
0,0,0,2,0,0,0,1,18,0,1,2,1,1,0
0,0,0,1,0,0,0,0,21,0,0,2,1,1,0
0,0,0,1,0,0,0,0,20,0,0,2,1,1,0
0,0,0,3,0,0,0,0,13,2,0,2,1,1,0
0,0,0,1,0,0,0,0,16,0,0,2,1,1,0
0,0,0,2,0,0,0,0,14,0,0,2,1,1,0
0,0,0,1,0,0,0,0,16,0,0,3,0,2,0
0,0,0,1,0,0,0,0,13,0,0,2,1,1,0
0,0,0,0,0,0,0,0,20,0,0,4,0,3,0
0,0,0,1,0,0,0,0,18,0,0,2,1,1,0
0,0,0,2,0,0,0,0,11,0,0,2,1,1,0
0,0,0,1,0,0,0,0,12,0,0,2,1,1,0
0,0,0,0,0,0,1,0,21,0,0,3,0,2,0
0,0,0,2,0,0,0,0,16,0,0,2,1,1,0
0,0,0,2,0,0,0,0,14,1,0,2,1,1,0
0,0,0,2,0,0,0,0,21,0,0,2,1,1,0
0,0,0,1,0,0,0,0,17,0,0,3,0,2,0
0,0,0,1,0,0,0,0,18,0,0,2,0,1,0
0,0,0,2,0,0,0,0,14,0,0,2,1,1,0
0,0,0,2,0,0,0,0,21,0,0,2,1,1,0
0,0,0,0,0,0,0,1,22,0,2,2,1,1,0
0,0,0,1,0,0,0,0,16,0,0,2,1,1,0
0,0,0,3,0,0,1,0,10,0,0,1,1,0,0
0,0,0,0,0,0,0,0,15,0,0,3,0,2,0
0,0,0,3,0,0,0,0,21,0,0,2,1,1,0
0,0,0,1,0,0,0,0,17,0,0,2,1,1,0
0,0,0,1,0,0,1,0,20,0,0,2,1,1,0
0,0,0,2,0,0,0,1,17,0,1,2,1,1,0
0,0,0,0,0,0,0,0,15,0,0,2,1,1,0
0,0,0,2,0,0,0,0,15,0,0,2,1,1,0
0,0,0,1,0,0,0,0,17,0,0,2,1,1,0
0,0,0,3,0,0,0,0,18,2,0,2,1,1,0
0,0,0,0,0,0,0,0,15,0,0,2,1,1,0
0,0,0,1,0,0,0,0,19,0,0,2,0,1,0
0,0,0,1,0,0,0,0,12,0,0,2,0,1,0
0,0,0,2,0,0,0,0,17,0,0,2,1,1,0
0,0,0,1,0,0,0,0,14,0,0,2,0,1,0
0,0,0,0,0,0,0,0,23,0,0,2,1,1,0
0,0,0,0,0,0,1,0,11,0,0,1,1,0,0
0,0,0,1,0,0,0,0,14,0,0,3,0,2,0
0,0,0,2,0,0,0,0,19,0,0,3,0,2,0
0,0,0,2,0,0,0,0,14,0,0,3,0,2,0
0,0,0,1,0,0,0,0,19,0,0,3,0,2,0
0,0,0,2,0,0,1,0,25,0,0,2,1,1,0
0,0,0,2,0,0,0,0,11,0,0,2,0,1,0
0,0,0,3,0,0,0,0,21,0,0,3,0,2,0
0,0,0,2,0,0,0,0,11,0,0,2,0,1,0
0,0,0,0,0,0,0,0,14,0,0,2,1,1,0
0,0,0,0,0,0,0,0,20,0,0,3,1,2,0
0,0,0,0,0,0,0,0,17,2,0,2,1,1,0
0,0,0,0,0,0,0,0,15,0,0,2,1,1,0
0,0,0,1,0,0,0,0,23,0,0,2,1,1,0
0,0,0,2,0,0,0,0,19,0,0,2,0,1,0
0,0,0,3,0,0,0,0,20,0,0,3,0,2,0
0,0,0,0,0,0,0,0,18,0,0,2,1,1,0
0,0,0,2,0,0,0,0,18,0,0,2,1,1,0
0,0,0,2,0,0,0,0,17,0,0,2,1,1,0
0,0,0,0,0,0,0,0,17,0,0,3,0,2,0
0,0,0,3,0,0,0,0,12,0,0,2,1,1,0
0,0,0,1,0,0,0,0,12,0,0,1,1,0,0
0,0,0,1,0,0,0,0,13,0,0,2,1,1,0
0,0,0,2,0,0,0,0,12,0,0,1,1,0,0
0,0,0,1,0,0,0,0,13,2,0,2,0,1,0
0,0,0,0,0,0,0,0,13,2,0,2,1,1,0
0,0,0,1,0,0,0,0,18,0,0,2,1,1,0
0,0,0,2,0,0,0,1,22,0,1,2,0,1,0
0,0,0,1,0,0,0,0,21,0,0,2,1,1,0
0,0,0,2,0,0,0,0,21,0,0,2,0,1,0
0,0,0,2,0,0,0,0,15,2,0,1,1,0,0
0,0,0,1,0,0,0,1,19,0,1,2,0,1,0
0,0,0,1,0,0,0,0,15,1,0,2,1,1,0
0,0,0,2,0,0,0,0,12,0,0,2,1,1,0
0,0,0,3,0,0,0,0,18,0,0,2,1,1,0
0,0,0,1,0,0,0,0,20,0,0,2,1,1,0
0,0,0,0,0,0,0,1,23,0,1,2,1,1,0
0,0,0,2,0,0,0,0,21,0,0,2,1,1,0
0,0,0,2,0,0,0,0,20,0,0,3,0,2,0
0,0,0,2,0,0,0,0,13,0,0,2,1,1,0
0,0,0,0,0,0,0,0,14,0,0,2,1,1,0
0,0,0,3,0,0,0,0,17,0,0,2,1,1,0
0,0,0,2,0,0,0,0,25,0,0,3,0,2,0
0,0,0,1,0,0,0,0,18,0,0,2,1,1,0
0,0,0,1,0,0,0,0,19,0,0,2,1,1,0
0,0,0,2,0,0,0,0,15,0,0,2,1,1,0
0,0,0,2,0,0,0,0,16,0,0,2,1,1,0
0,0,0,2,0,0,0,0,11,0,0,2,0,1,0
0,0,0,1,0,0,0,0,20,0,0,2,1,1,0
0,0,0,0,0,0,0,0,20,0,0,2,0,1,0
0,0,0,1,0,0,1,0,19,0,0,2,1,1,0
0,0,0,1,0,0,0,0,21,0,0,2,1,1,0
0,0,0,2,0,0,0,1,22,0,1,2,1,1,0
0,0,0,2,0,0,0,0,17,0,0,2,1,1,0
0,0,0,1,0,0,0,0,25,0,0,3,0,2,0
0,0,0,2,0,0,0,0,19,0,0,3,0,2,0
0,0,0,1,0,0,0,0,18,0,0,2,1,1,0
0,0,0,0,0,0,0,0,15,0,0,2,0,1,0
0,0,0,3,0,0,0,0,11,0,0,2,0,1,0
0,0,0,1,0,0,0,0,16,0,0,2,1,1,0
0,0,0,2,0,0,0,0,16,0,0,2,1,1,0
0,0,0,3,0,0,0,0,19,2,0,2,0,1,0
0,0,0,3,0,0,0,0,13,0,0,2,0,1,0
0,0,0,1,0,0,0,0,13,0,0,2,0,1,0
0,0,0,2,0,0,0,0,19,0,0,2,1,1,0
0,0,0,2,0,0,0,0,21,0,0,2,1,1,0
0,0,0,2,0,0,0,0,15,0,0,2,1,1,0
0,0,0,1,0,0,0,0,15,0,0,1,1,0,0
0,0,0,1,0,0,0,0,11,0,0,2,0,1,0
0,0,0,0,0,0,0,0,16,0,0,2,1,1,0
0,0,0,1,0,0,0,0,14,0,0,2,1,1,0
0,0,0,1,0,0,1,0,17,0,0,2,1,1,0
0,0,0,2,0,0,0,0,12,0,0,2,1,1,0
0,0,0,1,0,0,1,0,19,0,0,3,0,2,0
0,0,0,1,0,0,1,0,15,0,0,1,1,0,0
0,0,0,0,0,0,0,0,14,0,0,2,1,1,0
0,0,0,2,0,0,0,0,23,0,0,2,1,1,0
0,0,0,3,0,0,0,0,12,0,0,2,0,1,0
0,0,0,2,0,0,0,0,21,0,0,2,0,1,0
0,0,0,1,0,0,0,0,24,0,0,2,1,1,0
0,0,0,1,0,0,0,0,14,0,0,3,0,2,0
0,0,0,2,0,0,0,0,13,0,0,2,0,1,0
0,0,0,2,0,0,0,0,20,0,0,2,1,1,0
0,0,0,1,0,0,0,0,19,0,0,2,1,1,0
0,0,0,1,0,0,0,0,17,5,0,2,1,1,0
0,0,0,2,0,0,0,0,15,0,0,2,0,1,0
0,0,0,1,0,0,1,0,20,0,0,2,1,1,0
0,0,0,2,0,0,0,0,18,0,0,2,1,1,0
0,0,0,0,0,0,0,0,17,3,0,2,1,1,0
0,0,0,2,0,0,0,0,10,0,0,2,0,1,0
0,0,0,2,0,0,0,0,17,0,0,3,0,2,0
0,0,0,1,0,0,0,0,23,0,0,3,1,2,0
0,0,0,2,0,0,0,0,19,0,0,2,1,1,0
0,0,0,2,0,0,0,0,16,2,0,3,0,2,0
0,0,0,0,0,0,0,0,19,0,0,2,1,1,0
0,0,0,1,0,0,0,0,28,0,0,2,1,1,0
0,0,0,2,0,0,0,0,16,2,0,2,0,1,0
0,0,0,2,0,0,0,0,16,0,0,2,0,1,0
0,0,0,2,0,0,0,0,14,0,0,2,1,1,0
0,0,0,2,0,0,0,0,9,0,0,1,1,0,0
0,0,0,2,0,0,0,0,16,0,0,2,0,1,0
0,0,0,2,0,0,0,0,26,0,0,2,1,1,0
0,0,0,0,0,0,0,0,15,0,0,2,1,1,0
0,0,0,0,0,0,0,0,15,4,0,2,1,1,0
0,0,0,2,0,0,0,0,15,0,0,2,1,1,0
0,0,0,0,0,0,0,0,17,0,0,2,1,1,0
0,0,0,2,0,0,0,0,20,0,0,2,1,1,0
0,0,0,0,0,0,0,0,21,0,0,2,1,1,0
0,0,0,0,0,0,0,0,16,1,0,2,1,1,0
0,0,0,2,0,0,0,0,27,0,0,3,0,2,0
0,0,0,0,0,0,0,0,16,0,0,2,1,1,0
0,0,0,2,0,0,1,0,16,0,0,2,1,1,0
0,0,0,1,0,0,0,0,13,0,0,2,0,1,0
0,0,0,1,0,0,0,0,13,2,0,2,0,1,0
0,0,0,1,0,0,1,0,19,0,0,2,1,1,0
0,0,0,1,0,0,0,0,11,0,0,2,0,1,0
0,0,0,1,0,0,0,0,29,0,0,3,0,2,0
0,0,0,2,0,0,0,0,16,1,0,2,1,1,0
0,0,0,1,0,0,1,0,19,0,0,2,1,1,0
0,0,0,2,0,0,0,0,12,0,0,2,1,1,0
0,0,0,0,0,0,0,0,23,0,0,2,1,1,0
0,0,0,0,0,0,0,0,22,0,0,2,0,1,0
0,0,0,2,0,0,0,0,22,0,0,2,1,1,0
0,0,0,0,0,0,1,0,14,0,0,2,1,1,0
0,0,0,0,0,0,0,0,17,0,0,2,1,1,0
0,0,0,3,0,0,0,0,15,0,0,2,1,1,0
0,0,0,1,0,0,0,0,20,0,0,2,1,1,0
0,0,0,2,0,0,0,0,15,0,0,2,1,1,0
0,0,0,1,0,0,0,0,20,0,0,2,1,1,0
0,0,0,2,0,0,0,0,7,0,0,1,0,0,0
0,0,0,2,0,0,0,0,20,0,0,3,1,2,0
0,0,0,0,0,0,0,0,14,0,0,2,1,1,0
0,0,0,2,0,0,0,0,15,0,0,2,1,1,0
0,0,0,3,0,0,0,0,16,0,0,2,1,1,0
0,0,0,2,0,0,0,0,16,0,0,3,0,2,0
0,0,0,2,0,0,0,0,21,0,0,2,1,1,0
0,0,0,0,0,0,0,0,10,0,0,2,0,1,0
0,0,0,2,0,0,0,0,15,0,0,2,0,1,0
0,0,0,3,0,0,0,0,13,0,0,2,1,1,0
0,0,0,2,0,0,0,0,16,0,0,2,1,1,0
0,0,0,1,0,0,0,0,15,2,0,2,1,1,0
0,0,0,3,0,0,0,0,21,0,0,2,1,1,0
0,0,0,1,0,0,0,0,14,0,0,2,0,1,0
0,0,0,0,0,0,0,1,22,0,1,2,1,1,0
0,0,0,2,0,0,0,0,21,0,0,2,1,1,0
0,0,0,2,0,0,0,0,15,0,0,2,0,1,0
0,0,0,0,0,0,0,0,16,0,0,2,1,1,0
0,0,0,0,0,0,0,0,15,0,0,2,0,1,0
0,0,0,0,0,0,0,0,18,0,0,2,0,1,0
0,0,0,0,0,0,0,0,19,0,0,2,1,1,0
0,0,0,0,0,0,0,0,20,0,0,2,1,1,0
0,0,0,0,0,0,0,0,14,0,0,2,1,1,0
0,0,0,2,0,0,0,0,12,0,0,1,1,0,0
0,0,0,1,0,0,0,0,18,0,0,2,1,1,0
0,0,0,2,0,0,0,0,12,0,0,1,1,0,0
0,0,0,2,0,0,0,0,18,0,0,2,1,1,0
0,0,0,1,0,0,0,0,17,0,0,2,1,1,0
0,0,0,2,0,0,0,0,9,0,0,2,0,1,0
0,0,0,1,0,0,0,0,12,0,0,2,0,1,0
0,0,0,1,0,0,1,0,19,0,0,2,1,1,0
0,0,0,0,0,0,0,0,20,0,0,3,0,2,0
0,0,0,2,0,0,0,0,13,1,0,2,1,1,0
0,0,0,2,0,0,0,0,19,0,0,2,1,1,0
0,0,0,2,0,0,0,0,19,0,0,2,1,1,0
0,0,0,2,0,0,0,0,20,0,0,3,0,2,0
0,0,0,2,0,0,0,0,16,1,0,2,1,1,0
0,0,0,2,0,0,0,0,11,0,0,1,1,0,0
0,0,0,2,0,0,0,0,16,0,0,1,1,0,0
0,0,0,1,0,0,0,1,14,0,1,2,0,1,0
0,0,0,0,0,0,1,0,13,0,0,2,1,1,0
0,0,0,1,0,0,0,0,23,0,0,2,1,1,0
0,0,0,2,0,0,0,0,14,0,0,2,1,1,0
0,0,0,0,0,0,0,0,17,0,0,2,1,1,0
0,0,0,1,0,0,0,0,12,0,0,2,0,1,0
0,0,0,1,0,0,0,0,11,3,0,2,1,1,0
0,0,0,2,0,0,0,0,14,0,0,2,1,1,0
0,0,0,2,0,0,0,0,15,0,0,2,1,1,0
0,0,0,2,0,0,0,0,17,0,0,2,1,1,0
0,0,0,2,0,0,0,0,14,0,0,2,1,1,0
0,0,0,2,0,0,0,0,17,0,0,2,1,1,0
0,0,0,2,0,0,0,1,23,0,1,2,1,1,0
0,0,0,1,0,0,0,0,13,0,0,2,1,1,0
0,0,0,1,0,0,0,0,21,3,0,2,1,1,0
0,0,0,0,0,0,0,0,18,0,0,2,1,1,0
0,0,0,0,0,0,0,0,20,0,0,2,0,1,0
0,0,0,2,0,0,0,0,16,0,0,2,0,1,0
0,0,0,2,0,0,0,0,15,0,0,2,0,1,0
0,0,0,2,0,0,0,1,24,0,1,2,0,1,0
0,0,0,2,0,0,0,0,20,0,0,2,1,1,0
0,0,0,2,0,0,0,0,19,0,0,2,1,1,0
0,0,0,3,0,0,0,0,22,0,0,2,1,1,0
0,0,0,1,0,0,0,1,15,0,1,2,1,1,0
0,0,0,2,0,0,0,0,14,3,0,2,0,1,0
0,0,0,2,0,0,0,0,19,0,0,2,1,1,0
0,0,0,1,0,0,0,0,17,0,0,2,1,1,0
0,0,0,3,0,0,0,0,15,0,0,2,0,1,0
0,0,0,3,0,0,0,0,14,0,0,2,1,1,0
0,0,0,2,0,0,0,0,14,0,0,2,1,1,0
0,0,0,2,0,0,0,0,11,0,0,1,1,0,0
0,0,0,2,0,0,0,0,17,0,0,2,0,1,0
0,0,0,2,0,0,0,0,24,0,0,3,0,2,0
0,0,0,3,0,0,0,0,16,0,0,2,1,1,0
0,0,0,2,0,0,0,0,18,0,0,2,1,1,0
0,0,0,0,0,0,0,0,17,0,0,2,1,1,0
0,0,0,0,0,0,0,0,11,0,0,2,1,1,0
0,0,0,0,0,0,0,0,17,0,0,2,1,1,0
0,0,0,2,0,0,0,0,18,0,0,2,1,1,0
0,0,0,2,0,0,0,0,21,0,0,2,1,1,0
0,0,0,2,0,0,0,0,16,2,0,2,1,1,0
0,0,0,2,0,0,0,0,13,0,0,1,1,0,0
0,0,0,0,0,0,0,0,12,0,0,1,1,0,0
0,0,0,3,0,0,0,0,20,0,0,2,1,1,0
0,0,0,2,0,0,0,0,14,0,0,2,1,1,0
0,0,0,0,0,0,0,0,18,0,0,3,0,2,0
0,0,0,2,0,0,0,0,15,0,0,2,1,1,0
0,0,0,1,0,0,0,0,22,0,0,2,1,1,0
0,0,0,2,0,0,0,0,23,0,0,2,1,1,0
0,0,0,1,0,0,0,0,6,0,0,1,0,0,0
0,0,0,2,0,0,0,0,17,0,0,2,1,1,0
0,0,0,1,0,0,0,0,20,0,0,2,1,1,0
0,0,0,0,0,0,0,0,20,0,0,2,1,1,0
0,0,0,2,0,0,0,1,17,0,1,2,1,1,0
0,0,0,2,0,0,0,1,18,0,1,2,1,1,0
0,0,0,0,0,0,0,0,10,0,0,2,0,1,0
0,0,0,3,0,0,0,0,15,0,0,1,1,0,0
0,0,0,0,0,0,0,0,15,0,0,2,1,1,0
0,0,0,0,0,0,0,0,15,0,0,2,1,1,0
0,0,0,2,0,0,1,1,16,0,1,2,1,1,0
0,0,0,3,0,0,0,0,17,0,0,2,1,1,0
0,0,0,2,0,0,0,0,11,0,0,2,1,1,0
0,0,0,0,0,0,0,0,21,0,0,2,1,1,0
0,0,0,1,0,0,0,0,15,4,0,2,1,1,0
0,0,0,1,0,0,0,0,19,0,0,2,1,1,0
0,0,0,1,0,0,1,0,14,0,0,2,1,1,0
0,0,0,2,0,0,0,0,20,0,0,3,0,2,0
0,0,0,1,0,0,0,0,12,0,0,2,1,1,0
0,0,0,3,0,0,0,0,18,0,0,2,1,1,0
0,0,0,3,0,0,0,0,22,0,0,1,1,0,0
0,0,0,3,0,0,0,0,19,0,0,2,1,1,0
0,0,0,1,0,0,0,0,15,0,0,2,1,1,0
0,0,0,1,0,0,0,0,18,0,0,2,1,1,0
0,0,0,0,0,0,0,0,14,2,0,2,1,1,0
0,0,0,0,0,0,0,0,19,0,0,2,1,1,0
0,0,0,1,0,0,0,0,16,0,0,2,1,1,0
0,0,0,0,0,0,0,0,23,0,0,2,1,1,0
0,0,0,0,0,0,0,0,19,0,0,2,1,1,0
0,0,0,2,0,0,0,0,13,2,0,2,0,1,0
0,0,0,1,0,0,0,0,13,0,0,2,1,1,0
0,0,0,2,0,0,0,1,22,0,1,2,1,1,0
0,0,0,1,0,0,0,0,18,0,0,2,1,1,0
0,0,0,1,0,0,0,0,16,0,0,2,1,1,0
0,0,0,1,0,0,0,0,19,0,0,2,1,1,0
0,0,0,2,0,0,0,0,20,0,0,2,0,1,0
0,0,0,0,0,0,0,0,15,2,0,2,1,1,0
0,0,0,3,0,0,0,0,12,0,0,2,1,1,0
0,0,0,0,0,0,0,0,22,0,0,2,1,1,0
0,0,0,2,0,0,0,0,11,0,0,2,0,1,0
0,0,0,1,0,0,0,0,9,0,0,2,0,1,0
0,0,0,0,0,0,0,0,16,3,0,2,1,1,0
0,0,0,2,0,0,0,0,16,0,0,3,0,2,0
0,0,0,0,0,0,0,0,12,0,0,2,1,1,0
0,0,0,0,0,0,0,0,20,0,0,2,1,1,0
0,0,0,1,0,0,0,0,11,0,0,2,0,1,0
0,0,0,0,0,0,0,0,16,0,0,2,0,1,0
0,0,0,3,0,0,0,0,10,0,0,2,0,1,0
0,0,0,2,0,0,0,0,19,0,0,2,1,1,0
0,0,0,1,0,0,0,0,13,0,0,2,1,1,0
0,0,0,2,0,0,0,0,19,0,0,2,1,1,0
0,0,0,2,0,0,0,0,11,0,0,1,1,0,0
0,0,0,1,0,0,1,0,20,0,0,2,1,1,0
0,0,0,0,0,0,0,0,17,0,0,2,1,1,0
0,0,0,0,0,0,0,0,16,0,0,2,1,1,0
0,0,0,2,0,0,0,0,17,0,0,2,1,1,0
0,0,0,1,0,0,0,0,14,0,0,3,0,2,0
0,0,0,2,0,0,0,0,18,0,0,2,0,1,0
0,0,0,0,0,0,0,1,16,0,1,2,0,1,0
0,0,0,3,0,0,0,0,19,0,0,2,1,1,0
0,0,0,1,0,0,0,0,13,0,0,2,0,1,0
0,0,0,0,0,0,0,0,15,0,0,2,1,1,0
0,0,0,1,0,0,0,0,11,0,0,2,1,1,0
0,0,0,2,0,0,0,1,17,0,1,2,1,1,0
0,0,0,0,0,0,0,0,24,2,0,2,1,1,0
0,0,0,0,0,0,0,0,17,0,0,2,1,1,0
0,0,0,2,0,0,0,0,10,0,0,2,0,1,0
0,0,0,1,0,0,0,0,18,0,0,2,1,1,0
0,0,0,1,0,0,0,0,19,0,0,2,1,1,0
0,0,1,2,0,0,0,0,29,0,0,2,1,1,0
0,0,0,0,0,0,0,0,22,0,0,2,1,1,0
0,0,0,0,0,0,0,0,23,0,0,2,1,1,0
0,0,0,2,0,0,0,0,16,0,0,2,1,1,0
0,0,0,0,0,0,0,0,18,0,0,2,0,1,0
0,0,0,1,0,0,0,0,11,0,0,2,1,1,0
0,0,0,2,0,0,0,0,27,0,0,2,1,1,0
0,0,0,1,0,0,0,0,6,0,0,1,0,0,0
0,0,0,1,0,0,0,0,13,0,0,2,1,1,0
0,0,0,3,0,0,0,0,11,2,0,1,1,0,0
0,0,0,2,0,0,0,0,5,0,0,1,0,0,0
0,0,0,3,0,0,0,0,11,0,0,1,0,0,0
0,0,0,0,0,0,1,0,16,1,0,2,1,1,0
0,0,0,0,0,0,0,0,11,0,0,2,0,1,0
0,0,0,2,0,0,0,0,18,0,0,2,0,1,0
0,0,0,0,0,0,0,0,30,0,0,2,1,1,0
0,0,0,2,0,0,0,0,18,0,0,2,1,1,0
0,0,0,1,0,0,0,0,17,0,0,2,1,1,0
0,0,0,3,0,0,0,0,18,0,0,2,1,1,0
0,0,0,1,0,0,0,0,13,0,0,2,0,1,0
0,0,0,2,0,0,0,0,17,0,0,2,1,1,0
0,0,0,2,0,0,0,0,24,1,0,3,1,2,0
0,0,0,2,0,0,0,0,14,0,0,2,0,1,0
0,0,0,2,0,0,1,0,12,2,0,2,1,1,0
0,0,0,2,0,0,0,0,14,0,0,3,0,2,0
0,0,0,1,0,0,0,0,19,0,0,2,1,1,0
0,0,0,1,0,0,0,0,13,0,0,2,1,1,0
0,0,0,1,0,0,0,0,18,0,0,2,1,1,0
0,0,0,2,0,0,0,0,11,0,0,2,0,1,0
0,0,0,3,0,0,0,0,13,0,0,1,0,0,0
0,0,0,1,0,0,0,0,15,0,0,2,1,1,0
0,0,0,2,0,0,0,0,11,0,0,1,1,0,0
0,0,0,2,0,0,0,0,15,0,0,2,0,1,0
0,0,0,3,0,0,0,0,12,0,0,2,0,1,0
0,0,0,2,0,0,0,0,15,0,0,2,1,1,0
0,0,0,3,0,0,0,0,15,0,0,2,0,1,0
0,0,0,3,0,0,0,0,16,0,0,3,0,2,0
0,0,0,2,0,0,0,0,14,4,0,2,1,1,0
0,0,0,3,0,0,0,0,21,0,0,2,1,1,0
0,0,0,2,0,0,0,0,15,0,0,2,1,1,0
0,0,0,2,0,0,0,0,17,0,0,2,1,1,0
0,0,0,1,0,0,0,0,10,0,0,2,0,1,0
0,0,0,1,0,0,0,0,17,0,0,2,1,1,0
0,0,0,1,0,0,0,0,16,0,0,2,1,1,0
0,0,0,2,0,0,0,0,12,0,0,2,0,1,0
0,0,0,2,0,0,0,0,14,0,0,2,0,1,0
0,0,0,2,0,0,0,0,23,0,0,2,1,1,0
0,0,0,3,0,0,0,0,16,0,0,2,0,1,0
0,0,0,1,0,0,1,0,25,0,0,2,1,1,0
0,0,0,3,0,0,0,0,12,0,0,3,0,2,0
0,0,0,2,0,0,0,0,16,0,0,2,1,1,0
0,0,0,2,0,0,0,0,18,0,0,2,1,1,0
0,0,0,1,0,0,1,0,18,0,0,2,1,1,0
0,0,0,3,0,0,0,0,17,0,0,2,1,1,0
0,0,0,1,0,0,0,0,6,0,0,1,0,0,0
0,0,0,2,0,0,0,0,12,0,0,2,1,1,0
0,0,0,1,0,0,0,0,27,0,0,3,0,2,0
0,0,0,2,0,0,0,0,23,0,0,2,0,1,0
0,0,0,1,0,0,0,0,14,0,0,2,1,1,0
0,0,0,0,0,0,0,0,17,0,0,2,1,1,0
0,0,0,3,0,0,0,0,17,0,0,2,1,1,0
0,0,0,1,0,0,0,0,17,0,0,2,1,1,0
0,0,0,2,0,0,0,0,24,0,0,2,1,1,0
0,0,1,3,0,0,0,1,34,0,2,2,1,1,0
0,0,0,1,0,0,0,0,13,0,0,2,0,1,0
0,0,0,3,0,0,0,0,15,0,0,2,1,1,0
0,0,0,2,0,0,0,0,18,0,0,3,0,2,0
0,0,0,1,0,0,0,0,18,0,0,2,1,1,0
0,0,0,2,0,0,0,0,18,0,0,2,1,1,0
0,0,0,2,0,0,1,0,16,0,0,2,1,1,0
0,0,0,0,0,0,0,0,22,0,0,2,1,1,0
0,0,0,0,0,0,0,0,15,0,0,2,0,1,0
0,0,0,0,0,0,0,0,13,0,0,2,1,1,0
0,0,0,0,0,0,0,0,11,0,0,1,1,0,0
0,0,0,0,0,0,0,0,27,0,0,2,1,1,0
0,0,0,2,0,0,1,0,14,0,0,2,0,1,0
0,0,0,1,0,0,0,0,14,0,0,2,1,1,0
0,0,0,1,0,0,0,0,19,0,0,2,1,1,0
0,0,0,2,0,0,0,0,17,0,0,2,1,1,0
0,0,0,2,0,0,0,0,13,0,0,2,1,1,0
0,0,0,2,0,0,0,0,14,1,0,2,0,1,0
0,0,0,2,0,0,0,0,20,0,0,2,1,1,0
0,0,0,1,0,0,0,0,18,0,0,2,1,1,0
0,0,0,0,0,0,1,0,17,0,0,2,1,1,0
0,0,0,1,0,0,0,0,24,0,0,2,1,1,0
0,0,0,1,0,0,0,1,28,0,1,3,1,2,0
0,0,0,0,0,0,0,0,20,0,0,2,1,1,0
0,0,0,2,0,0,0,0,20,0,0,2,1,1,0
0,0,0,1,0,0,0,0,25,0,0,2,1,1,0
0,0,0,2,0,0,0,0,14,0,0,2,0,1,0
0,0,0,1,0,0,0,0,16,0,0,2,1,1,0
0,0,0,0,0,0,0,0,25,0,0,2,1,1,0
0,0,0,2,0,0,0,0,10,0,0,2,0,1,0
0,0,0,0,0,0,0,0,20,0,0,2,1,1,0
0,0,0,3,0,0,0,0,13,0,0,2,0,1,0
0,0,0,3,0,0,0,0,21,0,0,2,1,1,0
0,0,0,1,0,0,0,0,19,0,0,2,1,1,0
0,0,0,2,0,0,0,0,8,0,0,1,0,0,0
0,0,0,2,0,0,0,0,22,0,0,2,1,1,0
0,0,0,2,0,0,0,0,16,0,0,3,0,2,0
0,0,0,2,0,0,0,0,13,0,0,2,1,1,0
0,0,0,2,0,0,0,0,13,0,0,1,1,0,0
0,0,0,2,0,0,0,0,16,0,0,2,1,1,0
0,0,0,0,0,0,0,0,20,0,0,2,1,1,0
0,0,0,0,0,0,0,0,15,0,0,2,0,1,0
0,0,0,1,0,0,0,0,19,0,0,2,1,1,0
0,0,0,1,0,0,0,0,17,3,0,2,1,1,0
0,0,0,1,0,0,0,0,24,0,0,3,0,2,0
0,0,0,1,0,0,0,0,17,0,0,3,0,2,0
0,0,0,1,0,0,0,0,29,0,0,2,1,1,0
0,0,0,2,0,0,0,0,15,0,0,2,1,1,0
0,0,0,2,0,0,1,0,18,2,0,2,1,1,0
0,0,0,2,0,0,0,0,7,0,0,1,1,0,0
0,0,0,3,0,0,0,0,16,0,0,2,1,1,0
0,0,0,2,0,0,0,0,9,0,0,2,0,1,0
0,0,0,1,0,0,0,0,19,0,0,2,0,1,0
0,0,0,1,0,0,0,0,18,0,0,2,1,1,0
0,0,0,0,0,0,0,1,25,0,1,2,0,1,0
0,0,0,2,0,0,0,0,15,0,0,2,0,1,0
0,0,0,0,0,0,0,0,14,0,0,2,1,1,0
0,0,0,1,0,0,0,0,12,0,0,2,0,1,0
0,0,0,2,0,0,0,0,21,0,0,2,1,1,0
0,0,0,2,0,0,0,0,17,0,0,3,0,2,0
0,0,0,1,0,0,0,0,18,0,0,1,1,0,0
0,0,0,0,0,0,0,0,18,0,0,2,1,1,0
0,0,1,2,0,0,1,0,29,0,0,3,0,2,0
0,0,0,1,0,0,0,0,10,0,0,1,0,0,0
0,0,0,0,0,0,0,0,15,3,0,2,1,1,0
0,0,0,0,0,0,0,0,20,0,0,2,1,1,0
0,0,0,3,0,0,0,1,21,0,1,2,0,1,0
0,0,0,2,0,0,0,0,13,0,0,2,0,1,0
0,0,0,3,0,0,0,0,14,5,0,2,1,1,0
0,0,0,1,0,0,1,0,10,0,0,1,1,0,0
0,0,0,2,0,0,0,0,16,0,0,3,0,2,0
0,0,0,2,0,0,0,0,24,0,0,2,1,1,0
0,0,0,3,0,0,0,0,21,0,0,2,1,1,0
0,0,0,1,0,0,0,0,17,0,0,2,0,1,0
0,0,0,1,0,0,0,0,22,0,0,2,1,1,0
0,0,0,1,0,0,0,0,14,0,0,2,0,1,0
0,0,0,1,0,0,0,0,16,0,0,2,0,1,0
0,0,0,0,0,0,0,0,16,0,0,2,1,1,0
0,0,0,0,0,0,0,0,15,0,0,2,1,1,0
0,0,0,2,0,0,0,0,22,0,0,2,1,1,0
0,0,0,0,0,0,0,0,29,0,0,2,1,1,0
0,0,0,0,0,0,1,0,19,0,0,3,1,2,0
0,0,0,0,0,0,0,0,18,0,0,2,1,1,0
0,0,0,2,0,0,0,0,18,0,0,3,0,2,0
0,0,0,1,0,0,0,0,13,0,0,2,0,1,0
0,0,0,1,0,0,0,0,15,0,0,3,0,2,0
0,0,0,0,0,0,0,0,19,0,0,2,1,1,0
0,0,0,0,0,0,0,0,14,0,0,1,1,0,0
0,0,0,2,0,0,0,0,18,0,0,2,1,1,0
0,0,0,1,0,0,0,0,19,0,0,2,1,1,0
0,0,0,2,0,0,0,0,16,0,0,2,1,1,0
0,0,0,0,0,0,0,0,16,0,0,2,1,1,0
0,0,0,0,0,0,0,0,14,0,0,2,1,1,0
0,0,0,1,0,0,0,0,17,1,0,1,0,0,0
0,0,0,0,0,0,0,0,15,0,0,3,0,2,0
0,0,0,0,0,0,1,0,16,0,0,2,1,1,0
0,0,0,0,0,0,0,0,16,0,0,2,1,1,0
0,0,0,1,0,0,0,0,19,0,0,2,1,1,0
0,0,0,0,0,0,0,0,25,0,0,2,1,1,0
0,0,0,3,0,0,0,0,22,3,0,2,1,1,0
0,0,0,2,0,0,0,0,15,0,0,2,0,1,0
0,0,0,2,0,0,0,0,14,0,0,2,0,1,0
0,0,0,2,0,0,0,0,10,0,0,2,0,1,0
0,0,0,1,0,0,0,0,13,0,0,2,0,1,0
0,0,0,1,0,0,0,0,18,0,0,2,1,1,0
0,0,0,0,0,0,0,0,15,0,0,2,1,1,0
0,0,0,1,0,0,0,0,15,0,0,2,0,1,0
0,0,0,0,0,0,0,0,17,0,0,2,1,1,0
0,0,0,1,0,0,0,0,11,0,0,2,0,1,0
0,0,0,1,0,0,0,1,22,0,1,2,1,1,0
0,0,0,2,0,0,0,0,17,0,0,2,1,1,0
0,0,0,1,0,0,0,0,25,0,0,2,1,1,0
0,0,0,0,0,0,0,0,17,0,0,2,1,1,0
0,0,0,1,0,0,0,0,12,0,0,2,1,1,0
0,0,0,1,0,0,0,0,23,0,0,3,0,2,0
0,0,0,3,0,0,0,0,16,0,0,2,1,1,0
0,0,0,1,0,0,0,0,18,0,0,2,1,1,0
0,0,0,3,0,0,0,0,18,0,0,2,1,1,0
0,0,0,1,0,0,0,1,24,0,1,2,1,1,0
0,0,0,3,0,0,0,0,23,0,0,3,1,2,0
0,0,0,2,0,0,0,0,14,0,0,2,1,1,0
0,0,0,2,0,0,0,0,18,0,0,2,1,1,0
0,0,0,1,0,0,0,0,10,0,0,1,0,0,0
0,0,0,1,0,0,0,0,15,1,0,2,1,1,0
0,0,0,0,0,0,0,0,13,1,0,2,1,1,0
0,0,0,2,0,0,0,0,17,0,0,2,1,1,0
0,0,0,0,0,0,0,0,20,0,0,2,1,1,0
0,0,0,3,0,0,0,0,21,0,0,3,0,2,0
0,0,0,2,0,0,0,0,10,0,0,2,0,1,0
0,0,0,0,0,0,1,0,18,0,0,1,1,0,0
0,0,0,2,0,0,0,0,20,0,0,2,1,1,0
0,0,0,2,0,0,0,0,17,0,0,2,0,1,0
0,0,0,2,0,0,0,0,17,0,0,2,0,1,0
0,0,0,2,0,0,0,0,20,0,0,2,1,1,0
0,0,0,2,0,0,0,0,14,0,0,2,1,1,0
0,0,0,2,0,0,0,0,23,0,0,3,0,2,0
0,0,0,1,0,0,0,0,18,0,0,2,1,1,0
0,0,0,2,0,0,0,0,21,0,0,2,1,1,0
0,0,0,1,0,0,0,0,16,1,0,2,1,1,0
0,0,0,2,0,0,0,0,20,0,0,2,1,1,0
0,0,0,0,0,0,0,0,13,0,0,2,0,1,0
0,0,0,3,0,0,0,0,23,0,0,2,1,1,0
0,0,0,2,0,0,0,0,21,0,0,2,1,1,0
0,0,0,3,0,0,0,0,20,0,0,2,0,1,0
0,0,0,2,0,0,0,0,28,0,0,2,1,1,0
0,0,0,1,0,0,0,0,23,0,0,2,0,1,0
0,0,0,3,0,0,1,0,17,0,0,2,1,1,0
0,0,0,0,0,0,0,0,21,0,0,2,1,1,0
0,0,0,2,0,0,0,1,14,0,1,2,1,1,0
0,0,0,1,0,0,0,0,18,0,0,2,1,1,0
0,0,0,2,0,0,0,0,15,0,0,2,1,1,0
0,0,0,3,0,0,0,0,15,0,0,1,1,0,0
0,0,0,1,0,0,0,0,15,0,0,2,0,1,0
0,0,0,1,0,0,1,0,12,0,0,2,1,1,0
0,0,0,0,0,0,0,0,15,0,0,2,0,1,0
0,0,0,3,0,0,0,0,8,0,0,1,0,0,0
0,0,0,1,0,0,0,0,19,0,0,2,1,1,0
0,0,0,2,0,0,0,0,19,0,0,2,1,1,0
0,0,0,0,0,0,0,0,13,0,0,2,1,1,0
0,0,0,3,0,0,0,0,12,0,0,2,1,1,0
0,0,0,1,0,0,0,0,19,0,0,2,0,1,0
0,0,0,1,0,0,0,0,17,0,0,2,0,1,0
0,0,0,1,0,0,0,0,17,0,0,2,1,1,0
0,0,0,2,0,0,0,0,19,0,0,2,1,1,0
0,0,0,3,0,0,0,0,16,0,0,2,1,1,0
0,0,0,1,0,0,0,0,18,0,0,2,1,1,0
0,0,0,0,0,0,0,0,14,1,0,2,1,1,0
0,0,0,0,0,0,0,0,23,0,0,3,0,2,0
0,0,0,2,0,0,0,0,19,0,0,2,1,1,0
0,0,0,2,0,0,0,0,17,0,0,2,1,1,0
0,0,0,1,0,0,0,0,18,0,0,3,0,2,0
0,0,0,2,0,0,1,0,14,0,0,2,1,1,0
0,0,0,1,0,0,0,0,19,0,0,2,1,1,0
0,0,0,2,0,0,0,0,22,0,0,2,1,1,0
0,0,0,1,0,0,0,0,10,0,0,1,1,0,0
0,0,0,2,0,0,0,0,16,0,0,2,0,1,0
0,0,0,2,0,0,0,0,15,1,0,2,0,1,0
0,0,0,2,0,0,0,0,14,4,0,2,1,1,0
0,0,0,2,0,0,0,0,15,0,0,2,0,1,0
0,0,0,2,0,0,0,0,16,0,0,2,1,1,0
0,0,0,2,0,0,0,0,17,0,0,2,1,1,0
